claim_line_id,payer_id,provider_id,service_date,allowed_amount,paid_amount
CLM-000000,PAY-03,PRV-0002,2025-07-06,4483.86,4489.04
CLM-000001,PAY-05,PRV-0065,2025-07-26,3626.61,4093.01
CLM-000002,PAY-03,PRV-0064,2025-08-10,4821.37,2842.36
CLM-000003,PAY-05,PRV-0062,2025-07-15,4903.95,708.85
CLM-000004,PAY-04,PRV-0049,2025-08-04,3765.7,217.7
CLM-000005,PAY-04,PRV-0025,2025-07-09,134.41,3599.02
CLM-000006,PAY-03,PRV-0056,2025-08-13,3182.31,21.59
CLM-000007,PAY-01,PRV-0066,2025-08-09,1794.66,417.77
CLM-000008,PAY-01,PRV-0069,2025-07-28,1905.97,2468.69
CLM-000009,PAY-04,PRV-0004,2025-08-10,4927.18,1196.18
CLM-000010,PAY-01,PRV-0072,2025-07-31,1694.11,1580.68
CLM-000011,PAY-02,PRV-0054,2025-08-10,349.31,3916.35
CLM-000012,PAY-03,PRV-0031,2025-07-10,3728.25,3714.91
CLM-000013,PAY-01,PRV-0067,2025-08-10,1954.43,1391.61
CLM-000014,PAY-03,PRV-0050,2025-08-11,1861.39,2416.44
CLM-000015,PAY-05,PRV-0016,2025-07-22,3159.2,3614.2
CLM-000016,PAY-04,PRV-0008,2025-07-25,3714.56,2057.24
CLM-000017,PAY-03,PRV-0058,2025-07-02,4359.25,3335.94
CLM-000018,PAY-04,PRV-0039,2025-08-12,2162.17,3488.97
CLM-000019,PAY-05,PRV-0042,2025-07-11,4360.83,2325.94
CLM-000020,PAY-03,PRV-0065,2025-07-09,550.74,3273.94
CLM-000021,PAY-05,PRV-0044,2025-07-15,491.5,4185.58
CLM-000022,PAY-02,PRV-0042,2025-07-16,1344.81,212.75
CLM-000023,PAY-01,PRV-0026,2025-08-02,2540.5,3416.36
CLM-000024,PAY-02,PRV-0035,2025-07-02,2836.18,401.25
CLM-000025,PAY-01,PRV-0044,2025-07-21,2786.04,617.93
CLM-000026,PAY-02,PRV-0062,2025-08-04,2476.67,1804.64
CLM-000027,PAY-03,PRV-0074,2025-07-02,4339.74,1545.54
CLM-000028,PAY-05,PRV-0017,2025-07-15,3060.46,46.7
CLM-000029,PAY-05,PRV-0064,2025-08-08,1736.67,2639.11
CLM-000030,PAY-01,PRV-0047,2025-08-14,4312.39,1641.05
CLM-000031,PAY-04,PRV-0041,2025-08-12,1812.59,3470.88
CLM-000032,PAY-02,PRV-0024,2025-07-22,1930.4,3631.28
CLM-000033,PAY-04,PRV-0065,2025-07-27,1349.43,4161.44
CLM-000034,PAY-04,PRV-0048,2025-08-05,373.72,1345.63
CLM-000035,PAY-05,PRV-0078,2025-07-17,1631.5,4250.11
CLM-000036,PAY-05,PRV-0050,2025-07-04,1513.62,2105.66
CLM-000037,PAY-02,PRV-0058,2025-07-21,1351.59,1987.71
CLM-000038,PAY-03,PRV-0032,2025-08-06,4745.48,2060.58
CLM-000039,PAY-03,PRV-0044,2025-08-06,4775.63,836.28
CLM-000040,PAY-04,PRV-0064,2025-07-02,3676.8,2158.4
CLM-000041,PAY-04,PRV-0070,2025-07-03,733.51,3919.69
CLM-000042,PAY-05,PRV-0005,2025-07-15,2333.13,4050.13
CLM-000043,PAY-03,PRV-0075,2025-08-08,4507.55,82.44
CLM-000044,PAY-02,PRV-0009,2025-07-25,4361.79,1297.21
CLM-000045,PAY-03,PRV-0055,2025-07-27,245.73,78.11
CLM-000046,PAY-02,PRV-0026,2025-08-13,261.71,2370.98
CLM-000047,PAY-02,PRV-0039,2025-08-03,2514.2,3945.66
CLM-000048,PAY-03,PRV-0068,2025-07-15,488.03,2003.35
CLM-000049,PAY-05,PRV-0036,2025-08-04,4042.65,2352.77
CLM-000050,PAY-04,PRV-0053,2025-07-05,3994.91,2029.53
CLM-000051,PAY-05,PRV-0056,2025-07-04,3815.63,1973.33
CLM-000052,PAY-02,PRV-0064,2025-07-23,698.77,4184.66
CLM-000053,PAY-01,PRV-0032,2025-07-16,4552.82,349.01
CLM-000054,PAY-01,PRV-0053,2025-07-02,3291.38,2470.24
CLM-000055,PAY-02,PRV-0056,2025-07-03,3503.16,4173.71
CLM-000056,PAY-01,PRV-0037,2025-07-20,3364.62,3701.65
CLM-000057,PAY-05,PRV-0004,2025-07-14,3750.86,3541.62
CLM-000058,PAY-02,PRV-0054,2025-07-30,1133.59,2987.65
CLM-000059,PAY-04,PRV-0072,2025-07-28,969.12,365.27
CLM-000060,PAY-01,PRV-0037,2025-08-01,721.94,3295.87
CLM-000061,PAY-02,PRV-0016,2025-07-07,2316.72,3882.44
CLM-000062,PAY-05,PRV-0003,2025-08-05,2241.81,1601.47
CLM-000063,PAY-02,PRV-0050,2025-07-24,4684.99,493.66
CLM-000064,PAY-05,PRV-0042,2025-07-07,3688.6,3516.69
CLM-000065,PAY-04,PRV-0024,2025-07-14,2111.38,3945.97
CLM-000066,PAY-01,PRV-0021,2025-07-09,3950.5,406.65
CLM-000067,PAY-01,PRV-0019,2025-07-03,1118.79,1947.32
CLM-000068,PAY-04,PRV-0008,2025-07-13,310.16,532.45
CLM-000069,PAY-01,PRV-0018,2025-08-14,3351.7,1628.02
CLM-000070,PAY-02,PRV-0031,2025-07-14,3930.33,1549.73
CLM-000071,PAY-01,PRV-0002,2025-07-10,1479.68,3017.81
CLM-000072,PAY-02,PRV-0008,2025-07-23,318.04,309.42
CLM-000073,PAY-03,PRV-0031,2025-07-16,651.82,3570.95
CLM-000074,PAY-05,PRV-0034,2025-08-08,4583.33,4394.76
CLM-000075,PAY-03,PRV-0048,2025-08-05,3141.66,3812.33
CLM-000076,PAY-05,PRV-0038,2025-07-03,1768.78,3112.24
CLM-000077,PAY-03,PRV-0065,2025-07-01,3801.49,2916.79
CLM-000078,PAY-04,PRV-0024,2025-07-06,3061.75,2012.34
CLM-000079,PAY-05,PRV-0069,2025-07-07,1017.67,2864.38
CLM-000080,PAY-02,PRV-0027,2025-07-05,3619.82,1934.62
CLM-000081,PAY-03,PRV-0071,2025-07-31,4916.0,751.83
CLM-000082,PAY-03,PRV-0004,2025-07-02,3828.93,4056.13
CLM-000083,PAY-02,PRV-0025,2025-08-13,1846.63,471.64
CLM-000084,PAY-01,PRV-0035,2025-08-08,632.64,4115.99
CLM-000085,PAY-01,PRV-0033,2025-07-24,1824.92,1149.28
CLM-000086,PAY-05,PRV-0034,2025-07-06,2611.51,2500.65
CLM-000087,PAY-05,PRV-0016,2025-07-08,4876.55,1497.46
CLM-000088,PAY-03,PRV-0057,2025-08-10,4785.03,43.97
CLM-000089,PAY-05,PRV-0013,2025-07-08,4663.51,1995.43
CLM-000090,PAY-03,PRV-0024,2025-07-25,4106.79,612.72
CLM-000091,PAY-04,PRV-0027,2025-07-01,1222.71,39.14
CLM-000092,PAY-02,PRV-0011,2025-07-27,898.02,1214.73
CLM-000093,PAY-04,PRV-0040,2025-07-11,352.65,126.75
CLM-000094,PAY-04,PRV-0035,2025-08-06,2855.06,2878.73
CLM-000095,PAY-02,PRV-0040,2025-08-04,1577.69,2472.37
CLM-000096,PAY-03,PRV-0003,2025-08-12,3337.94,1400.35
CLM-000097,PAY-04,PRV-0028,2025-07-13,2502.55,1913.79
CLM-000098,PAY-02,PRV-0007,2025-07-10,2762.9,4040.86
CLM-000099,PAY-04,PRV-0075,2025-07-05,4826.5,1815.22
CLM-000100,PAY-05,PRV-0047,2025-07-28,400.79,3742.58
CLM-000101,PAY-01,PRV-0057,2025-07-14,242.38,2416.5
CLM-000102,PAY-01,PRV-0027,2025-07-20,3385.78,719.71
CLM-000103,PAY-05,PRV-0013,2025-08-11,4891.57,247.41
CLM-000104,PAY-04,PRV-0079,2025-07-27,1940.15,2985.35
CLM-000105,PAY-04,PRV-0055,2025-08-11,3300.64,485.62
CLM-000106,PAY-02,PRV-0020,2025-07-03,3292.87,2904.97
CLM-000107,PAY-05,PRV-0039,2025-08-12,1843.01,1905.19
CLM-000108,PAY-03,PRV-0053,2025-07-17,4227.6,2410.13
CLM-000109,PAY-05,PRV-0012,2025-08-12,4956.9,4164.17
CLM-000110,PAY-05,PRV-0019,2025-08-07,2613.13,2693.73
CLM-000111,PAY-05,PRV-0013,2025-08-12,2286.61,2955.5
CLM-000112,PAY-05,PRV-0062,2025-08-10,176.37,1347.24
CLM-000113,PAY-03,PRV-0037,2025-07-30,4172.48,3440.9
CLM-000114,PAY-03,PRV-0026,2025-08-07,870.84,1699.53
CLM-000115,PAY-01,PRV-0063,2025-08-07,4017.07,3399.53
CLM-000116,PAY-02,PRV-0014,2025-08-12,4885.19,2788.85
CLM-000117,PAY-05,PRV-0050,2025-07-15,4877.25,2289.03
CLM-000118,PAY-04,PRV-0068,2025-07-07,3787.09,3960.61
CLM-000119,PAY-04,PRV-0043,2025-08-03,1597.06,2729.15
CLM-000120,PAY-03,PRV-0044,2025-07-27,3390.18,810.52
CLM-000121,PAY-01,PRV-0067,2025-07-07,3564.54,663.83
CLM-000122,PAY-02,PRV-0019,2025-07-03,4041.97,769.24
CLM-000123,PAY-04,PRV-0023,2025-08-13,3863.82,3965.84
CLM-000124,PAY-02,PRV-0063,2025-08-02,2515.66,43.48
CLM-000125,PAY-03,PRV-0045,2025-07-10,4936.14,2282.08
CLM-000126,PAY-02,PRV-0009,2025-07-29,2151.58,3821.98
CLM-000127,PAY-04,PRV-0041,2025-07-31,264.99,1943.62
CLM-000128,PAY-01,PRV-0042,2025-07-27,2233.75,84.82
CLM-000129,PAY-03,PRV-0047,2025-07-03,1621.97,1087.65
CLM-000130,PAY-05,PRV-0072,2025-08-14,2396.24,3463.52
CLM-000131,PAY-03,PRV-0030,2025-08-07,192.33,587.48
CLM-000132,PAY-02,PRV-0061,2025-07-29,2159.98,3773.91
CLM-000133,PAY-02,PRV-0035,2025-07-23,4773.78,1616.94
CLM-000134,PAY-01,PRV-0045,2025-07-20,1052.96,230.15
CLM-000135,PAY-02,PRV-0067,2025-08-05,79.96,2197.58
CLM-000136,PAY-04,PRV-0064,2025-07-27,348.65,864.19
CLM-000137,PAY-02,PRV-0043,2025-07-23,3498.97,3322.25
CLM-000138,PAY-04,PRV-0010,2025-07-08,1814.6,4223.28
CLM-000139,PAY-02,PRV-0033,2025-07-07,475.5,562.3
CLM-000140,PAY-02,PRV-0011,2025-07-12,4331.7,1911.69
CLM-000141,PAY-04,PRV-0056,2025-08-11,4749.14,3221.55
CLM-000142,PAY-01,PRV-0013,2025-07-27,4682.82,4261.18
CLM-000143,PAY-04,PRV-0043,2025-07-26,1857.87,302.72
CLM-000144,PAY-02,PRV-0016,2025-08-08,164.01,1775.43
CLM-000145,PAY-01,PRV-0027,2025-07-21,4025.24,1436.03
CLM-000146,PAY-02,PRV-0041,2025-07-19,3036.7,1635.93
CLM-000147,PAY-01,PRV-0079,2025-08-04,2370.41,717.62
CLM-000148,PAY-02,PRV-0061,2025-07-22,2803.82,3822.68
CLM-000149,PAY-02,PRV-0060,2025-07-11,2427.07,1502.07
CLM-000150,PAY-04,PRV-0060,2025-08-10,4043.24,1228.14
CLM-000151,PAY-01,PRV-0051,2025-07-19,4335.75,4425.09
CLM-000152,PAY-03,PRV-0049,2025-08-09,2844.16,2764.87
CLM-000153,PAY-02,PRV-0008,2025-07-09,830.23,1884.77
CLM-000154,PAY-04,PRV-0079,2025-08-02,1385.37,1073.08
CLM-000155,PAY-02,PRV-0067,2025-07-19,1210.1,3144.9
CLM-000156,PAY-05,PRV-0050,2025-07-06,2752.13,1669.76
CLM-000157,PAY-02,PRV-0022,2025-08-14,1741.13,2653.82
CLM-000158,PAY-03,PRV-0054,2025-07-09,797.78,2054.74
CLM-000159,PAY-02,PRV-0079,2025-08-09,4087.93,1349.23
CLM-000160,PAY-05,PRV-0007,2025-08-07,3758.29,1404.75
CLM-000161,PAY-05,PRV-0058,2025-07-13,157.97,729.91
CLM-000162,PAY-05,PRV-0021,2025-07-22,1649.16,470.53
CLM-000163,PAY-03,PRV-0028,2025-07-03,445.34,4109.29
CLM-000164,PAY-02,PRV-0013,2025-07-28,4906.02,2368.34
CLM-000165,PAY-02,PRV-0014,2025-08-08,2089.82,717.86
CLM-000166,PAY-03,PRV-0022,2025-08-13,2269.31,592.75
CLM-000167,PAY-04,PRV-0003,2025-07-24,3088.96,1412.89
CLM-000168,PAY-05,PRV-0021,2025-07-28,4574.7,663.82
CLM-000169,PAY-03,PRV-0057,2025-07-15,2543.68,4452.31
CLM-000170,PAY-02,PRV-0021,2025-08-07,2661.29,1061.12
CLM-000171,PAY-01,PRV-0039,2025-07-08,3151.9,3159.55
CLM-000172,PAY-04,PRV-0030,2025-08-01,2775.99,3607.12
CLM-000173,PAY-04,PRV-0010,2025-08-09,3959.17,1146.72
CLM-000174,PAY-03,PRV-0031,2025-07-20,4827.86,2785.65
CLM-000175,PAY-01,PRV-0012,2025-07-13,2067.98,1375.17
CLM-000176,PAY-01,PRV-0024,2025-08-01,2340.63,2281.31
CLM-000177,PAY-05,PRV-0040,2025-07-28,506.35,2039.98
CLM-000178,PAY-02,PRV-0034,2025-07-02,1690.68,1995.92
CLM-000179,PAY-03,PRV-0015,2025-07-30,3491.96,2169.64
CLM-000180,PAY-03,PRV-0016,2025-07-23,1177.0,1625.69
CLM-000181,PAY-03,PRV-0035,2025-08-14,2883.6,433.36
CLM-000182,PAY-03,PRV-0048,2025-07-01,4174.38,2024.5
CLM-000183,PAY-02,PRV-0031,2025-07-10,921.81,3044.92
CLM-000184,PAY-04,PRV-0019,2025-07-14,4085.54,3045.15
CLM-000185,PAY-04,PRV-0048,2025-07-16,1906.66,1177.52
CLM-000186,PAY-03,PRV-0051,2025-08-06,2686.85,1959.03
CLM-000187,PAY-01,PRV-0030,2025-08-11,4919.27,1030.05
CLM-000188,PAY-02,PRV-0020,2025-08-08,4815.39,1560.62
CLM-000189,PAY-03,PRV-0001,2025-08-09,3273.38,1528.75
CLM-000190,PAY-01,PRV-0031,2025-08-12,143.58,617.08
CLM-000191,PAY-02,PRV-0063,2025-07-18,936.04,3468.77
CLM-000192,PAY-02,PRV-0068,2025-07-11,652.72,2906.61
CLM-000193,PAY-05,PRV-0061,2025-07-26,309.73,2543.52
CLM-000194,PAY-03,PRV-0018,2025-07-17,403.05,3337.81
CLM-000195,PAY-03,PRV-0012,2025-07-29,4545.46,772.36
CLM-000196,PAY-03,PRV-0059,2025-07-27,2731.0,2176.41
CLM-000197,PAY-01,PRV-0031,2025-07-03,766.73,3462.73
CLM-000198,PAY-01,PRV-0067,2025-07-15,2486.79,4094.61
CLM-000199,PAY-05,PRV-0048,2025-08-09,4884.69,608.06
CLM-000200,PAY-02,PRV-0003,2025-07-13,3452.38,315.37
CLM-000201,PAY-05,PRV-0065,2025-08-02,2417.0,2827.06
CLM-000202,PAY-02,PRV-0042,2025-07-19,4009.19,3630.0
CLM-000203,PAY-02,PRV-0067,2025-08-11,3122.35,3722.91
CLM-000204,PAY-05,PRV-0025,2025-07-03,3142.8,1360.92
CLM-000205,PAY-03,PRV-0018,2025-07-31,2708.17,1772.08
CLM-000206,PAY-02,PRV-0020,2025-07-09,412.64,1687.09
CLM-000207,PAY-03,PRV-0014,2025-07-15,3096.2,3847.48
CLM-000208,PAY-03,PRV-0079,2025-07-02,3796.6,2549.32
CLM-000209,PAY-05,PRV-0051,2025-08-11,4778.66,3485.53
CLM-000210,PAY-01,PRV-0022,2025-07-22,3187.61,3709.44
CLM-000211,PAY-04,PRV-0032,2025-07-20,2230.75,2823.11
CLM-000212,PAY-05,PRV-0043,2025-07-13,1430.01,2176.53
CLM-000213,PAY-03,PRV-0063,2025-08-14,1864.46,2638.08
CLM-000214,PAY-04,PRV-0064,2025-07-11,2635.42,2913.15
CLM-000215,PAY-04,PRV-0007,2025-07-10,3342.99,1782.33
CLM-000216,PAY-02,PRV-0027,2025-08-01,1662.84,958.63
CLM-000217,PAY-02,PRV-0079,2025-07-15,661.03,1128.91
CLM-000218,PAY-05,PRV-0066,2025-07-09,1930.95,3374.04
CLM-000219,PAY-01,PRV-0076,2025-07-01,4826.97,2735.08
CLM-000220,PAY-02,PRV-0032,2025-07-15,297.02,2252.93
CLM-000221,PAY-02,PRV-0051,2025-07-22,2004.63,4333.79
CLM-000222,PAY-05,PRV-0040,2025-07-05,3253.28,1723.62
CLM-000223,PAY-02,PRV-0074,2025-08-14,2134.33,1486.26
CLM-000224,PAY-05,PRV-0075,2025-07-23,2927.89,187.59
CLM-000225,PAY-03,PRV-0059,2025-07-28,4915.97,3224.84
CLM-000226,PAY-04,PRV-0003,2025-07-02,3136.02,3133.49
CLM-000227,PAY-01,PRV-0021,2025-07-26,3587.57,447.44
CLM-000228,PAY-02,PRV-0033,2025-07-22,1232.95,3387.16
CLM-000229,PAY-01,PRV-0005,2025-07-29,377.96,993.8
CLM-000230,PAY-05,PRV-0018,2025-07-22,3470.97,3315.04
CLM-000231,PAY-04,PRV-0075,2025-08-01,4931.95,2806.74
CLM-000232,PAY-04,PRV-0014,2025-07-08,2323.05,2977.3
CLM-000233,PAY-01,PRV-0019,2025-07-23,4578.91,2638.15
CLM-000234,PAY-05,PRV-0018,2025-07-15,1267.94,1118.73
CLM-000235,PAY-03,PRV-0080,2025-07-06,1552.96,1104.89
CLM-000236,PAY-03,PRV-0048,2025-07-01,4589.61,4368.4
CLM-000237,PAY-02,PRV-0066,2025-07-08,4587.3,83.21
CLM-000238,PAY-03,PRV-0011,2025-07-05,3867.34,3118.9
CLM-000239,PAY-05,PRV-0051,2025-08-11,1248.81,3832.59
CLM-000240,PAY-05,PRV-0027,2025-07-30,2791.86,2195.03
CLM-000241,PAY-01,PRV-0014,2025-07-05,531.12,2141.83
CLM-000242,PAY-05,PRV-0068,2025-07-13,3595.23,66.99
CLM-000243,PAY-02,PRV-0045,2025-08-05,3646.6,703.91
CLM-000244,PAY-05,PRV-0021,2025-08-14,3126.54,2614.43
CLM-000245,PAY-03,PRV-0034,2025-08-14,342.96,4224.47
CLM-000246,PAY-01,PRV-0012,2025-07-29,1394.18,2266.19
CLM-000247,PAY-04,PRV-0060,2025-07-17,1712.89,585.94
CLM-000248,PAY-02,PRV-0080,2025-08-12,4568.45,4154.65
CLM-000249,PAY-03,PRV-0069,2025-08-09,3710.2,4061.79
CLM-000250,PAY-05,PRV-0037,2025-08-01,871.11,3504.76
CLM-000251,PAY-04,PRV-0041,2025-08-11,387.59,2130.95
CLM-000252,PAY-04,PRV-0051,2025-07-16,1196.14,1763.94
CLM-000253,PAY-05,PRV-0069,2025-07-21,3534.22,1279.31
CLM-000254,PAY-05,PRV-0071,2025-08-05,3673.96,3270.03
CLM-000255,PAY-04,PRV-0017,2025-07-07,719.83,3989.52
CLM-000256,PAY-04,PRV-0016,2025-07-09,4309.07,1248.26
CLM-000257,PAY-01,PRV-0013,2025-07-16,3073.06,3776.91
CLM-000258,PAY-03,PRV-0018,2025-07-19,1599.9,3095.92
CLM-000259,PAY-01,PRV-0032,2025-07-19,4578.15,3935.89
CLM-000260,PAY-05,PRV-0051,2025-07-04,1873.64,3479.84
CLM-000261,PAY-01,PRV-0034,2025-08-10,4320.35,1020.79
CLM-000262,PAY-05,PRV-0028,2025-07-30,2301.32,960.49
CLM-000263,PAY-02,PRV-0066,2025-08-13,4327.6,1366.65
CLM-000264,PAY-02,PRV-0037,2025-07-21,432.19,1617.08
CLM-000265,PAY-04,PRV-0058,2025-07-16,3768.7,54.89
CLM-000266,PAY-05,PRV-0001,2025-08-02,4297.34,1014.23
CLM-000267,PAY-02,PRV-0038,2025-07-28,1581.7,3468.38
CLM-000268,PAY-02,PRV-0057,2025-07-04,1151.36,3851.2
CLM-000269,PAY-03,PRV-0019,2025-07-24,4380.1,1916.38
CLM-000270,PAY-05,PRV-0009,2025-08-12,991.22,2079.55
CLM-000271,PAY-01,PRV-0071,2025-07-11,764.4,670.78
CLM-000272,PAY-05,PRV-0069,2025-08-05,4194.26,48.83
CLM-000273,PAY-02,PRV-0060,2025-07-06,4733.12,3015.81
CLM-000274,PAY-05,PRV-0046,2025-08-03,933.86,1909.08
CLM-000275,PAY-01,PRV-0004,2025-08-01,4229.87,4401.41
CLM-000276,PAY-03,PRV-0028,2025-08-08,4462.61,1738.99
CLM-000277,PAY-03,PRV-0065,2025-08-10,2894.43,2420.61
CLM-000278,PAY-02,PRV-0038,2025-07-12,3936.62,2257.93
CLM-000279,PAY-02,PRV-0041,2025-07-26,3061.3,3534.38
CLM-000280,PAY-04,PRV-0037,2025-08-04,4190.34,3615.26
CLM-000281,PAY-05,PRV-0061,2025-07-15,3518.34,3962.94
CLM-000282,PAY-03,PRV-0003,2025-07-14,1039.88,2259.74
CLM-000283,PAY-04,PRV-0005,2025-08-12,3830.77,3404.05
CLM-000284,PAY-04,PRV-0059,2025-08-08,1132.35,3849.33
CLM-000285,PAY-05,PRV-0071,2025-07-08,3026.56,1569.32
CLM-000286,PAY-02,PRV-0026,2025-08-11,249.0,2373.35
CLM-000287,PAY-05,PRV-0026,2025-08-11,891.95,1867.51
CLM-000288,PAY-02,PRV-0075,2025-08-12,542.15,1417.78
CLM-000289,PAY-04,PRV-0011,2025-07-17,100.68,3007.39
CLM-000290,PAY-05,PRV-0045,2025-07-27,2855.1,4304.16
CLM-000291,PAY-04,PRV-0020,2025-08-01,4823.07,3497.8
CLM-000292,PAY-04,PRV-0012,2025-07-06,1834.27,4057.44
CLM-000293,PAY-01,PRV-0053,2025-07-04,4956.59,2738.94
CLM-000294,PAY-02,PRV-0040,2025-07-07,3325.01,2659.42
CLM-000295,PAY-05,PRV-0021,2025-07-18,1562.38,775.71
CLM-000296,PAY-05,PRV-0006,2025-07-31,1527.16,1293.01
CLM-000297,PAY-01,PRV-0070,2025-07-02,327.55,3286.54
CLM-000298,PAY-01,PRV-0070,2025-07-17,1110.44,2406.05
CLM-000299,PAY-05,PRV-0059,2025-08-02,2606.58,590.57
CLM-000300,PAY-03,PRV-0070,2025-07-17,2094.66,2816.52
CLM-000301,PAY-02,PRV-0028,2025-08-05,4674.4,2074.59
CLM-000302,PAY-02,PRV-0003,2025-07-27,869.81,1231.14
CLM-000303,PAY-04,PRV-0007,2025-08-09,4917.54,1295.33
CLM-000304,PAY-02,PRV-0062,2025-07-03,698.08,2841.31
CLM-000305,PAY-03,PRV-0048,2025-08-14,1636.8,2483.8
CLM-000306,PAY-05,PRV-0006,2025-07-24,605.82,3035.04
CLM-000307,PAY-02,PRV-0042,2025-08-07,1294.31,2315.17
CLM-000308,PAY-02,PRV-0061,2025-07-22,1449.37,2440.77
CLM-000309,PAY-05,PRV-0029,2025-08-05,4366.98,1469.32
CLM-000310,PAY-05,PRV-0045,2025-08-01,4318.46,1921.25
CLM-000311,PAY-04,PRV-0063,2025-07-23,4274.57,2646.75
CLM-000312,PAY-01,PRV-0049,2025-08-11,2785.82,2404.7
CLM-000313,PAY-04,PRV-0009,2025-07-19,1391.98,547.79
CLM-000314,PAY-04,PRV-0046,2025-07-12,747.89,3038.11
CLM-000315,PAY-01,PRV-0028,2025-07-24,1800.49,1979.18
CLM-000316,PAY-04,PRV-0007,2025-08-12,3540.28,4307.61
CLM-000317,PAY-05,PRV-0031,2025-07-12,328.25,977.68
CLM-000318,PAY-02,PRV-0006,2025-07-11,3236.7,38.9
CLM-000319,PAY-02,PRV-0016,2025-08-05,1250.86,181.96
CLM-000320,PAY-04,PRV-0049,2025-07-16,1744.49,1461.77
CLM-000321,PAY-04,PRV-0031,2025-07-09,4299.53,574.03
CLM-000322,PAY-05,PRV-0009,2025-07-18,3861.83,4463.98
CLM-000323,PAY-01,PRV-0071,2025-07-05,3663.88,417.0
CLM-000324,PAY-04,PRV-0068,2025-07-10,2067.63,263.39
CLM-000325,PAY-01,PRV-0022,2025-07-15,119.01,1764.11
CLM-000326,PAY-02,PRV-0067,2025-07-13,3798.04,3662.73
CLM-000327,PAY-05,PRV-0007,2025-07-19,2021.98,3512.64
CLM-000328,PAY-04,PRV-0040,2025-07-30,4916.97,614.38
CLM-000329,PAY-02,PRV-0015,2025-08-01,3006.55,1919.51
CLM-000330,PAY-02,PRV-0049,2025-08-02,1654.18,617.37
CLM-000331,PAY-01,PRV-0049,2025-07-07,3726.99,2109.6
CLM-000332,PAY-05,PRV-0048,2025-07-18,1605.63,2216.39
CLM-000333,PAY-01,PRV-0071,2025-08-06,1738.2,156.9
CLM-000334,PAY-04,PRV-0049,2025-07-27,3668.07,2363.75
CLM-000335,PAY-03,PRV-0066,2025-07-20,2434.84,1030.94
CLM-000336,PAY-03,PRV-0049,2025-07-31,430.85,1430.86
CLM-000337,PAY-01,PRV-0028,2025-07-13,3546.29,1549.19
CLM-000338,PAY-04,PRV-0005,2025-08-14,2403.42,846.5
CLM-000339,PAY-01,PRV-0001,2025-07-22,2281.35,1398.67
CLM-000340,PAY-05,PRV-0018,2025-07-26,1651.36,4025.49
CLM-000341,PAY-02,PRV-0014,2025-08-10,3744.53,701.86
CLM-000342,PAY-01,PRV-0047,2025-08-06,4848.79,1501.88
CLM-000343,PAY-05,PRV-0079,2025-07-13,1913.24,4417.95
CLM-000344,PAY-02,PRV-0069,2025-07-20,456.15,3811.6
CLM-000345,PAY-04,PRV-0035,2025-07-09,2903.59,4057.71
CLM-000346,PAY-01,PRV-0013,2025-08-13,639.33,2799.38
CLM-000347,PAY-02,PRV-0017,2025-07-04,1915.81,4188.55
CLM-000348,PAY-01,PRV-0041,2025-08-09,2156.71,1318.59
CLM-000349,PAY-05,PRV-0025,2025-07-01,890.07,2998.97
CLM-000350,PAY-03,PRV-0048,2025-08-05,1799.83,1538.28
CLM-000351,PAY-04,PRV-0035,2025-08-09,2605.14,99.53
CLM-000352,PAY-03,PRV-0007,2025-07-28,1028.46,3611.27
CLM-000353,PAY-02,PRV-0044,2025-07-27,1732.51,611.09
CLM-000354,PAY-02,PRV-0079,2025-07-09,1719.08,871.2
CLM-000355,PAY-04,PRV-0068,2025-07-27,1296.39,3883.16
CLM-000356,PAY-05,PRV-0046,2025-08-04,1294.56,1663.39
CLM-000357,PAY-02,PRV-0007,2025-08-03,3715.02,4329.47
CLM-000358,PAY-01,PRV-0023,2025-08-13,4009.31,2063.41
CLM-000359,PAY-01,PRV-0009,2025-07-10,4133.44,942.06
CLM-000360,PAY-02,PRV-0013,2025-07-30,4049.36,3374.57
CLM-000361,PAY-05,PRV-0006,2025-08-04,105.39,4281.67
CLM-000362,PAY-02,PRV-0015,2025-07-09,1988.36,2671.45
CLM-000363,PAY-02,PRV-0064,2025-08-09,951.89,180.66
CLM-000364,PAY-04,PRV-0048,2025-07-05,4220.07,4347.61
CLM-000365,PAY-01,PRV-0073,2025-08-14,3781.79,3733.97
CLM-000366,PAY-03,PRV-0079,2025-07-24,216.33,3166.83
CLM-000367,PAY-05,PRV-0036,2025-08-10,2827.48,4140.64
CLM-000368,PAY-03,PRV-0005,2025-07-31,4446.1,3111.39
CLM-000369,PAY-03,PRV-0049,2025-08-04,3668.83,1435.88
CLM-000370,PAY-04,PRV-0034,2025-07-16,2770.47,3800.94
CLM-000371,PAY-04,PRV-0003,2025-07-02,4895.61,4368.24
CLM-000372,PAY-01,PRV-0061,2025-07-29,3733.9,2062.9
CLM-000373,PAY-02,PRV-0054,2025-08-02,3170.02,1781.91
CLM-000374,PAY-03,PRV-0079,2025-08-12,4072.03,2146.41
CLM-000375,PAY-03,PRV-0048,2025-07-24,3586.68,1337.46
CLM-000376,PAY-03,PRV-0070,2025-08-03,1615.13,1250.95
CLM-000377,PAY-04,PRV-0026,2025-08-12,3768.43,731.91
CLM-000378,PAY-01,PRV-0024,2025-08-09,4665.0,3698.74
CLM-000379,PAY-05,PRV-0062,2025-07-07,3554.44,4490.63
CLM-000380,PAY-03,PRV-0042,2025-07-06,3874.32,482.09
CLM-000381,PAY-02,PRV-0069,2025-08-09,1420.01,1625.22
CLM-000382,PAY-03,PRV-0009,2025-07-31,2770.18,4341.07
CLM-000383,PAY-04,PRV-0008,2025-07-10,4357.76,3337.24
CLM-000384,PAY-04,PRV-0012,2025-08-09,2653.83,4347.74
CLM-000385,PAY-02,PRV-0018,2025-07-18,2879.59,4486.62
CLM-000386,PAY-01,PRV-0046,2025-07-31,3909.45,3931.68
CLM-000387,PAY-05,PRV-0042,2025-07-31,2464.14,516.4
CLM-000388,PAY-05,PRV-0028,2025-07-29,3234.23,4161.47
CLM-000389,PAY-01,PRV-0038,2025-07-22,2988.64,1965.2
CLM-000390,PAY-03,PRV-0023,2025-07-15,534.63,2270.66
CLM-000391,PAY-03,PRV-0077,2025-07-18,3488.68,4402.39
CLM-000392,PAY-03,PRV-0011,2025-07-15,693.5,3150.77
CLM-000393,PAY-02,PRV-0008,2025-07-20,2930.6,373.64
CLM-000394,PAY-02,PRV-0061,2025-07-07,1895.13,345.76
CLM-000395,PAY-03,PRV-0045,2025-08-06,2033.06,2475.71
CLM-000396,PAY-04,PRV-0063,2025-07-25,4419.92,3369.06
CLM-000397,PAY-02,PRV-0055,2025-08-01,4212.81,3483.77
CLM-000398,PAY-04,PRV-0062,2025-07-24,399.12,1781.91
CLM-000399,PAY-02,PRV-0017,2025-07-19,3566.15,2894.37
CLM-000400,PAY-05,PRV-0064,2025-07-30,1516.67,46.55
CLM-000401,PAY-05,PRV-0066,2025-08-03,1459.85,3629.08
CLM-000402,PAY-01,PRV-0043,2025-08-06,1905.17,4477.89
CLM-000403,PAY-01,PRV-0007,2025-07-17,148.33,3113.3
CLM-000404,PAY-02,PRV-0026,2025-07-20,2675.81,468.99
CLM-000405,PAY-05,PRV-0007,2025-08-08,3557.91,4108.24
CLM-000406,PAY-04,PRV-0012,2025-07-14,2319.82,3919.99
CLM-000407,PAY-03,PRV-0057,2025-07-08,4542.97,358.44
CLM-000408,PAY-01,PRV-0044,2025-07-15,3720.4,3377.63
CLM-000409,PAY-01,PRV-0025,2025-07-18,1589.22,1334.91
CLM-000410,PAY-01,PRV-0028,2025-07-06,3356.12,1520.47
CLM-000411,PAY-04,PRV-0079,2025-07-26,2196.02,4163.98
CLM-000412,PAY-03,PRV-0015,2025-07-06,4198.46,2758.22
CLM-000413,PAY-01,PRV-0018,2025-07-19,3190.28,207.2
CLM-000414,PAY-04,PRV-0020,2025-07-25,2191.39,1686.07
CLM-000415,PAY-03,PRV-0075,2025-08-08,1052.79,2229.52
CLM-000416,PAY-03,PRV-0050,2025-07-30,3817.85,4420.8
CLM-000417,PAY-04,PRV-0048,2025-07-04,3363.72,2673.98
CLM-000418,PAY-04,PRV-0066,2025-07-17,4581.52,1121.86
CLM-000419,PAY-01,PRV-0018,2025-07-25,2684.0,772.82
CLM-000420,PAY-05,PRV-0030,2025-07-22,2428.17,1198.63
CLM-000421,PAY-02,PRV-0058,2025-07-18,4358.64,1530.43
CLM-000422,PAY-01,PRV-0035,2025-08-07,3096.72,3721.61
CLM-000423,PAY-05,PRV-0029,2025-08-12,2644.26,1073.47
CLM-000424,PAY-02,PRV-0030,2025-08-07,1172.75,1909.51
CLM-000425,PAY-04,PRV-0002,2025-08-14,2852.57,2437.31
CLM-000426,PAY-03,PRV-0018,2025-07-29,3342.03,1169.44
CLM-000427,PAY-03,PRV-0046,2025-07-04,1248.99,3172.23
CLM-000428,PAY-03,PRV-0036,2025-07-27,1893.64,2246.37
CLM-000429,PAY-03,PRV-0079,2025-08-06,3483.8,658.53
CLM-000430,PAY-01,PRV-0055,2025-07-08,2430.09,4391.88
CLM-000431,PAY-05,PRV-0041,2025-08-03,851.19,1121.1
CLM-000432,PAY-04,PRV-0078,2025-07-15,3826.6,81.39
CLM-000433,PAY-01,PRV-0028,2025-08-11,4209.45,1928.4
CLM-000434,PAY-01,PRV-0020,2025-07-23,2227.92,2967.0
CLM-000435,PAY-05,PRV-0071,2025-07-09,3779.93,1862.14
CLM-000436,PAY-04,PRV-0019,2025-07-16,4739.61,1121.85
CLM-000437,PAY-01,PRV-0002,2025-08-10,1625.38,4295.05
CLM-000438,PAY-04,PRV-0033,2025-07-04,3047.55,3304.1
CLM-000439,PAY-01,PRV-0023,2025-08-09,3316.98,1804.4
CLM-000440,PAY-04,PRV-0035,2025-07-11,3061.54,4188.9
CLM-000441,PAY-01,PRV-0042,2025-07-24,3590.63,1293.28
CLM-000442,PAY-02,PRV-0048,2025-07-01,4154.62,3903.14
CLM-000443,PAY-03,PRV-0017,2025-07-15,342.3,1738.82
CLM-000444,PAY-05,PRV-0018,2025-07-14,3996.21,4371.44
CLM-000445,PAY-05,PRV-0079,2025-08-08,4037.79,3283.4
CLM-000446,PAY-01,PRV-0073,2025-08-05,3856.85,4240.18
CLM-000447,PAY-04,PRV-0016,2025-07-03,4848.33,2212.05
CLM-000448,PAY-02,PRV-0050,2025-07-01,3611.53,2503.38
CLM-000449,PAY-03,PRV-0057,2025-07-07,1423.08,3686.44
CLM-000450,PAY-03,PRV-0042,2025-08-07,3198.23,2984.61
CLM-000451,PAY-03,PRV-0030,2025-08-08,4911.78,116.9
CLM-000452,PAY-01,PRV-0027,2025-07-30,2384.28,445.28
CLM-000453,PAY-03,PRV-0068,2025-08-10,1685.48,881.28
CLM-000454,PAY-01,PRV-0018,2025-08-05,4038.05,2218.09
CLM-000455,PAY-01,PRV-0066,2025-07-11,4404.91,3170.24
CLM-000456,PAY-02,PRV-0017,2025-07-14,2934.0,1072.97
CLM-000457,PAY-01,PRV-0066,2025-08-09,3257.16,246.62
CLM-000458,PAY-04,PRV-0015,2025-07-14,3044.9,4463.93
CLM-000459,PAY-03,PRV-0022,2025-07-10,4114.17,3999.97
CLM-000460,PAY-04,PRV-0028,2025-07-27,2731.97,455.53
CLM-000461,PAY-03,PRV-0075,2025-07-31,1939.77,3599.95
CLM-000462,PAY-03,PRV-0066,2025-07-03,4276.91,2328.75
CLM-000463,PAY-04,PRV-0024,2025-07-01,4438.03,1115.33
CLM-000464,PAY-01,PRV-0065,2025-07-10,772.04,4202.82
CLM-000465,PAY-03,PRV-0045,2025-08-07,415.49,2584.03
CLM-000466,PAY-01,PRV-0028,2025-07-30,4476.61,1452.54
CLM-000467,PAY-02,PRV-0076,2025-07-11,4722.07,3578.68
CLM-000468,PAY-03,PRV-0058,2025-08-12,3703.67,1945.46
CLM-000469,PAY-01,PRV-0057,2025-07-02,679.01,662.86
CLM-000470,PAY-04,PRV-0009,2025-07-26,4744.93,112.74
CLM-000471,PAY-02,PRV-0016,2025-07-04,4918.17,278.23
CLM-000472,PAY-01,PRV-0031,2025-07-17,2542.62,689.48
CLM-000473,PAY-04,PRV-0017,2025-08-07,2832.7,2349.74
CLM-000474,PAY-04,PRV-0027,2025-08-11,692.64,1455.09
CLM-000475,PAY-02,PRV-0053,2025-08-12,2563.67,1350.43
CLM-000476,PAY-02,PRV-0003,2025-08-06,903.42,935.0
CLM-000477,PAY-01,PRV-0010,2025-07-10,289.97,2825.25
CLM-000478,PAY-05,PRV-0013,2025-07-11,2061.85,2779.59
CLM-000479,PAY-05,PRV-0054,2025-07-13,3602.57,4126.55
CLM-000480,PAY-01,PRV-0004,2025-07-04,407.47,4445.72
CLM-000481,PAY-02,PRV-0021,2025-08-01,3696.51,3321.18
CLM-000482,PAY-04,PRV-0007,2025-07-12,2739.88,876.84
CLM-000483,PAY-02,PRV-0057,2025-08-05,2039.63,4216.45
CLM-000484,PAY-03,PRV-0077,2025-07-23,4364.28,463.8
CLM-000485,PAY-05,PRV-0071,2025-08-02,4703.69,3728.12
CLM-000486,PAY-03,PRV-0040,2025-07-25,760.5,1549.88
CLM-000487,PAY-02,PRV-0040,2025-07-04,4183.83,1364.22
CLM-000488,PAY-05,PRV-0062,2025-07-21,53.4,170.33
CLM-000489,PAY-01,PRV-0014,2025-08-06,3553.67,2368.74
CLM-000490,PAY-01,PRV-0075,2025-07-24,716.13,360.32
CLM-000491,PAY-03,PRV-0007,2025-07-22,1446.16,2125.97
CLM-000492,PAY-05,PRV-0038,2025-07-15,2209.32,3035.24
CLM-000493,PAY-04,PRV-0028,2025-07-31,343.31,650.21
CLM-000494,PAY-05,PRV-0073,2025-07-07,4060.89,3414.9
CLM-000495,PAY-03,PRV-0012,2025-07-18,2655.01,4207.46
CLM-000496,PAY-04,PRV-0036,2025-08-13,2116.84,2739.21
CLM-000497,PAY-05,PRV-0052,2025-07-18,4558.68,699.44
CLM-000498,PAY-05,PRV-0012,2025-07-28,226.3,4309.82
CLM-000499,PAY-04,PRV-0049,2025-07-25,4653.67,1445.84
CLM-000500,PAY-03,PRV-0052,2025-07-30,863.62,1067.89
CLM-000501,PAY-02,PRV-0004,2025-08-10,338.77,4319.66
CLM-000502,PAY-02,PRV-0007,2025-07-21,4587.98,1817.75
CLM-000503,PAY-04,PRV-0047,2025-07-23,1360.74,3376.36
CLM-000504,PAY-03,PRV-0001,2025-08-04,3030.43,4080.91
CLM-000505,PAY-02,PRV-0017,2025-08-09,2865.78,2529.85
CLM-000506,PAY-01,PRV-0020,2025-07-01,4152.08,1382.14
CLM-000507,PAY-03,PRV-0012,2025-07-26,98.77,1080.19
CLM-000508,PAY-05,PRV-0077,2025-08-05,3711.16,2046.55
CLM-000509,PAY-05,PRV-0053,2025-08-04,4612.8,1227.93
CLM-000510,PAY-05,PRV-0011,2025-08-10,259.07,2826.98
CLM-000511,PAY-04,PRV-0007,2025-07-13,2566.11,1686.02
CLM-000512,PAY-01,PRV-0053,2025-07-18,725.04,4185.37
CLM-000513,PAY-03,PRV-0014,2025-07-28,652.36,2022.46
CLM-000514,PAY-04,PRV-0002,2025-07-18,1541.07,1415.56
CLM-000515,PAY-01,PRV-0001,2025-08-07,3410.63,3239.04
CLM-000516,PAY-02,PRV-0014,2025-08-13,167.15,4370.19
CLM-000517,PAY-01,PRV-0040,2025-07-24,2020.12,986.19
CLM-000518,PAY-01,PRV-0016,2025-07-26,2228.94,518.54
CLM-000519,PAY-04,PRV-0026,2025-07-13,846.18,2287.59
CLM-000520,PAY-05,PRV-0013,2025-07-10,4938.97,116.45
CLM-000521,PAY-02,PRV-0011,2025-08-05,3870.62,1180.27
CLM-000522,PAY-01,PRV-0017,2025-07-03,3173.94,1328.01
CLM-000523,PAY-02,PRV-0040,2025-07-14,2726.09,2460.46
CLM-000524,PAY-01,PRV-0021,2025-07-19,4624.35,2321.51
CLM-000525,PAY-03,PRV-0029,2025-08-13,3050.73,1278.49
CLM-000526,PAY-04,PRV-0069,2025-07-03,1573.17,2516.94
CLM-000527,PAY-01,PRV-0075,2025-08-13,1687.93,4129.38
CLM-000528,PAY-01,PRV-0009,2025-07-25,613.05,1282.35
CLM-000529,PAY-02,PRV-0049,2025-07-06,4980.91,2795.02
CLM-000530,PAY-01,PRV-0064,2025-07-02,624.5,1218.82
CLM-000531,PAY-01,PRV-0061,2025-07-30,2232.57,2949.12
CLM-000532,PAY-04,PRV-0002,2025-07-26,2158.94,3957.61
CLM-000533,PAY-04,PRV-0037,2025-07-06,4183.58,2301.93
CLM-000534,PAY-02,PRV-0042,2025-07-21,1692.46,3555.32
CLM-000535,PAY-03,PRV-0018,2025-07-26,251.85,92.41
CLM-000536,PAY-05,PRV-0078,2025-07-15,98.09,3131.94
CLM-000537,PAY-01,PRV-0053,2025-07-26,4370.37,2413.63
CLM-000538,PAY-01,PRV-0061,2025-07-25,597.34,3346.94
CLM-000539,PAY-01,PRV-0049,2025-07-02,106.85,1094.05
CLM-000540,PAY-03,PRV-0043,2025-07-26,4857.75,3224.63
CLM-000541,PAY-02,PRV-0068,2025-08-04,2016.13,4033.11
CLM-000542,PAY-04,PRV-0060,2025-07-27,3303.97,3879.66
CLM-000543,PAY-04,PRV-0001,2025-08-08,817.06,794.7
CLM-000544,PAY-03,PRV-0059,2025-07-02,3984.4,2625.57
CLM-000545,PAY-03,PRV-0076,2025-08-14,2923.41,3752.36
CLM-000546,PAY-02,PRV-0016,2025-07-03,3175.8,2885.35
CLM-000547,PAY-03,PRV-0025,2025-07-21,1261.54,1187.3
CLM-000548,PAY-04,PRV-0032,2025-07-06,2091.45,4482.17
CLM-000549,PAY-01,PRV-0063,2025-08-06,872.84,816.19
CLM-000550,PAY-02,PRV-0053,2025-07-16,3117.21,1865.6
CLM-000551,PAY-04,PRV-0012,2025-08-06,983.21,2603.34
CLM-000552,PAY-03,PRV-0064,2025-08-05,330.0,2400.81
CLM-000553,PAY-02,PRV-0037,2025-08-10,4959.26,4111.19
CLM-000554,PAY-02,PRV-0075,2025-07-10,102.92,3969.31
CLM-000555,PAY-03,PRV-0037,2025-07-30,2314.33,196.44
CLM-000556,PAY-02,PRV-0070,2025-07-03,363.98,3388.66
CLM-000557,PAY-02,PRV-0047,2025-07-18,2064.84,1344.77
CLM-000558,PAY-01,PRV-0042,2025-08-04,3577.99,1397.36
CLM-000559,PAY-02,PRV-0007,2025-07-24,1697.5,1873.28
CLM-000560,PAY-03,PRV-0064,2025-07-30,4996.89,461.54
CLM-000561,PAY-03,PRV-0017,2025-08-13,716.37,306.77
CLM-000562,PAY-03,PRV-0044,2025-08-12,915.14,4335.81
CLM-000563,PAY-04,PRV-0053,2025-07-03,1602.13,971.59
CLM-000564,PAY-05,PRV-0026,2025-07-13,4150.69,1328.53
CLM-000565,PAY-01,PRV-0065,2025-07-14,553.18,4446.9
CLM-000566,PAY-01,PRV-0063,2025-07-25,3489.48,4046.37
CLM-000567,PAY-01,PRV-0075,2025-07-29,3891.02,1920.56
CLM-000568,PAY-01,PRV-0077,2025-07-19,3925.32,221.38
CLM-000569,PAY-02,PRV-0038,2025-08-01,4617.27,1170.28
CLM-000570,PAY-05,PRV-0026,2025-08-07,4868.15,1409.36
CLM-000571,PAY-04,PRV-0027,2025-07-11,3012.45,2029.42
CLM-000572,PAY-03,PRV-0049,2025-07-10,1399.63,3021.49
CLM-000573,PAY-05,PRV-0040,2025-07-12,2113.04,2102.87
CLM-000574,PAY-03,PRV-0043,2025-07-07,398.52,1405.01
CLM-000575,PAY-04,PRV-0031,2025-07-19,3423.46,2660.2
CLM-000576,PAY-01,PRV-0020,2025-08-03,2633.04,848.11
CLM-000577,PAY-01,PRV-0049,2025-07-05,3738.01,2928.43
CLM-000578,PAY-02,PRV-0015,2025-07-27,4966.6,1930.8
CLM-000579,PAY-02,PRV-0044,2025-08-08,4388.22,4031.22
CLM-000580,PAY-04,PRV-0060,2025-07-08,519.23,2947.19
CLM-000581,PAY-04,PRV-0038,2025-07-05,4887.51,2082.12
CLM-000582,PAY-04,PRV-0025,2025-07-17,2369.67,1603.96
CLM-000583,PAY-01,PRV-0069,2025-08-04,3739.19,2489.14
CLM-000584,PAY-03,PRV-0003,2025-07-08,110.37,2661.48
CLM-000585,PAY-02,PRV-0030,2025-08-10,4980.7,2589.86
CLM-000586,PAY-03,PRV-0079,2025-08-05,2910.1,189.63
CLM-000587,PAY-05,PRV-0035,2025-08-11,4821.83,3160.99
CLM-000588,PAY-04,PRV-0001,2025-08-01,2544.31,3226.97
CLM-000589,PAY-02,PRV-0076,2025-07-19,2237.68,4084.11
CLM-000590,PAY-01,PRV-0059,2025-08-05,4682.2,1501.67
CLM-000591,PAY-05,PRV-0010,2025-07-13,975.45,2221.27
CLM-000592,PAY-03,PRV-0041,2025-07-03,1880.69,2483.5
CLM-000593,PAY-03,PRV-0029,2025-08-14,3617.85,3290.25
CLM-000594,PAY-04,PRV-0076,2025-07-14,3797.71,3059.87
CLM-000595,PAY-02,PRV-0019,2025-07-06,2556.26,1541.08
CLM-000596,PAY-01,PRV-0077,2025-07-25,1944.47,2962.37
CLM-000597,PAY-03,PRV-0031,2025-07-22,4125.87,3266.8
CLM-000598,PAY-05,PRV-0023,2025-07-25,2410.37,3376.62
CLM-000599,PAY-05,PRV-0068,2025-07-24,2390.13,77.57
CLM-000600,PAY-05,PRV-0055,2025-08-14,279.69,2241.86
CLM-000601,PAY-02,PRV-0003,2025-07-05,1445.17,951.96
CLM-000602,PAY-01,PRV-0007,2025-07-27,4834.51,930.08
CLM-000603,PAY-01,PRV-0068,2025-08-12,287.22,3027.4
CLM-000604,PAY-03,PRV-0027,2025-08-11,4143.12,2056.28
CLM-000605,PAY-01,PRV-0071,2025-07-25,3875.14,1095.66
CLM-000606,PAY-05,PRV-0074,2025-07-24,2546.51,34.41
CLM-000607,PAY-02,PRV-0057,2025-07-02,1088.2,2522.24
CLM-000608,PAY-01,PRV-0045,2025-08-09,51.98,1214.62
CLM-000609,PAY-02,PRV-0038,2025-07-01,151.3,3203.84
CLM-000610,PAY-01,PRV-0027,2025-07-17,2808.17,2023.67
CLM-000611,PAY-01,PRV-0014,2025-08-10,4133.93,3382.5
CLM-000612,PAY-04,PRV-0069,2025-07-01,4932.41,3047.9
CLM-000613,PAY-02,PRV-0014,2025-07-08,1697.55,2443.54
CLM-000614,PAY-02,PRV-0071,2025-08-07,1185.04,953.53
CLM-000615,PAY-01,PRV-0013,2025-07-19,1174.31,3075.92
CLM-000616,PAY-04,PRV-0056,2025-08-04,4396.78,3441.72
CLM-000617,PAY-05,PRV-0065,2025-07-03,980.18,2448.18
CLM-000618,PAY-04,PRV-0068,2025-07-11,4963.0,4169.17
CLM-000619,PAY-02,PRV-0057,2025-07-25,3328.24,490.76
CLM-000620,PAY-04,PRV-0074,2025-08-01,2698.32,592.4
CLM-000621,PAY-03,PRV-0003,2025-07-23,1492.8,1531.63
CLM-000622,PAY-05,PRV-0072,2025-07-07,637.15,4345.94
CLM-000623,PAY-04,PRV-0079,2025-07-08,2765.51,391.19
CLM-000624,PAY-03,PRV-0064,2025-07-18,2151.77,3904.89
CLM-000625,PAY-03,PRV-0022,2025-07-12,2237.83,787.97
CLM-000626,PAY-02,PRV-0031,2025-07-16,3131.51,986.87
CLM-000627,PAY-01,PRV-0033,2025-07-20,1108.27,4483.94
CLM-000628,PAY-05,PRV-0021,2025-07-30,3344.18,2569.38
CLM-000629,PAY-03,PRV-0065,2025-07-11,1681.39,3585.45
CLM-000630,PAY-04,PRV-0019,2025-07-18,695.73,3357.7
CLM-000631,PAY-03,PRV-0072,2025-07-11,1893.52,127.51
CLM-000632,PAY-05,PRV-0073,2025-08-01,437.38,2432.54
CLM-000633,PAY-03,PRV-0024,2025-07-03,2267.65,3091.01
CLM-000634,PAY-03,PRV-0016,2025-07-09,699.6,2681.56
CLM-000635,PAY-04,PRV-0020,2025-07-10,3730.82,4461.9
CLM-000636,PAY-05,PRV-0069,2025-07-24,4729.57,2399.39
CLM-000637,PAY-04,PRV-0041,2025-08-08,485.79,4144.45
CLM-000638,PAY-02,PRV-0064,2025-07-24,3741.73,2740.94
CLM-000639,PAY-01,PRV-0013,2025-07-30,3460.66,1124.94
CLM-000640,PAY-04,PRV-0065,2025-07-21,4224.24,3718.77
CLM-000641,PAY-04,PRV-0080,2025-07-28,1543.59,1433.21
CLM-000642,PAY-04,PRV-0053,2025-08-13,348.17,1445.54
CLM-000643,PAY-05,PRV-0077,2025-08-10,2228.94,4403.31
CLM-000644,PAY-01,PRV-0068,2025-07-10,4998.57,1347.55
CLM-000645,PAY-05,PRV-0041,2025-07-23,4800.42,1847.27
CLM-000646,PAY-04,PRV-0071,2025-07-05,1746.36,2221.55
CLM-000647,PAY-04,PRV-0050,2025-07-20,529.88,3835.81
CLM-000648,PAY-01,PRV-0046,2025-07-29,3429.17,869.22
CLM-000649,PAY-04,PRV-0052,2025-08-05,2113.51,1732.59
CLM-000650,PAY-05,PRV-0017,2025-08-04,562.08,661.12
CLM-000651,PAY-05,PRV-0050,2025-07-11,2349.06,2023.88
CLM-000652,PAY-04,PRV-0061,2025-08-01,2716.79,2954.14
CLM-000653,PAY-03,PRV-0072,2025-07-04,4330.04,2410.67
CLM-000654,PAY-02,PRV-0042,2025-07-16,2223.02,1738.52
CLM-000655,PAY-03,PRV-0059,2025-08-04,4023.3,3151.27
CLM-000656,PAY-04,PRV-0011,2025-07-24,220.1,1837.23
CLM-000657,PAY-04,PRV-0055,2025-08-12,262.8,2604.61
CLM-000658,PAY-01,PRV-0049,2025-07-21,4588.93,2569.68
CLM-000659,PAY-03,PRV-0070,2025-08-06,2098.25,2819.21
CLM-000660,PAY-02,PRV-0037,2025-07-17,814.98,2498.11
CLM-000661,PAY-03,PRV-0009,2025-07-09,3610.21,605.56
CLM-000662,PAY-03,PRV-0080,2025-07-26,3503.44,1258.78
CLM-000663,PAY-02,PRV-0050,2025-07-07,2203.21,1128.51
CLM-000664,PAY-03,PRV-0067,2025-07-10,2827.24,2642.05
CLM-000665,PAY-01,PRV-0077,2025-07-06,4403.11,2655.53
CLM-000666,PAY-01,PRV-0008,2025-07-27,794.21,408.19
CLM-000667,PAY-02,PRV-0076,2025-07-07,3031.42,2217.3
CLM-000668,PAY-05,PRV-0032,2025-07-19,711.69,1165.41
CLM-000669,PAY-02,PRV-0005,2025-07-10,938.98,4153.71
CLM-000670,PAY-01,PRV-0013,2025-07-06,4075.72,4184.64
CLM-000671,PAY-03,PRV-0021,2025-07-09,2677.51,4026.38
CLM-000672,PAY-03,PRV-0003,2025-07-11,3173.84,1758.41
CLM-000673,PAY-05,PRV-0053,2025-07-22,4607.32,975.36
CLM-000674,PAY-02,PRV-0058,2025-08-08,4651.32,663.13
CLM-000675,PAY-05,PRV-0013,2025-07-24,2241.87,491.51
CLM-000676,PAY-02,PRV-0025,2025-08-12,756.62,1736.75
CLM-000677,PAY-04,PRV-0031,2025-08-05,4315.76,1722.02
CLM-000678,PAY-04,PRV-0059,2025-07-16,2021.11,4209.82
CLM-000679,PAY-02,PRV-0020,2025-08-14,1020.22,1637.67
CLM-000680,PAY-01,PRV-0046,2025-07-01,351.11,137.22
CLM-000681,PAY-03,PRV-0024,2025-07-28,1167.84,3131.5
CLM-000682,PAY-02,PRV-0071,2025-08-05,2537.37,2309.36
CLM-000683,PAY-04,PRV-0061,2025-07-07,1360.62,449.22
CLM-000684,PAY-03,PRV-0034,2025-07-23,2899.88,1028.29
CLM-000685,PAY-01,PRV-0040,2025-08-08,1891.2,457.74
CLM-000686,PAY-01,PRV-0029,2025-08-03,1859.06,3216.43
CLM-000687,PAY-05,PRV-0043,2025-08-07,1658.01,376.73
CLM-000688,PAY-05,PRV-0057,2025-08-03,4599.61,3364.6
CLM-000689,PAY-05,PRV-0005,2025-07-22,4083.94,3587.62
CLM-000690,PAY-05,PRV-0074,2025-07-07,1251.44,4438.35
CLM-000691,PAY-01,PRV-0010,2025-07-08,1557.27,2730.58
CLM-000692,PAY-04,PRV-0003,2025-08-14,1441.87,3569.07
CLM-000693,PAY-05,PRV-0014,2025-07-24,992.75,4237.61
CLM-000694,PAY-03,PRV-0056,2025-07-12,2793.84,2017.12
CLM-000695,PAY-05,PRV-0061,2025-07-22,1973.66,3872.57
CLM-000696,PAY-04,PRV-0055,2025-08-10,4634.69,2375.52
CLM-000697,PAY-03,PRV-0067,2025-07-24,1083.78,596.54
CLM-000698,PAY-02,PRV-0028,2025-07-02,2418.59,1050.46
CLM-000699,PAY-03,PRV-0033,2025-08-13,672.57,4496.38
CLM-000700,PAY-01,PRV-0042,2025-07-28,502.36,4221.25
CLM-000701,PAY-03,PRV-0050,2025-08-05,1561.71,3390.22
CLM-000702,PAY-03,PRV-0078,2025-07-03,2486.62,613.35
CLM-000703,PAY-02,PRV-0075,2025-07-17,1716.1,2136.15
CLM-000704,PAY-03,PRV-0017,2025-07-23,2888.26,567.64
CLM-000705,PAY-01,PRV-0074,2025-07-14,542.61,232.47
CLM-000706,PAY-03,PRV-0061,2025-07-07,328.47,3161.48
CLM-000707,PAY-02,PRV-0048,2025-07-01,708.67,2884.89
CLM-000708,PAY-04,PRV-0009,2025-07-09,4424.08,3358.74
CLM-000709,PAY-05,PRV-0058,2025-07-01,1700.79,1292.76
CLM-000710,PAY-01,PRV-0042,2025-08-06,1563.6,1506.95
CLM-000711,PAY-04,PRV-0022,2025-08-05,3996.38,4309.04
CLM-000712,PAY-04,PRV-0012,2025-08-13,4103.4,3343.1
CLM-000713,PAY-05,PRV-0033,2025-07-02,2810.37,1410.98
CLM-000714,PAY-01,PRV-0023,2025-07-31,3629.25,3621.97
CLM-000715,PAY-01,PRV-0071,2025-07-17,1924.03,2487.57
CLM-000716,PAY-02,PRV-0070,2025-07-25,1130.64,3625.1
CLM-000717,PAY-05,PRV-0038,2025-08-08,2359.18,820.08
CLM-000718,PAY-05,PRV-0056,2025-08-06,196.5,1804.77
CLM-000719,PAY-04,PRV-0037,2025-07-31,2922.05,2666.97
CLM-000720,PAY-05,PRV-0002,2025-07-29,2653.63,2606.28
CLM-000721,PAY-01,PRV-0009,2025-07-09,3555.11,4262.37
CLM-000722,PAY-04,PRV-0032,2025-08-02,4238.09,1959.84
CLM-000723,PAY-01,PRV-0021,2025-07-15,1225.1,3597.49
CLM-000724,PAY-04,PRV-0060,2025-07-17,1426.8,2096.04
CLM-000725,PAY-02,PRV-0067,2025-07-03,1758.66,1215.81
CLM-000726,PAY-05,PRV-0075,2025-08-10,3211.03,4136.7
CLM-000727,PAY-02,PRV-0038,2025-07-12,965.9,2424.81
CLM-000728,PAY-04,PRV-0043,2025-07-02,304.38,4463.21
CLM-000729,PAY-01,PRV-0002,2025-08-08,3738.81,3544.82
CLM-000730,PAY-04,PRV-0042,2025-08-04,1373.99,3597.64
CLM-000731,PAY-02,PRV-0042,2025-07-26,280.71,796.88
CLM-000732,PAY-02,PRV-0058,2025-07-07,906.04,35.16
CLM-000733,PAY-03,PRV-0038,2025-07-27,4252.72,672.34
CLM-000734,PAY-01,PRV-0008,2025-07-01,1869.67,1507.62
CLM-000735,PAY-05,PRV-0059,2025-07-14,418.01,1415.21
CLM-000736,PAY-02,PRV-0067,2025-07-28,1821.66,3903.09
CLM-000737,PAY-02,PRV-0005,2025-08-13,1932.06,3091.37
CLM-000738,PAY-01,PRV-0029,2025-07-05,2256.1,3388.58
CLM-000739,PAY-03,PRV-0027,2025-07-01,3107.42,3930.42
CLM-000740,PAY-03,PRV-0071,2025-07-24,2224.68,856.16
CLM-000741,PAY-03,PRV-0031,2025-07-25,2292.95,1605.79
CLM-000742,PAY-03,PRV-0025,2025-08-06,3228.39,2696.74
CLM-000743,PAY-03,PRV-0068,2025-07-12,4173.29,3563.31
CLM-000744,PAY-03,PRV-0023,2025-07-23,1984.13,465.04
CLM-000745,PAY-02,PRV-0046,2025-07-11,274.25,2263.48
CLM-000746,PAY-01,PRV-0038,2025-07-19,583.06,448.76
CLM-000747,PAY-03,PRV-0030,2025-08-10,3278.34,4343.65
CLM-000748,PAY-03,PRV-0016,2025-07-04,3973.01,3764.1
CLM-000749,PAY-04,PRV-0066,2025-07-15,4507.42,2124.81
CLM-000750,PAY-03,PRV-0057,2025-08-01,3374.98,1154.79
CLM-000751,PAY-01,PRV-0022,2025-07-12,4493.08,1540.79
CLM-000752,PAY-03,PRV-0045,2025-08-01,2700.95,3526.71
CLM-000753,PAY-04,PRV-0030,2025-07-03,1318.92,3956.58
CLM-000754,PAY-02,PRV-0076,2025-07-02,47.51,1178.11
CLM-000755,PAY-02,PRV-0016,2025-07-14,841.33,1762.5
CLM-000756,PAY-02,PRV-0074,2025-07-23,4031.35,988.7
CLM-000757,PAY-05,PRV-0014,2025-08-01,41.22,24.15
CLM-000758,PAY-03,PRV-0019,2025-08-05,3787.31,4084.32
CLM-000759,PAY-03,PRV-0025,2025-08-14,3312.48,2861.14
CLM-000760,PAY-05,PRV-0024,2025-07-23,3416.31,244.7
CLM-000761,PAY-04,PRV-0035,2025-07-01,2791.29,2213.34
CLM-000762,PAY-04,PRV-0076,2025-08-01,1139.48,906.47
CLM-000763,PAY-04,PRV-0015,2025-08-07,533.79,430.62
CLM-000764,PAY-03,PRV-0034,2025-07-21,4788.97,3494.77
CLM-000765,PAY-04,PRV-0012,2025-07-03,809.35,377.96
CLM-000766,PAY-03,PRV-0051,2025-08-09,3840.14,3333.25
CLM-000767,PAY-05,PRV-0054,2025-07-06,3883.44,1695.69
CLM-000768,PAY-02,PRV-0001,2025-07-18,3369.36,3503.12
CLM-000769,PAY-03,PRV-0034,2025-08-04,1331.59,1780.08
CLM-000770,PAY-01,PRV-0006,2025-07-27,4158.48,4128.0
CLM-000771,PAY-01,PRV-0030,2025-08-10,1549.11,3926.42
CLM-000772,PAY-05,PRV-0018,2025-08-09,3985.57,720.18
CLM-000773,PAY-01,PRV-0020,2025-07-07,2809.77,4058.51
CLM-000774,PAY-03,PRV-0003,2025-07-05,2011.67,1806.45
CLM-000775,PAY-01,PRV-0036,2025-07-12,4960.29,3920.38
CLM-000776,PAY-01,PRV-0021,2025-08-02,1431.1,3547.48
CLM-000777,PAY-02,PRV-0067,2025-07-02,3808.54,4417.68
CLM-000778,PAY-05,PRV-0009,2025-07-05,4217.55,3814.67
CLM-000779,PAY-03,PRV-0025,2025-07-19,2317.05,2650.99
CLM-000780,PAY-02,PRV-0048,2025-07-10,1608.83,3087.3
CLM-000781,PAY-02,PRV-0065,2025-08-13,1228.83,3438.6
CLM-000782,PAY-02,PRV-0060,2025-08-11,3769.09,1621.16
CLM-000783,PAY-03,PRV-0003,2025-07-05,3676.17,3392.63
CLM-000784,PAY-04,PRV-0004,2025-08-10,1954.9,3850.26
CLM-000785,PAY-01,PRV-0052,2025-07-14,1795.86,961.24
CLM-000786,PAY-03,PRV-0017,2025-08-11,2845.94,4258.3
CLM-000787,PAY-03,PRV-0039,2025-07-10,4660.84,3420.03
CLM-000788,PAY-05,PRV-0080,2025-07-12,4984.93,3443.82
CLM-000789,PAY-04,PRV-0047,2025-08-12,2435.63,664.73
CLM-000790,PAY-03,PRV-0051,2025-07-29,4673.47,4495.4
CLM-000791,PAY-03,PRV-0036,2025-07-05,2804.53,4428.34
CLM-000792,PAY-05,PRV-0035,2025-07-12,3161.27,2438.42
CLM-000793,PAY-01,PRV-0028,2025-07-30,3581.02,3360.48
CLM-000794,PAY-01,PRV-0057,2025-07-09,4210.13,3006.9
CLM-000795,PAY-04,PRV-0016,2025-07-21,2908.03,3255.32
CLM-000796,PAY-01,PRV-0046,2025-07-27,387.28,2910.43
CLM-000797,PAY-05,PRV-0032,2025-07-10,3136.82,2332.24
CLM-000798,PAY-03,PRV-0028,2025-08-01,3555.88,1313.01
CLM-000799,PAY-03,PRV-0045,2025-07-21,2310.18,1715.28
CLM-000800,PAY-04,PRV-0063,2025-07-17,1180.77,3178.12
CLM-000801,PAY-01,PRV-0049,2025-08-07,4168.59,547.52
CLM-000802,PAY-01,PRV-0008,2025-07-03,2023.66,1619.45
CLM-000803,PAY-02,PRV-0060,2025-07-31,2704.54,762.58
CLM-000804,PAY-04,PRV-0001,2025-08-12,3573.4,923.6
CLM-000805,PAY-05,PRV-0057,2025-07-23,873.33,2057.66
CLM-000806,PAY-02,PRV-0059,2025-07-17,4090.79,3552.24
CLM-000807,PAY-02,PRV-0028,2025-07-28,1445.62,4316.15
CLM-000808,PAY-04,PRV-0020,2025-07-23,731.92,2720.8
CLM-000809,PAY-03,PRV-0047,2025-08-07,2637.72,3060.72
CLM-000810,PAY-04,PRV-0040,2025-07-16,4243.34,2521.37
CLM-000811,PAY-05,PRV-0067,2025-07-17,1397.61,3114.54
CLM-000812,PAY-05,PRV-0030,2025-07-14,3708.95,34.15
CLM-000813,PAY-05,PRV-0005,2025-07-20,1496.62,356.72
CLM-000814,PAY-02,PRV-0078,2025-07-03,218.83,3923.92
CLM-000815,PAY-02,PRV-0076,2025-08-12,4317.5,1720.72
CLM-000816,PAY-05,PRV-0061,2025-07-25,3394.82,4290.75
CLM-000817,PAY-05,PRV-0056,2025-08-04,987.77,4166.55
CLM-000818,PAY-04,PRV-0055,2025-07-29,3959.6,2201.69
CLM-000819,PAY-05,PRV-0048,2025-08-07,3808.71,3646.96
CLM-000820,PAY-01,PRV-0041,2025-07-17,3208.32,207.09
CLM-000821,PAY-02,PRV-0005,2025-08-05,1667.63,439.3
CLM-000822,PAY-02,PRV-0013,2025-07-04,2836.75,221.72
CLM-000823,PAY-01,PRV-0057,2025-07-06,1356.59,3728.04
CLM-000824,PAY-01,PRV-0015,2025-07-08,3203.84,732.94
CLM-000825,PAY-01,PRV-0040,2025-07-10,4419.27,3583.12
CLM-000826,PAY-05,PRV-0035,2025-08-04,2300.73,3439.61
CLM-000827,PAY-01,PRV-0049,2025-07-10,4228.34,3368.2
CLM-000828,PAY-01,PRV-0020,2025-07-29,923.92,3523.41
CLM-000829,PAY-04,PRV-0033,2025-07-29,225.97,2855.92
CLM-000830,PAY-05,PRV-0061,2025-07-25,1811.27,3742.06
CLM-000831,PAY-03,PRV-0067,2025-07-18,1973.52,3208.15
CLM-000832,PAY-05,PRV-0007,2025-07-15,1253.5,787.0
CLM-000833,PAY-02,PRV-0076,2025-07-30,1380.95,2085.23
CLM-000834,PAY-05,PRV-0067,2025-07-19,1086.33,580.93
CLM-000835,PAY-03,PRV-0076,2025-08-04,1772.5,2696.45
CLM-000836,PAY-05,PRV-0047,2025-07-13,4674.86,147.69
CLM-000837,PAY-03,PRV-0077,2025-07-01,715.32,2610.21
CLM-000838,PAY-02,PRV-0005,2025-07-02,3480.19,2518.89
CLM-000839,PAY-04,PRV-0053,2025-07-31,3897.51,4263.7
CLM-000840,PAY-05,PRV-0063,2025-08-07,1555.81,3156.97
CLM-000841,PAY-03,PRV-0025,2025-07-29,3178.55,4317.3
CLM-000842,PAY-05,PRV-0004,2025-08-05,2857.99,973.7
CLM-000843,PAY-04,PRV-0041,2025-08-06,4515.65,4276.09
CLM-000844,PAY-03,PRV-0017,2025-08-10,2569.37,840.94
CLM-000845,PAY-05,PRV-0009,2025-07-24,4049.27,4207.93
CLM-000846,PAY-04,PRV-0001,2025-07-30,4007.89,779.53
CLM-000847,PAY-01,PRV-0048,2025-07-26,838.66,3156.66
CLM-000848,PAY-03,PRV-0072,2025-07-29,615.17,1769.4
CLM-000849,PAY-04,PRV-0061,2025-07-02,2740.89,2111.0
CLM-000850,PAY-02,PRV-0056,2025-07-22,3828.18,3665.62
CLM-000851,PAY-03,PRV-0011,2025-08-06,2348.98,3122.34
CLM-000852,PAY-05,PRV-0028,2025-07-19,693.23,1263.12
CLM-000853,PAY-05,PRV-0055,2025-07-01,1685.04,2668.6
CLM-000854,PAY-01,PRV-0008,2025-08-10,2899.49,2493.35
CLM-000855,PAY-02,PRV-0056,2025-07-22,388.47,1584.87
CLM-000856,PAY-04,PRV-0049,2025-07-31,975.66,4334.34
CLM-000857,PAY-04,PRV-0037,2025-08-10,1811.34,2157.51
CLM-000858,PAY-02,PRV-0016,2025-08-11,4318.77,709.11
CLM-000859,PAY-01,PRV-0017,2025-07-06,1201.33,3911.2
CLM-000860,PAY-01,PRV-0039,2025-07-25,1184.86,3543.48
CLM-000861,PAY-01,PRV-0021,2025-08-03,384.04,336.23
CLM-000862,PAY-04,PRV-0033,2025-08-02,1418.07,2902.15
CLM-000863,PAY-03,PRV-0077,2025-08-13,594.03,1463.85
CLM-000864,PAY-03,PRV-0071,2025-07-20,4034.77,532.55
CLM-000865,PAY-04,PRV-0075,2025-07-13,3961.46,3933.04
CLM-000866,PAY-04,PRV-0015,2025-08-01,4047.11,667.12
CLM-000867,PAY-03,PRV-0065,2025-07-01,3898.98,3232.21
CLM-000868,PAY-01,PRV-0067,2025-07-09,318.54,899.68
CLM-000869,PAY-04,PRV-0029,2025-07-06,2505.04,2900.4
CLM-000870,PAY-05,PRV-0077,2025-08-13,4711.2,48.69
CLM-000871,PAY-04,PRV-0014,2025-07-30,911.96,1622.43
CLM-000872,PAY-01,PRV-0008,2025-07-31,1034.91,1028.36
CLM-000873,PAY-02,PRV-0078,2025-07-11,1907.2,253.18
CLM-000874,PAY-04,PRV-0075,2025-07-20,653.37,156.8
CLM-000875,PAY-05,PRV-0005,2025-07-18,3944.22,2424.88
CLM-000876,PAY-04,PRV-0044,2025-07-19,1653.29,3407.32
CLM-000877,PAY-02,PRV-0080,2025-08-13,3097.77,742.21
CLM-000878,PAY-03,PRV-0077,2025-08-04,4910.93,774.11
CLM-000879,PAY-03,PRV-0038,2025-07-10,3754.74,319.9
CLM-000880,PAY-04,PRV-0005,2025-07-16,370.55,2109.41
CLM-000881,PAY-04,PRV-0020,2025-07-20,1118.98,952.46
CLM-000882,PAY-05,PRV-0059,2025-07-21,2945.96,904.73
CLM-000883,PAY-02,PRV-0028,2025-07-31,2271.99,2932.04
CLM-000884,PAY-01,PRV-0045,2025-07-15,4447.06,2611.2
CLM-000885,PAY-05,PRV-0074,2025-08-08,2971.46,1585.08
CLM-000886,PAY-05,PRV-0041,2025-07-12,1809.37,1109.38
CLM-000887,PAY-03,PRV-0002,2025-08-06,4842.65,1393.95
CLM-000888,PAY-04,PRV-0061,2025-08-12,265.35,4287.73
CLM-000889,PAY-05,PRV-0014,2025-07-25,940.51,3683.15
CLM-000890,PAY-03,PRV-0024,2025-08-14,4773.09,1047.81
CLM-000891,PAY-05,PRV-0006,2025-07-26,1027.34,413.82
CLM-000892,PAY-02,PRV-0009,2025-07-21,997.2,937.92
CLM-000893,PAY-03,PRV-0059,2025-07-04,749.48,116.1
CLM-000894,PAY-04,PRV-0056,2025-07-21,392.28,2582.24
CLM-000895,PAY-01,PRV-0035,2025-07-31,2583.81,3058.22
CLM-000896,PAY-04,PRV-0063,2025-07-08,2874.46,2334.48
CLM-000897,PAY-03,PRV-0055,2025-08-09,961.42,2647.0
CLM-000898,PAY-05,PRV-0047,2025-08-11,1104.58,3220.54
CLM-000899,PAY-04,PRV-0016,2025-07-25,1971.89,3656.65
CLM-000900,PAY-02,PRV-0070,2025-08-13,4918.66,2057.64
CLM-000901,PAY-01,PRV-0063,2025-07-31,4105.9,949.0
CLM-000902,PAY-01,PRV-0040,2025-07-12,2308.22,1837.82
CLM-000903,PAY-05,PRV-0078,2025-07-13,3420.7,905.64
CLM-000904,PAY-02,PRV-0018,2025-07-12,4726.51,334.47
CLM-000905,PAY-02,PRV-0072,2025-07-24,2267.62,2254.74
CLM-000906,PAY-01,PRV-0046,2025-08-12,1156.97,438.09
CLM-000907,PAY-03,PRV-0078,2025-08-11,576.56,2711.77
CLM-000908,PAY-04,PRV-0069,2025-07-04,4873.41,1896.03
CLM-000909,PAY-01,PRV-0061,2025-07-06,4274.61,3102.36
CLM-000910,PAY-04,PRV-0056,2025-08-01,3459.47,67.79
CLM-000911,PAY-01,PRV-0001,2025-07-18,1732.43,2773.02
CLM-000912,PAY-02,PRV-0064,2025-08-12,2549.01,3739.93
CLM-000913,PAY-04,PRV-0002,2025-07-26,3563.82,3900.38
CLM-000914,PAY-03,PRV-0050,2025-07-03,3885.25,2297.31
CLM-000915,PAY-05,PRV-0076,2025-07-03,2563.35,1348.55
CLM-000916,PAY-03,PRV-0062,2025-07-31,3114.33,3149.27
CLM-000917,PAY-01,PRV-0065,2025-07-28,3942.97,4447.27
CLM-000918,PAY-05,PRV-0047,2025-07-17,549.49,2293.17
CLM-000919,PAY-05,PRV-0004,2025-08-01,4893.48,997.23
CLM-000920,PAY-03,PRV-0022,2025-07-14,4727.38,1095.31
CLM-000921,PAY-01,PRV-0048,2025-08-09,4556.21,1894.2
CLM-000922,PAY-03,PRV-0066,2025-08-09,3167.6,3888.35
CLM-000923,PAY-01,PRV-0062,2025-07-20,4510.46,611.13
CLM-000924,PAY-01,PRV-0030,2025-08-02,1775.26,3611.86
CLM-000925,PAY-05,PRV-0066,2025-07-03,2847.76,509.29
CLM-000926,PAY-05,PRV-0038,2025-08-08,4937.98,462.3
CLM-000927,PAY-05,PRV-0080,2025-07-02,1025.5,1560.52
CLM-000928,PAY-02,PRV-0009,2025-08-10,1390.33,3625.88
CLM-000929,PAY-03,PRV-0023,2025-07-24,3494.49,699.09
CLM-000930,PAY-02,PRV-0047,2025-07-25,204.05,3834.1
CLM-000931,PAY-01,PRV-0074,2025-07-03,2183.57,1839.39
CLM-000932,PAY-03,PRV-0063,2025-07-04,706.01,3408.47
CLM-000933,PAY-01,PRV-0070,2025-07-19,2090.63,2177.35
CLM-000934,PAY-03,PRV-0063,2025-07-14,3435.46,3982.68
CLM-000935,PAY-05,PRV-0048,2025-07-13,3152.15,477.36
CLM-000936,PAY-04,PRV-0073,2025-07-12,495.32,3601.26
CLM-000937,PAY-01,PRV-0007,2025-07-09,1135.27,3400.76
CLM-000938,PAY-04,PRV-0024,2025-07-11,1314.27,254.85
CLM-000939,PAY-01,PRV-0035,2025-07-08,4316.42,1262.35
CLM-000940,PAY-02,PRV-0032,2025-07-06,3358.32,175.49
CLM-000941,PAY-05,PRV-0072,2025-07-03,4781.99,4268.9
CLM-000942,PAY-01,PRV-0063,2025-08-13,1736.36,2519.12
CLM-000943,PAY-03,PRV-0004,2025-08-03,4800.17,103.38
CLM-000944,PAY-01,PRV-0061,2025-07-09,2853.25,2710.67
CLM-000945,PAY-01,PRV-0068,2025-07-17,2331.82,2305.06
CLM-000946,PAY-04,PRV-0046,2025-07-09,2623.48,3161.58
CLM-000947,PAY-05,PRV-0018,2025-07-19,3239.53,4147.24
CLM-000948,PAY-05,PRV-0017,2025-07-23,1240.39,2914.49
CLM-000949,PAY-03,PRV-0034,2025-07-25,2238.49,2986.45
CLM-000950,PAY-05,PRV-0072,2025-08-14,2545.45,2339.6
CLM-000951,PAY-04,PRV-0052,2025-08-06,2434.61,2857.68
CLM-000952,PAY-02,PRV-0079,2025-08-07,2301.71,1379.81
CLM-000953,PAY-03,PRV-0077,2025-07-31,1424.58,2101.46
CLM-000954,PAY-03,PRV-0065,2025-07-19,4049.31,3747.24
CLM-000955,PAY-01,PRV-0015,2025-07-30,4163.96,538.42
CLM-000956,PAY-04,PRV-0018,2025-07-13,3939.6,4197.36
CLM-000957,PAY-01,PRV-0048,2025-07-02,533.35,4391.98
CLM-000958,PAY-02,PRV-0056,2025-08-03,1307.38,4462.88
CLM-000959,PAY-02,PRV-0016,2025-07-01,941.28,4329.11
CLM-000960,PAY-05,PRV-0016,2025-07-23,4296.83,3267.49
CLM-000961,PAY-02,PRV-0064,2025-08-09,2457.04,4262.21
CLM-000962,PAY-03,PRV-0004,2025-07-11,2380.4,1555.69
CLM-000963,PAY-01,PRV-0033,2025-07-10,1825.33,3540.59
CLM-000964,PAY-05,PRV-0042,2025-07-11,3810.23,3980.19
CLM-000965,PAY-05,PRV-0023,2025-08-06,1190.07,2852.82
CLM-000966,PAY-02,PRV-0036,2025-07-20,1208.33,506.21
CLM-000967,PAY-03,PRV-0064,2025-08-02,507.19,4160.92
CLM-000968,PAY-03,PRV-0011,2025-07-05,2207.95,1538.51
CLM-000969,PAY-01,PRV-0014,2025-07-14,4561.97,3740.88
CLM-000970,PAY-05,PRV-0047,2025-07-28,3036.89,4067.89
CLM-000971,PAY-03,PRV-0042,2025-07-30,2380.87,136.74
CLM-000972,PAY-01,PRV-0008,2025-08-13,3535.47,520.04
CLM-000973,PAY-01,PRV-0077,2025-07-17,4632.03,4361.37
CLM-000974,PAY-04,PRV-0040,2025-08-13,101.69,123.26
CLM-000975,PAY-01,PRV-0062,2025-07-28,3987.31,1738.23
CLM-000976,PAY-03,PRV-0035,2025-07-16,3230.9,109.48
CLM-000977,PAY-03,PRV-0009,2025-07-07,443.61,1987.95
CLM-000978,PAY-02,PRV-0072,2025-07-12,1408.1,2666.92
CLM-000979,PAY-03,PRV-0014,2025-07-06,863.1,676.73
CLM-000980,PAY-03,PRV-0056,2025-07-12,4027.72,2928.86
CLM-000981,PAY-05,PRV-0049,2025-08-08,3044.46,1628.24
CLM-000982,PAY-05,PRV-0076,2025-07-04,966.34,88.36
CLM-000983,PAY-04,PRV-0003,2025-08-03,4567.45,2453.67
CLM-000984,PAY-04,PRV-0047,2025-07-03,729.23,3079.13
CLM-000985,PAY-03,PRV-0080,2025-07-23,948.93,3428.01
CLM-000986,PAY-03,PRV-0057,2025-07-16,678.7,3209.54
CLM-000987,PAY-02,PRV-0022,2025-07-16,162.22,1105.09
CLM-000988,PAY-02,PRV-0003,2025-07-14,3870.89,2752.38
CLM-000989,PAY-04,PRV-0076,2025-07-06,2404.94,94.22
CLM-000990,PAY-03,PRV-0028,2025-07-15,245.86,642.17
CLM-000991,PAY-02,PRV-0019,2025-07-09,2111.91,3485.01
CLM-000992,PAY-04,PRV-0059,2025-07-14,649.55,266.33
CLM-000993,PAY-02,PRV-0074,2025-08-10,3802.6,4008.91
CLM-000994,PAY-02,PRV-0050,2025-08-14,4287.46,2690.18
CLM-000995,PAY-05,PRV-0063,2025-08-03,3882.42,3237.7
CLM-000996,PAY-05,PRV-0073,2025-07-19,1053.7,3651.62
CLM-000997,PAY-03,PRV-0047,2025-08-14,1728.07,4184.19
CLM-000998,PAY-04,PRV-0007,2025-07-28,4667.0,2914.57
CLM-000999,PAY-04,PRV-0002,2025-07-11,4613.92,110.45
CLM-001000,PAY-04,PRV-0016,2025-07-06,392.55,1533.71
CLM-001001,PAY-05,PRV-0041,2025-07-26,1251.6,1395.91
CLM-001002,PAY-02,PRV-0038,2025-07-09,1979.84,3373.1
CLM-001003,PAY-03,PRV-0013,2025-07-10,2540.69,1198.03
CLM-001004,PAY-01,PRV-0075,2025-07-22,3062.83,1838.87
CLM-001005,PAY-03,PRV-0008,2025-07-10,1978.3,738.16
CLM-001006,PAY-01,PRV-0073,2025-08-12,1714.12,3825.78
CLM-001007,PAY-04,PRV-0044,2025-07-05,2720.66,1101.44
CLM-001008,PAY-02,PRV-0015,2025-08-07,1361.88,1142.41
CLM-001009,PAY-03,PRV-0051,2025-08-10,2146.3,3395.7
CLM-001010,PAY-04,PRV-0068,2025-08-09,1817.72,2238.12
CLM-001011,PAY-05,PRV-0016,2025-08-01,4469.72,2804.62
CLM-001012,PAY-02,PRV-0069,2025-07-23,546.37,1649.16
CLM-001013,PAY-04,PRV-0076,2025-07-22,3755.22,4488.53
CLM-001014,PAY-01,PRV-0043,2025-07-21,4184.03,4286.86
CLM-001015,PAY-01,PRV-0020,2025-07-31,4623.11,77.14
CLM-001016,PAY-04,PRV-0031,2025-07-16,3061.18,3079.55
CLM-001017,PAY-01,PRV-0055,2025-07-14,3524.16,1324.56
CLM-001018,PAY-02,PRV-0027,2025-07-01,264.89,1437.75
CLM-001019,PAY-04,PRV-0054,2025-08-10,1573.3,65.89
CLM-001020,PAY-03,PRV-0050,2025-07-31,2082.16,1759.8
CLM-001021,PAY-01,PRV-0014,2025-07-04,1838.4,185.83
CLM-001022,PAY-02,PRV-0033,2025-08-14,1380.09,1122.4
CLM-001023,PAY-03,PRV-0052,2025-07-01,181.88,1640.18
CLM-001024,PAY-04,PRV-0028,2025-08-11,4416.21,3075.55
CLM-001025,PAY-03,PRV-0036,2025-08-02,2326.72,4488.6
CLM-001026,PAY-03,PRV-0043,2025-08-09,2641.58,2570.33
CLM-001027,PAY-02,PRV-0058,2025-07-20,1024.95,3386.6
CLM-001028,PAY-02,PRV-0022,2025-07-31,464.3,3822.37
CLM-001029,PAY-02,PRV-0002,2025-07-28,62.51,4281.08
CLM-001030,PAY-05,PRV-0020,2025-08-01,759.6,4076.91
CLM-001031,PAY-03,PRV-0046,2025-08-07,3500.51,2834.03
CLM-001032,PAY-04,PRV-0050,2025-08-01,3262.0,340.22
CLM-001033,PAY-01,PRV-0054,2025-08-06,1731.0,813.28
CLM-001034,PAY-02,PRV-0057,2025-07-05,215.56,4011.52
CLM-001035,PAY-04,PRV-0065,2025-07-03,2509.82,3871.71
CLM-001036,PAY-03,PRV-0075,2025-07-30,1715.42,144.7
CLM-001037,PAY-05,PRV-0020,2025-07-16,2094.17,3786.05
CLM-001038,PAY-02,PRV-0020,2025-08-08,4781.47,3012.81
CLM-001039,PAY-02,PRV-0020,2025-07-03,341.56,3775.51
CLM-001040,PAY-02,PRV-0058,2025-08-04,3045.72,2365.79
CLM-001041,PAY-02,PRV-0063,2025-07-03,1307.95,3885.22
CLM-001042,PAY-04,PRV-0037,2025-07-20,3670.8,1975.8
CLM-001043,PAY-05,PRV-0075,2025-07-18,4383.78,3118.33
CLM-001044,PAY-03,PRV-0020,2025-07-15,3096.87,2467.12
CLM-001045,PAY-02,PRV-0027,2025-07-15,2103.56,236.59
CLM-001046,PAY-04,PRV-0052,2025-07-15,2198.45,2358.86
CLM-001047,PAY-01,PRV-0027,2025-07-17,3110.54,4139.1
CLM-001048,PAY-01,PRV-0070,2025-08-05,4044.32,1712.5
CLM-001049,PAY-02,PRV-0066,2025-07-17,4676.73,2525.13
CLM-001050,PAY-02,PRV-0020,2025-07-23,4677.5,1567.03
CLM-001051,PAY-05,PRV-0076,2025-08-04,855.13,2798.39
CLM-001052,PAY-03,PRV-0057,2025-07-20,3145.77,2912.24
CLM-001053,PAY-05,PRV-0031,2025-07-18,4478.68,3976.01
CLM-001054,PAY-03,PRV-0074,2025-08-01,2966.27,389.9
CLM-001055,PAY-01,PRV-0053,2025-07-11,624.35,4180.64
CLM-001056,PAY-01,PRV-0020,2025-07-19,1076.18,188.84
CLM-001057,PAY-01,PRV-0053,2025-08-04,1189.94,333.93
CLM-001058,PAY-01,PRV-0061,2025-07-07,3503.1,2992.32
CLM-001059,PAY-01,PRV-0019,2025-08-11,1656.8,3382.85
CLM-001060,PAY-02,PRV-0068,2025-08-12,3081.81,1654.58
CLM-001061,PAY-02,PRV-0060,2025-07-24,2436.27,3686.97
CLM-001062,PAY-01,PRV-0029,2025-07-05,3601.33,1448.65
CLM-001063,PAY-02,PRV-0016,2025-08-10,3294.4,2763.8
CLM-001064,PAY-05,PRV-0042,2025-07-10,4682.65,2963.48
CLM-001065,PAY-05,PRV-0017,2025-08-07,1533.24,3643.88
CLM-001066,PAY-05,PRV-0018,2025-07-14,928.01,2636.71
CLM-001067,PAY-01,PRV-0051,2025-07-21,4748.63,2849.85
CLM-001068,PAY-04,PRV-0037,2025-07-25,4647.86,1045.71
CLM-001069,PAY-01,PRV-0064,2025-07-07,1587.62,1563.2
CLM-001070,PAY-01,PRV-0056,2025-08-02,2369.04,3333.03
CLM-001071,PAY-02,PRV-0009,2025-07-24,135.5,3163.35
CLM-001072,PAY-02,PRV-0034,2025-08-04,4398.91,946.01
CLM-001073,PAY-03,PRV-0017,2025-08-02,34.34,3535.43
CLM-001074,PAY-04,PRV-0058,2025-07-09,646.12,366.92
CLM-001075,PAY-01,PRV-0002,2025-07-23,3990.33,2907.55
CLM-001076,PAY-05,PRV-0077,2025-08-09,1307.29,2929.67
CLM-001077,PAY-03,PRV-0044,2025-07-01,1486.69,4257.56
CLM-001078,PAY-05,PRV-0055,2025-08-11,2586.37,4078.12
CLM-001079,PAY-03,PRV-0022,2025-07-14,743.96,1258.21
CLM-001080,PAY-04,PRV-0060,2025-07-10,4101.72,948.05
CLM-001081,PAY-04,PRV-0073,2025-07-15,3172.34,3584.35
CLM-001082,PAY-05,PRV-0076,2025-08-12,1377.05,2601.31
CLM-001083,PAY-02,PRV-0021,2025-07-11,4377.15,3302.37
CLM-001084,PAY-05,PRV-0031,2025-08-14,4287.75,4269.48
CLM-001085,PAY-03,PRV-0019,2025-08-12,3816.16,1323.04
CLM-001086,PAY-04,PRV-0001,2025-08-04,3277.38,3814.89
CLM-001087,PAY-04,PRV-0060,2025-07-19,1054.67,2544.16
CLM-001088,PAY-05,PRV-0036,2025-07-24,2897.96,4378.03
CLM-001089,PAY-04,PRV-0027,2025-07-01,648.67,4205.51
CLM-001090,PAY-01,PRV-0067,2025-08-06,4263.23,4046.73
CLM-001091,PAY-02,PRV-0023,2025-07-10,151.4,356.55
CLM-001092,PAY-02,PRV-0036,2025-07-15,2256.05,2165.81
CLM-001093,PAY-05,PRV-0023,2025-07-08,64.11,2205.94
CLM-001094,PAY-01,PRV-0038,2025-08-04,3954.47,1032.19
CLM-001095,PAY-05,PRV-0076,2025-07-24,2569.0,1508.73
CLM-001096,PAY-02,PRV-0039,2025-08-10,1075.02,3664.88
CLM-001097,PAY-04,PRV-0010,2025-07-26,2671.94,3133.99
CLM-001098,PAY-04,PRV-0014,2025-08-08,2942.68,321.41
CLM-001099,PAY-05,PRV-0069,2025-08-07,2701.76,2523.92
CLM-001100,PAY-05,PRV-0073,2025-07-20,700.31,441.05
CLM-001101,PAY-05,PRV-0035,2025-08-14,2891.25,2642.87
CLM-001102,PAY-02,PRV-0073,2025-07-06,3300.02,1406.07
CLM-001103,PAY-02,PRV-0009,2025-08-02,3914.45,3324.83
CLM-001104,PAY-03,PRV-0046,2025-07-27,3383.24,405.86
CLM-001105,PAY-05,PRV-0074,2025-07-01,1294.97,3867.3
CLM-001106,PAY-04,PRV-0043,2025-07-18,3836.04,3665.71
CLM-001107,PAY-03,PRV-0030,2025-07-21,1470.55,359.27
CLM-001108,PAY-01,PRV-0074,2025-07-29,794.01,1802.68
CLM-001109,PAY-01,PRV-0061,2025-08-08,1827.4,3135.45
CLM-001110,PAY-04,PRV-0051,2025-07-26,2883.8,1423.75
CLM-001111,PAY-01,PRV-0078,2025-07-01,1412.29,248.21
CLM-001112,PAY-04,PRV-0059,2025-08-13,3740.71,1410.9
CLM-001113,PAY-04,PRV-0068,2025-07-23,3367.59,3948.96
CLM-001114,PAY-03,PRV-0065,2025-07-30,3020.86,1109.27
CLM-001115,PAY-02,PRV-0039,2025-07-21,234.13,1970.62
CLM-001116,PAY-02,PRV-0042,2025-08-06,4938.37,3318.71
CLM-001117,PAY-05,PRV-0011,2025-08-06,2558.1,2121.3
CLM-001118,PAY-01,PRV-0037,2025-07-19,3609.94,1598.59
CLM-001119,PAY-05,PRV-0016,2025-07-17,2468.06,4268.35
CLM-001120,PAY-05,PRV-0069,2025-07-14,1520.17,3982.51
CLM-001121,PAY-02,PRV-0075,2025-08-06,4974.73,4470.34
CLM-001122,PAY-02,PRV-0054,2025-07-17,2579.96,1107.11
CLM-001123,PAY-02,PRV-0043,2025-07-06,1655.15,3641.34
CLM-001124,PAY-03,PRV-0052,2025-08-02,2875.52,1914.78
CLM-001125,PAY-04,PRV-0029,2025-07-22,3951.28,4252.47
CLM-001126,PAY-01,PRV-0027,2025-07-17,2570.48,747.19
CLM-001127,PAY-01,PRV-0064,2025-07-22,708.69,1728.99
CLM-001128,PAY-02,PRV-0077,2025-08-08,3235.38,924.58
CLM-001129,PAY-04,PRV-0043,2025-07-14,872.4,2651.14
CLM-001130,PAY-04,PRV-0060,2025-07-23,2340.99,4076.32
CLM-001131,PAY-02,PRV-0054,2025-07-18,4750.03,2674.37
CLM-001132,PAY-02,PRV-0063,2025-08-05,1496.57,3671.83
CLM-001133,PAY-05,PRV-0037,2025-07-03,292.59,1182.9
CLM-001134,PAY-03,PRV-0019,2025-08-14,4645.57,3526.89
CLM-001135,PAY-05,PRV-0046,2025-07-01,2750.37,3599.38
CLM-001136,PAY-03,PRV-0001,2025-07-09,3198.46,3240.52
CLM-001137,PAY-05,PRV-0018,2025-08-11,3629.03,2852.36
CLM-001138,PAY-05,PRV-0048,2025-07-15,4258.28,3187.37
CLM-001139,PAY-05,PRV-0061,2025-08-06,534.2,2780.07
CLM-001140,PAY-01,PRV-0033,2025-07-22,3951.33,790.69
CLM-001141,PAY-03,PRV-0026,2025-07-08,3262.96,947.09
CLM-001142,PAY-04,PRV-0077,2025-08-14,3948.8,4303.59
CLM-001143,PAY-02,PRV-0020,2025-07-22,4499.82,4152.99
CLM-001144,PAY-01,PRV-0060,2025-07-13,3607.18,1481.86
CLM-001145,PAY-03,PRV-0061,2025-07-31,2012.74,962.18
CLM-001146,PAY-03,PRV-0038,2025-07-07,4096.72,2697.45
CLM-001147,PAY-03,PRV-0080,2025-07-18,1603.14,3697.8
CLM-001148,PAY-03,PRV-0079,2025-08-01,381.94,832.58
CLM-001149,PAY-04,PRV-0046,2025-08-08,3447.44,3836.49
CLM-001150,PAY-02,PRV-0009,2025-08-11,4092.64,2830.29
CLM-001151,PAY-04,PRV-0041,2025-07-08,3237.18,835.77
CLM-001152,PAY-03,PRV-0037,2025-08-05,2711.03,406.56
CLM-001153,PAY-02,PRV-0030,2025-07-03,4994.49,1630.18
CLM-001154,PAY-01,PRV-0027,2025-08-01,3471.62,2677.1
CLM-001155,PAY-01,PRV-0065,2025-07-14,3908.42,352.7
CLM-001156,PAY-01,PRV-0003,2025-07-09,3178.26,856.0
CLM-001157,PAY-04,PRV-0072,2025-07-21,964.13,1388.05
CLM-001158,PAY-01,PRV-0007,2025-08-07,2879.92,3930.15
CLM-001159,PAY-03,PRV-0011,2025-07-31,425.68,3058.93
CLM-001160,PAY-03,PRV-0030,2025-07-14,1122.94,3460.79
CLM-001161,PAY-02,PRV-0048,2025-07-04,1627.5,4489.97
CLM-001162,PAY-03,PRV-0041,2025-08-10,3412.25,163.74
CLM-001163,PAY-04,PRV-0009,2025-07-06,3488.85,2482.02
CLM-001164,PAY-04,PRV-0008,2025-07-07,1904.9,3503.48
CLM-001165,PAY-01,PRV-0032,2025-08-08,4068.64,1857.96
CLM-001166,PAY-04,PRV-0064,2025-08-02,2810.22,506.4
CLM-001167,PAY-02,PRV-0068,2025-08-04,582.44,1282.21
CLM-001168,PAY-04,PRV-0074,2025-07-25,1827.89,1066.14
CLM-001169,PAY-05,PRV-0068,2025-08-11,1941.65,1987.36
CLM-001170,PAY-04,PRV-0008,2025-08-04,4209.09,1095.52
CLM-001171,PAY-01,PRV-0009,2025-07-19,3418.62,3407.56
CLM-001172,PAY-04,PRV-0042,2025-07-20,586.46,209.05
CLM-001173,PAY-01,PRV-0074,2025-07-22,4202.68,3008.07
CLM-001174,PAY-05,PRV-0052,2025-08-04,4973.91,2732.12
CLM-001175,PAY-05,PRV-0051,2025-08-09,3288.74,4275.38
CLM-001176,PAY-05,PRV-0074,2025-07-12,362.05,3900.78
CLM-001177,PAY-04,PRV-0007,2025-07-27,3572.27,2846.38
CLM-001178,PAY-05,PRV-0041,2025-07-23,2058.7,4365.29
CLM-001179,PAY-05,PRV-0058,2025-08-07,416.85,3334.52
CLM-001180,PAY-01,PRV-0073,2025-07-20,3417.2,3367.35
CLM-001181,PAY-01,PRV-0079,2025-08-11,4396.57,3116.0
CLM-001182,PAY-03,PRV-0052,2025-07-06,3372.25,2694.47
CLM-001183,PAY-04,PRV-0033,2025-07-22,4400.64,3312.45
CLM-001184,PAY-01,PRV-0034,2025-08-01,403.11,1661.52
CLM-001185,PAY-01,PRV-0014,2025-08-09,4849.26,406.14
CLM-001186,PAY-03,PRV-0040,2025-08-04,702.54,2236.31
CLM-001187,PAY-04,PRV-0049,2025-07-04,2192.66,3332.76
CLM-001188,PAY-04,PRV-0006,2025-07-09,2516.13,4171.9
CLM-001189,PAY-02,PRV-0010,2025-07-04,705.53,837.51
CLM-001190,PAY-02,PRV-0040,2025-07-25,3737.28,2765.94
CLM-001191,PAY-05,PRV-0012,2025-08-07,1556.78,2771.84
CLM-001192,PAY-01,PRV-0041,2025-07-13,1504.58,4106.36
CLM-001193,PAY-03,PRV-0043,2025-07-12,4568.98,803.42
CLM-001194,PAY-05,PRV-0052,2025-07-06,3112.68,1615.37
CLM-001195,PAY-04,PRV-0063,2025-07-17,2336.56,1811.52
CLM-001196,PAY-03,PRV-0052,2025-07-31,4832.61,214.21
CLM-001197,PAY-02,PRV-0028,2025-08-14,4328.33,3025.37
CLM-001198,PAY-05,PRV-0010,2025-07-28,953.52,1396.88
CLM-001199,PAY-04,PRV-0079,2025-07-20,541.48,4120.45
CLM-001200,PAY-05,PRV-0052,2025-07-22,2318.08,2984.77
CLM-001201,PAY-01,PRV-0032,2025-07-01,4471.74,4268.09
CLM-001202,PAY-01,PRV-0026,2025-07-10,2912.34,1191.15
CLM-001203,PAY-03,PRV-0049,2025-08-12,3212.56,3494.43
CLM-001204,PAY-02,PRV-0056,2025-07-13,126.81,3236.34
CLM-001205,PAY-04,PRV-0047,2025-08-07,1788.89,3990.68
CLM-001206,PAY-04,PRV-0068,2025-07-09,3672.07,3139.17
CLM-001207,PAY-02,PRV-0076,2025-07-20,2032.03,642.55
CLM-001208,PAY-04,PRV-0041,2025-07-22,4078.18,3296.06
CLM-001209,PAY-03,PRV-0006,2025-07-01,4365.15,678.19
CLM-001210,PAY-04,PRV-0078,2025-07-26,4249.76,3829.13
CLM-001211,PAY-05,PRV-0009,2025-07-11,2891.85,107.48
CLM-001212,PAY-04,PRV-0004,2025-07-08,2021.83,683.48
CLM-001213,PAY-04,PRV-0050,2025-08-07,4728.55,3590.4
CLM-001214,PAY-02,PRV-0001,2025-07-02,2637.94,300.17
CLM-001215,PAY-01,PRV-0020,2025-07-06,3134.45,2352.35
CLM-001216,PAY-03,PRV-0060,2025-08-12,3910.1,2315.49
CLM-001217,PAY-02,PRV-0077,2025-07-04,2526.28,1761.57
CLM-001218,PAY-03,PRV-0043,2025-07-10,1909.6,1167.4
CLM-001219,PAY-01,PRV-0038,2025-07-17,2779.65,928.97
CLM-001220,PAY-03,PRV-0066,2025-07-30,1986.95,3595.81
CLM-001221,PAY-03,PRV-0058,2025-08-03,1598.79,1508.91
CLM-001222,PAY-03,PRV-0042,2025-08-14,4131.98,1071.6
CLM-001223,PAY-01,PRV-0046,2025-07-18,1779.56,2073.26
CLM-001224,PAY-05,PRV-0029,2025-08-04,4080.93,372.05
CLM-001225,PAY-02,PRV-0059,2025-08-10,286.8,3521.58
CLM-001226,PAY-05,PRV-0070,2025-07-18,804.49,3933.38
CLM-001227,PAY-03,PRV-0045,2025-07-14,1695.83,2536.66
CLM-001228,PAY-04,PRV-0009,2025-07-21,250.75,4315.44
CLM-001229,PAY-05,PRV-0029,2025-07-16,323.42,2532.57
CLM-001230,PAY-01,PRV-0016,2025-07-30,4876.65,1302.59
CLM-001231,PAY-01,PRV-0007,2025-07-30,2762.36,4385.39
CLM-001232,PAY-03,PRV-0002,2025-07-05,4917.05,1143.32
CLM-001233,PAY-02,PRV-0007,2025-08-01,3852.8,3586.9
CLM-001234,PAY-03,PRV-0018,2025-07-07,1528.15,1358.3
CLM-001235,PAY-05,PRV-0013,2025-08-10,40.23,1859.41
CLM-001236,PAY-03,PRV-0017,2025-07-18,3040.25,2579.34
CLM-001237,PAY-02,PRV-0047,2025-07-23,103.22,545.35
CLM-001238,PAY-05,PRV-0037,2025-07-31,179.65,596.09
CLM-001239,PAY-02,PRV-0046,2025-07-05,1539.83,1186.32
CLM-001240,PAY-02,PRV-0064,2025-07-27,1614.55,2707.63
CLM-001241,PAY-03,PRV-0028,2025-08-09,2893.57,404.97
CLM-001242,PAY-01,PRV-0047,2025-07-06,3131.16,4198.67
CLM-001243,PAY-04,PRV-0065,2025-08-03,1276.81,1449.43
CLM-001244,PAY-04,PRV-0031,2025-07-26,1291.97,145.0
CLM-001245,PAY-05,PRV-0062,2025-08-05,3277.91,2895.29
CLM-001246,PAY-05,PRV-0017,2025-07-21,4265.34,2822.36
CLM-001247,PAY-03,PRV-0018,2025-07-08,3067.12,2528.7
CLM-001248,PAY-05,PRV-0053,2025-08-09,545.22,1762.38
CLM-001249,PAY-05,PRV-0062,2025-07-26,1414.67,1640.25
CLM-001250,PAY-04,PRV-0059,2025-07-09,1484.31,2807.63
CLM-001251,PAY-02,PRV-0028,2025-08-06,2113.25,2262.22
CLM-001252,PAY-01,PRV-0061,2025-07-02,1719.5,2651.52
CLM-001253,PAY-03,PRV-0073,2025-07-06,605.5,3007.06
CLM-001254,PAY-04,PRV-0074,2025-08-12,129.33,2888.76
CLM-001255,PAY-01,PRV-0001,2025-08-13,1790.39,1288.05
CLM-001256,PAY-02,PRV-0026,2025-07-30,2291.4,2860.5
CLM-001257,PAY-01,PRV-0001,2025-07-09,1243.92,323.02
CLM-001258,PAY-05,PRV-0025,2025-07-12,2864.6,945.06
CLM-001259,PAY-03,PRV-0014,2025-07-01,2404.87,1563.29
CLM-001260,PAY-05,PRV-0072,2025-07-16,3570.26,2291.29
CLM-001261,PAY-03,PRV-0058,2025-07-19,4090.03,3356.53
CLM-001262,PAY-05,PRV-0009,2025-08-10,1603.27,3380.1
CLM-001263,PAY-03,PRV-0067,2025-08-06,3591.57,2667.95
CLM-001264,PAY-03,PRV-0008,2025-07-27,1550.84,631.13
CLM-001265,PAY-01,PRV-0036,2025-07-16,2403.67,2010.09
CLM-001266,PAY-01,PRV-0057,2025-07-29,1375.48,2270.4
CLM-001267,PAY-03,PRV-0060,2025-07-05,2964.02,1099.46
CLM-001268,PAY-02,PRV-0059,2025-07-04,3403.47,3917.86
CLM-001269,PAY-03,PRV-0045,2025-07-17,4662.07,2505.03
CLM-001270,PAY-04,PRV-0061,2025-08-14,1976.29,3944.48
CLM-001271,PAY-04,PRV-0060,2025-07-26,2862.35,417.02
CLM-001272,PAY-02,PRV-0020,2025-07-18,295.96,2384.5
CLM-001273,PAY-05,PRV-0073,2025-08-06,2960.63,1150.03
CLM-001274,PAY-03,PRV-0067,2025-07-01,1352.88,2206.74
CLM-001275,PAY-01,PRV-0028,2025-08-07,70.12,2543.95
CLM-001276,PAY-05,PRV-0018,2025-08-04,2800.11,3017.26
CLM-001277,PAY-05,PRV-0022,2025-07-22,823.96,1037.1
CLM-001278,PAY-04,PRV-0060,2025-08-10,3613.94,3847.91
CLM-001279,PAY-01,PRV-0077,2025-07-22,4884.17,3847.62
CLM-001280,PAY-02,PRV-0059,2025-07-26,1638.64,2944.28
CLM-001281,PAY-04,PRV-0039,2025-07-30,4618.04,1247.12
CLM-001282,PAY-05,PRV-0048,2025-07-19,2515.0,446.37
CLM-001283,PAY-05,PRV-0009,2025-08-13,1363.34,1156.62
CLM-001284,PAY-02,PRV-0032,2025-08-13,3454.18,3953.83
CLM-001285,PAY-05,PRV-0073,2025-07-23,101.99,3244.32
CLM-001286,PAY-01,PRV-0002,2025-07-01,2862.1,2380.58
CLM-001287,PAY-02,PRV-0051,2025-07-01,2904.93,1096.93
CLM-001288,PAY-01,PRV-0013,2025-08-01,2050.36,2753.98
CLM-001289,PAY-04,PRV-0071,2025-08-01,918.07,288.37
CLM-001290,PAY-03,PRV-0068,2025-07-19,3225.16,4465.26
CLM-001291,PAY-02,PRV-0064,2025-07-17,4284.71,469.02
CLM-001292,PAY-01,PRV-0036,2025-07-17,1242.2,4052.16
CLM-001293,PAY-05,PRV-0075,2025-07-15,850.65,1187.43
CLM-001294,PAY-04,PRV-0006,2025-08-07,1065.92,3449.81
CLM-001295,PAY-03,PRV-0046,2025-07-13,4317.2,2418.38
CLM-001296,PAY-01,PRV-0054,2025-08-13,478.22,3767.79
CLM-001297,PAY-05,PRV-0050,2025-07-14,3090.32,959.15
CLM-001298,PAY-04,PRV-0010,2025-08-06,811.73,3982.38
CLM-001299,PAY-03,PRV-0068,2025-08-11,3680.34,2149.83
CLM-001300,PAY-05,PRV-0064,2025-08-13,4241.41,1594.66
CLM-001301,PAY-04,PRV-0016,2025-07-29,4292.4,3215.38
CLM-001302,PAY-05,PRV-0012,2025-07-26,865.38,1317.04
CLM-001303,PAY-01,PRV-0066,2025-08-09,4482.77,619.88
CLM-001304,PAY-01,PRV-0017,2025-07-18,1643.45,239.15
CLM-001305,PAY-02,PRV-0067,2025-08-03,2656.07,3974.7
CLM-001306,PAY-05,PRV-0038,2025-08-02,296.32,1781.24
CLM-001307,PAY-03,PRV-0002,2025-07-20,4129.4,436.37
CLM-001308,PAY-03,PRV-0001,2025-07-20,598.49,665.22
CLM-001309,PAY-03,PRV-0029,2025-07-16,146.02,3192.17
CLM-001310,PAY-02,PRV-0032,2025-07-29,4147.42,1648.67
CLM-001311,PAY-05,PRV-0010,2025-07-17,2793.4,1547.18
CLM-001312,PAY-05,PRV-0046,2025-07-06,1407.44,3734.63
CLM-001313,PAY-04,PRV-0077,2025-07-24,3177.09,2550.54
CLM-001314,PAY-04,PRV-0033,2025-07-18,3101.08,4227.74
CLM-001315,PAY-01,PRV-0036,2025-07-11,3140.13,3988.09
CLM-001316,PAY-01,PRV-0024,2025-08-06,100.64,2167.27
CLM-001317,PAY-02,PRV-0010,2025-07-17,1149.76,4308.47
CLM-001318,PAY-02,PRV-0063,2025-07-15,4056.62,416.23
CLM-001319,PAY-02,PRV-0054,2025-07-21,591.36,2446.44
CLM-001320,PAY-02,PRV-0055,2025-08-03,3167.41,1123.09
CLM-001321,PAY-02,PRV-0055,2025-07-09,4981.26,2978.95
CLM-001322,PAY-05,PRV-0077,2025-07-21,4947.63,3426.14
CLM-001323,PAY-02,PRV-0034,2025-07-24,226.61,2583.53
CLM-001324,PAY-05,PRV-0065,2025-08-07,1952.4,556.35
CLM-001325,PAY-05,PRV-0003,2025-07-21,871.1,2962.92
CLM-001326,PAY-02,PRV-0043,2025-07-12,1321.07,3512.65
CLM-001327,PAY-04,PRV-0024,2025-08-14,1565.6,1676.52
CLM-001328,PAY-02,PRV-0067,2025-07-09,4037.52,3708.52
CLM-001329,PAY-04,PRV-0051,2025-07-03,3775.3,3599.81
CLM-001330,PAY-05,PRV-0073,2025-07-17,4522.16,4338.63
CLM-001331,PAY-05,PRV-0010,2025-07-23,3012.61,4484.56
CLM-001332,PAY-05,PRV-0033,2025-07-17,3441.46,786.34
CLM-001333,PAY-02,PRV-0002,2025-07-08,843.57,1824.66
CLM-001334,PAY-03,PRV-0060,2025-07-20,296.47,1977.22
CLM-001335,PAY-05,PRV-0050,2025-08-13,4796.69,877.71
CLM-001336,PAY-05,PRV-0033,2025-08-04,1935.88,1717.76
CLM-001337,PAY-04,PRV-0061,2025-08-08,4925.49,3675.44
CLM-001338,PAY-04,PRV-0070,2025-07-16,2777.35,1306.74
CLM-001339,PAY-03,PRV-0010,2025-07-09,4907.46,1944.01
CLM-001340,PAY-01,PRV-0040,2025-07-19,2132.41,1795.45
CLM-001341,PAY-01,PRV-0063,2025-08-06,3829.48,167.33
CLM-001342,PAY-04,PRV-0042,2025-08-07,651.09,1101.66
CLM-001343,PAY-04,PRV-0022,2025-07-07,1872.22,1893.74
CLM-001344,PAY-05,PRV-0067,2025-07-27,4047.7,478.37
CLM-001345,PAY-05,PRV-0064,2025-08-14,2390.59,2877.96
CLM-001346,PAY-05,PRV-0020,2025-07-07,2401.18,2031.73
CLM-001347,PAY-04,PRV-0007,2025-07-28,2482.55,3779.26
CLM-001348,PAY-02,PRV-0070,2025-08-14,1796.53,2491.52
CLM-001349,PAY-03,PRV-0018,2025-07-19,2781.22,2303.56
CLM-001350,PAY-03,PRV-0018,2025-07-16,3026.45,910.42
CLM-001351,PAY-03,PRV-0001,2025-07-11,4344.83,2385.41
CLM-001352,PAY-02,PRV-0053,2025-07-06,4828.85,771.58
CLM-001353,PAY-03,PRV-0034,2025-07-15,2112.63,270.86
CLM-001354,PAY-04,PRV-0066,2025-07-27,4870.77,1530.41
CLM-001355,PAY-05,PRV-0028,2025-07-02,990.05,510.4
CLM-001356,PAY-03,PRV-0015,2025-07-29,3902.31,2945.78
CLM-001357,PAY-03,PRV-0046,2025-08-01,2592.7,4016.86
CLM-001358,PAY-05,PRV-0038,2025-07-30,3980.0,4269.06
CLM-001359,PAY-04,PRV-0021,2025-08-05,2925.47,2992.52
CLM-001360,PAY-05,PRV-0020,2025-07-02,61.76,3752.29
CLM-001361,PAY-05,PRV-0031,2025-07-02,1986.73,4420.46
CLM-001362,PAY-03,PRV-0029,2025-07-06,1052.85,2378.84
CLM-001363,PAY-05,PRV-0047,2025-07-02,4742.85,4458.38
CLM-001364,PAY-04,PRV-0008,2025-07-13,2631.52,3083.8
CLM-001365,PAY-01,PRV-0043,2025-07-19,2897.12,2281.41
CLM-001366,PAY-01,PRV-0068,2025-07-31,3912.25,3790.07
CLM-001367,PAY-05,PRV-0025,2025-08-06,729.45,710.47
CLM-001368,PAY-04,PRV-0037,2025-07-08,2229.71,302.19
CLM-001369,PAY-03,PRV-0025,2025-07-26,2166.06,3161.87
CLM-001370,PAY-05,PRV-0069,2025-07-21,3373.74,2916.35
CLM-001371,PAY-04,PRV-0011,2025-08-07,3094.12,4044.35
CLM-001372,PAY-05,PRV-0042,2025-07-15,4332.14,3997.06
CLM-001373,PAY-05,PRV-0016,2025-08-07,3235.04,3805.45
CLM-001374,PAY-02,PRV-0071,2025-07-01,3772.68,2263.03
CLM-001375,PAY-01,PRV-0022,2025-08-12,300.19,3123.37
CLM-001376,PAY-05,PRV-0067,2025-07-10,604.11,2454.68
CLM-001377,PAY-05,PRV-0013,2025-07-24,3206.22,1135.07
CLM-001378,PAY-03,PRV-0015,2025-07-31,3087.67,350.67
CLM-001379,PAY-04,PRV-0001,2025-08-08,3311.21,2934.77
CLM-001380,PAY-05,PRV-0063,2025-08-11,2915.79,1470.68
CLM-001381,PAY-05,PRV-0006,2025-07-23,2865.86,179.61
CLM-001382,PAY-03,PRV-0025,2025-07-08,1352.54,3071.53
CLM-001383,PAY-03,PRV-0054,2025-08-02,4857.39,495.41
CLM-001384,PAY-05,PRV-0006,2025-07-02,4578.53,3201.4
CLM-001385,PAY-02,PRV-0060,2025-07-15,4855.89,2820.77
CLM-001386,PAY-01,PRV-0029,2025-08-09,251.62,2837.97
CLM-001387,PAY-05,PRV-0023,2025-08-11,4056.85,1199.92
CLM-001388,PAY-03,PRV-0055,2025-08-11,341.03,3622.6
CLM-001389,PAY-04,PRV-0012,2025-07-22,573.17,4004.84
CLM-001390,PAY-05,PRV-0046,2025-08-13,1998.65,3029.56
CLM-001391,PAY-02,PRV-0062,2025-07-31,1949.11,1717.91
CLM-001392,PAY-01,PRV-0010,2025-08-11,4944.28,945.08
CLM-001393,PAY-02,PRV-0061,2025-08-07,2829.06,3004.94
CLM-001394,PAY-03,PRV-0046,2025-08-06,731.17,1013.8
CLM-001395,PAY-01,PRV-0005,2025-07-24,4449.58,2226.52
CLM-001396,PAY-01,PRV-0001,2025-08-03,4123.63,346.23
CLM-001397,PAY-03,PRV-0067,2025-08-09,1171.58,3562.5
CLM-001398,PAY-01,PRV-0055,2025-07-27,852.74,1748.28
CLM-001399,PAY-02,PRV-0050,2025-08-06,4913.54,4394.6
CLM-001400,PAY-04,PRV-0023,2025-07-19,1683.66,1667.23
CLM-001401,PAY-02,PRV-0070,2025-07-18,4172.64,2631.22
CLM-001402,PAY-05,PRV-0061,2025-08-02,1741.84,3433.36
CLM-001403,PAY-05,PRV-0029,2025-08-10,730.26,3825.33
CLM-001404,PAY-01,PRV-0055,2025-08-07,3018.66,2490.14
CLM-001405,PAY-01,PRV-0009,2025-08-13,1002.29,1887.86
CLM-001406,PAY-03,PRV-0018,2025-07-31,4124.22,2665.8
CLM-001407,PAY-02,PRV-0009,2025-08-14,4380.16,2605.21
CLM-001408,PAY-01,PRV-0037,2025-07-31,2678.31,3239.86
CLM-001409,PAY-04,PRV-0063,2025-07-24,3867.42,1009.98
CLM-001410,PAY-01,PRV-0063,2025-07-07,2916.75,422.29
CLM-001411,PAY-02,PRV-0076,2025-07-28,647.96,2049.6
CLM-001412,PAY-02,PRV-0002,2025-08-09,3789.49,1050.27
CLM-001413,PAY-01,PRV-0002,2025-08-02,3936.69,3876.93
CLM-001414,PAY-05,PRV-0041,2025-07-19,3145.79,1931.03
CLM-001415,PAY-04,PRV-0068,2025-07-15,3988.5,593.55
CLM-001416,PAY-01,PRV-0032,2025-07-21,97.56,2924.21
CLM-001417,PAY-02,PRV-0017,2025-07-31,1639.32,1055.75
CLM-001418,PAY-01,PRV-0025,2025-07-04,782.38,4466.78
CLM-001419,PAY-02,PRV-0042,2025-07-06,1500.33,1496.68
CLM-001420,PAY-01,PRV-0057,2025-08-12,42.85,1158.88
CLM-001421,PAY-01,PRV-0039,2025-08-14,524.55,2193.37
CLM-001422,PAY-03,PRV-0053,2025-07-17,2637.09,3879.9
CLM-001423,PAY-05,PRV-0055,2025-07-09,4888.56,356.97
CLM-001424,PAY-01,PRV-0040,2025-07-07,2448.34,1960.11
CLM-001425,PAY-02,PRV-0036,2025-07-04,3943.96,1414.81
CLM-001426,PAY-03,PRV-0067,2025-07-13,1578.57,999.98
CLM-001427,PAY-04,PRV-0005,2025-07-07,2894.69,4285.12
CLM-001428,PAY-04,PRV-0029,2025-07-29,2546.08,2128.26
CLM-001429,PAY-03,PRV-0063,2025-07-29,1525.8,2455.7
CLM-001430,PAY-02,PRV-0080,2025-07-02,3512.47,3461.44
CLM-001431,PAY-05,PRV-0037,2025-08-13,1202.45,2302.0
CLM-001432,PAY-02,PRV-0031,2025-08-14,3254.78,164.03
CLM-001433,PAY-04,PRV-0064,2025-07-19,1278.69,2163.89
CLM-001434,PAY-04,PRV-0060,2025-07-30,4388.13,923.83
CLM-001435,PAY-05,PRV-0030,2025-07-17,3907.35,49.18
CLM-001436,PAY-03,PRV-0073,2025-07-19,886.42,2756.37
CLM-001437,PAY-05,PRV-0062,2025-07-15,1065.96,806.12
CLM-001438,PAY-04,PRV-0037,2025-07-05,1044.54,1172.74
CLM-001439,PAY-04,PRV-0063,2025-07-21,835.06,524.9
CLM-001440,PAY-01,PRV-0073,2025-08-11,3796.75,1733.97
CLM-001441,PAY-01,PRV-0066,2025-07-15,3643.28,923.7
CLM-001442,PAY-02,PRV-0069,2025-07-01,1957.18,1270.3
CLM-001443,PAY-03,PRV-0071,2025-07-16,4833.96,1777.23
CLM-001444,PAY-03,PRV-0061,2025-07-24,4903.73,2033.77
CLM-001445,PAY-05,PRV-0068,2025-08-08,2676.54,3199.33
CLM-001446,PAY-04,PRV-0074,2025-08-03,4995.79,2827.24
CLM-001447,PAY-04,PRV-0006,2025-07-29,3421.77,1632.38
CLM-001448,PAY-03,PRV-0025,2025-07-23,1936.12,1107.98
CLM-001449,PAY-01,PRV-0027,2025-07-03,132.45,3463.83
CLM-001450,PAY-05,PRV-0027,2025-07-25,4573.49,4330.02
CLM-001451,PAY-04,PRV-0060,2025-07-12,3658.71,3914.9
CLM-001452,PAY-01,PRV-0015,2025-07-06,4487.26,1549.11
CLM-001453,PAY-01,PRV-0069,2025-07-04,1423.28,4485.9
CLM-001454,PAY-01,PRV-0075,2025-07-30,775.7,1235.56
CLM-001455,PAY-02,PRV-0060,2025-07-25,243.25,1425.06
CLM-001456,PAY-05,PRV-0006,2025-07-30,3780.49,3390.77
CLM-001457,PAY-03,PRV-0029,2025-08-08,4236.13,2560.85
CLM-001458,PAY-04,PRV-0076,2025-07-13,3085.71,280.17
CLM-001459,PAY-05,PRV-0031,2025-07-17,93.82,2020.45
CLM-001460,PAY-01,PRV-0062,2025-07-21,208.44,2808.4
CLM-001461,PAY-03,PRV-0073,2025-07-11,3198.03,3399.45
CLM-001462,PAY-05,PRV-0068,2025-08-10,3749.58,1622.6
CLM-001463,PAY-02,PRV-0053,2025-07-27,3876.94,1637.07
CLM-001464,PAY-02,PRV-0056,2025-07-07,2086.7,1142.57
CLM-001465,PAY-03,PRV-0019,2025-08-10,4710.3,192.69
CLM-001466,PAY-03,PRV-0004,2025-08-11,3594.56,4191.84
CLM-001467,PAY-04,PRV-0060,2025-07-25,4361.21,3761.44
CLM-001468,PAY-02,PRV-0059,2025-07-23,102.32,3555.66
CLM-001469,PAY-03,PRV-0053,2025-07-19,579.06,3815.31
CLM-001470,PAY-02,PRV-0012,2025-07-13,4514.03,1173.27
CLM-001471,PAY-03,PRV-0024,2025-08-01,1226.36,4027.14
CLM-001472,PAY-03,PRV-0010,2025-07-12,1640.26,2336.89
CLM-001473,PAY-01,PRV-0070,2025-07-15,2623.75,4129.45
CLM-001474,PAY-03,PRV-0059,2025-07-22,1722.73,2510.08
CLM-001475,PAY-01,PRV-0052,2025-08-12,2639.62,49.54
CLM-001476,PAY-04,PRV-0076,2025-08-09,1515.51,3279.97
CLM-001477,PAY-05,PRV-0077,2025-07-31,2043.46,727.81
CLM-001478,PAY-05,PRV-0076,2025-07-05,4828.2,3796.71
CLM-001479,PAY-05,PRV-0039,2025-07-14,499.24,2879.97
CLM-001480,PAY-03,PRV-0055,2025-07-01,4589.8,2885.0
CLM-001481,PAY-05,PRV-0044,2025-08-01,3270.06,4277.7
CLM-001482,PAY-02,PRV-0040,2025-08-08,3668.6,1122.55
CLM-001483,PAY-05,PRV-0028,2025-07-19,4756.73,3533.69
CLM-001484,PAY-02,PRV-0036,2025-07-14,432.58,222.18
CLM-001485,PAY-04,PRV-0033,2025-08-01,4063.04,3757.7
CLM-001486,PAY-03,PRV-0005,2025-07-13,682.32,2040.31
CLM-001487,PAY-04,PRV-0039,2025-07-20,1364.06,501.16
CLM-001488,PAY-05,PRV-0041,2025-07-16,4795.54,1992.92
CLM-001489,PAY-04,PRV-0004,2025-07-08,1609.88,3784.95
CLM-001490,PAY-05,PRV-0004,2025-08-07,1527.98,3672.49
CLM-001491,PAY-03,PRV-0034,2025-07-23,3495.48,1313.26
CLM-001492,PAY-01,PRV-0025,2025-08-07,3078.87,42.14
CLM-001493,PAY-01,PRV-0004,2025-07-25,1966.37,866.22
CLM-001494,PAY-03,PRV-0021,2025-07-26,2534.62,3345.57
CLM-001495,PAY-02,PRV-0010,2025-07-26,1175.69,3297.78
CLM-001496,PAY-04,PRV-0028,2025-07-26,2755.99,703.59
CLM-001497,PAY-01,PRV-0062,2025-07-31,2713.49,1730.7
CLM-001498,PAY-02,PRV-0010,2025-07-19,1275.26,3285.94
CLM-001499,PAY-02,PRV-0022,2025-07-13,2602.89,435.85
CLM-001500,PAY-03,PRV-0012,2025-07-31,1952.55,1258.9
CLM-001501,PAY-05,PRV-0061,2025-07-11,2530.62,2834.93
CLM-001502,PAY-04,PRV-0058,2025-07-31,1399.4,2941.18
CLM-001503,PAY-04,PRV-0074,2025-07-30,440.26,610.71
CLM-001504,PAY-02,PRV-0057,2025-08-02,2855.69,2453.56
CLM-001505,PAY-05,PRV-0059,2025-08-04,2966.48,271.51
CLM-001506,PAY-01,PRV-0003,2025-07-08,3585.06,117.7
CLM-001507,PAY-04,PRV-0068,2025-08-05,1083.0,3098.47
CLM-001508,PAY-02,PRV-0075,2025-08-07,3860.41,787.0
CLM-001509,PAY-02,PRV-0063,2025-07-30,536.26,3807.64
CLM-001510,PAY-02,PRV-0030,2025-07-07,2681.95,826.1
CLM-001511,PAY-04,PRV-0079,2025-07-29,4127.22,3012.13
CLM-001512,PAY-04,PRV-0004,2025-07-04,1899.07,251.26
CLM-001513,PAY-04,PRV-0042,2025-08-11,4824.49,1456.98
CLM-001514,PAY-01,PRV-0044,2025-07-01,4385.32,4011.6
CLM-001515,PAY-05,PRV-0042,2025-08-04,3677.91,520.43
CLM-001516,PAY-01,PRV-0024,2025-07-19,143.92,1941.86
CLM-001517,PAY-05,PRV-0043,2025-08-09,835.33,2294.67
CLM-001518,PAY-01,PRV-0016,2025-08-02,2046.76,109.17
CLM-001519,PAY-03,PRV-0028,2025-07-28,3220.68,3944.03
CLM-001520,PAY-03,PRV-0027,2025-07-12,1072.18,576.52
CLM-001521,PAY-04,PRV-0022,2025-08-04,797.9,2773.25
CLM-001522,PAY-05,PRV-0069,2025-07-26,3310.0,3538.7
CLM-001523,PAY-03,PRV-0080,2025-07-31,2256.37,216.24
CLM-001524,PAY-05,PRV-0017,2025-07-07,4694.61,414.93
CLM-001525,PAY-04,PRV-0004,2025-07-26,4936.8,1178.78
CLM-001526,PAY-05,PRV-0005,2025-07-16,361.0,2220.7
CLM-001527,PAY-01,PRV-0078,2025-07-14,4395.89,1745.9
CLM-001528,PAY-05,PRV-0016,2025-07-07,2914.4,2131.97
CLM-001529,PAY-05,PRV-0071,2025-08-14,2234.0,3656.84
CLM-001530,PAY-02,PRV-0043,2025-07-05,2187.44,3473.01
CLM-001531,PAY-04,PRV-0015,2025-07-29,112.6,3176.04
CLM-001532,PAY-05,PRV-0041,2025-07-02,4780.67,4094.0
CLM-001533,PAY-04,PRV-0066,2025-07-13,457.1,1905.49
CLM-001534,PAY-02,PRV-0008,2025-07-25,2348.7,2086.4
CLM-001535,PAY-05,PRV-0014,2025-07-09,1100.67,1591.2
CLM-001536,PAY-01,PRV-0047,2025-07-22,1962.63,3360.94
CLM-001537,PAY-04,PRV-0012,2025-07-05,3041.59,2050.29
CLM-001538,PAY-04,PRV-0013,2025-07-29,3419.82,2846.21
CLM-001539,PAY-05,PRV-0066,2025-07-09,4863.17,3794.06
CLM-001540,PAY-01,PRV-0005,2025-08-12,4416.98,627.45
CLM-001541,PAY-04,PRV-0028,2025-07-03,3668.03,1946.56
CLM-001542,PAY-03,PRV-0037,2025-07-16,3081.98,1620.28
CLM-001543,PAY-05,PRV-0016,2025-08-09,2840.36,3990.84
CLM-001544,PAY-01,PRV-0040,2025-07-08,3813.66,3597.57
CLM-001545,PAY-04,PRV-0061,2025-08-04,2776.56,1734.26
CLM-001546,PAY-02,PRV-0061,2025-07-27,2789.45,3319.85
CLM-001547,PAY-04,PRV-0012,2025-07-05,640.26,83.7
CLM-001548,PAY-01,PRV-0041,2025-08-14,3861.37,619.26
CLM-001549,PAY-05,PRV-0009,2025-07-12,2462.14,1551.83
CLM-001550,PAY-01,PRV-0045,2025-08-03,2732.41,722.06
CLM-001551,PAY-02,PRV-0070,2025-07-03,4090.85,2942.98
CLM-001552,PAY-03,PRV-0045,2025-07-02,44.85,1793.89
CLM-001553,PAY-05,PRV-0080,2025-07-24,537.56,1696.07
CLM-001554,PAY-02,PRV-0034,2025-08-09,2690.03,1399.15
CLM-001555,PAY-04,PRV-0045,2025-07-04,4317.22,3806.75
CLM-001556,PAY-01,PRV-0039,2025-08-12,4719.48,3789.6
CLM-001557,PAY-02,PRV-0029,2025-08-08,3223.33,3005.05
CLM-001558,PAY-05,PRV-0044,2025-07-26,1557.25,1980.96
CLM-001559,PAY-01,PRV-0035,2025-07-17,3576.67,266.49
CLM-001560,PAY-02,PRV-0018,2025-08-03,4355.13,2780.66
CLM-001561,PAY-05,PRV-0039,2025-07-21,1347.86,4153.65
CLM-001562,PAY-03,PRV-0061,2025-07-26,1087.36,449.3
CLM-001563,PAY-05,PRV-0007,2025-07-14,1474.35,2137.12
CLM-001564,PAY-03,PRV-0080,2025-07-05,512.81,1065.92
CLM-001565,PAY-03,PRV-0014,2025-07-20,839.37,3162.46
CLM-001566,PAY-04,PRV-0075,2025-07-26,848.46,2648.03
CLM-001567,PAY-02,PRV-0018,2025-07-03,3769.65,2694.96
CLM-001568,PAY-03,PRV-0025,2025-07-01,3609.07,3653.5
CLM-001569,PAY-02,PRV-0007,2025-08-06,2487.25,2214.51
CLM-001570,PAY-01,PRV-0051,2025-08-03,2614.87,2286.42
CLM-001571,PAY-05,PRV-0031,2025-07-29,3279.22,2617.23
CLM-001572,PAY-05,PRV-0058,2025-07-10,3289.43,2537.1
CLM-001573,PAY-05,PRV-0053,2025-07-23,3224.64,3669.17
CLM-001574,PAY-02,PRV-0003,2025-08-08,2408.48,2287.26
CLM-001575,PAY-01,PRV-0023,2025-07-06,349.42,837.34
CLM-001576,PAY-03,PRV-0011,2025-08-06,2724.03,1263.0
CLM-001577,PAY-01,PRV-0021,2025-07-11,3575.42,1364.04
CLM-001578,PAY-05,PRV-0034,2025-07-30,4688.3,4022.63
CLM-001579,PAY-02,PRV-0024,2025-08-13,590.04,116.4
CLM-001580,PAY-02,PRV-0004,2025-07-13,3964.21,2812.58
CLM-001581,PAY-03,PRV-0073,2025-07-01,4319.01,1409.04
CLM-001582,PAY-01,PRV-0053,2025-07-06,1277.89,2834.17
CLM-001583,PAY-02,PRV-0024,2025-08-13,4666.15,3309.74
CLM-001584,PAY-02,PRV-0047,2025-07-25,4729.13,240.32
CLM-001585,PAY-03,PRV-0010,2025-07-26,2092.8,3622.21
CLM-001586,PAY-03,PRV-0019,2025-08-06,3250.08,3596.94
CLM-001587,PAY-05,PRV-0016,2025-08-13,931.49,3787.76
CLM-001588,PAY-04,PRV-0009,2025-07-06,2081.92,2214.88
CLM-001589,PAY-01,PRV-0039,2025-07-24,59.74,3321.79
CLM-001590,PAY-02,PRV-0056,2025-08-08,2834.52,2250.0
CLM-001591,PAY-03,PRV-0050,2025-07-16,2721.95,2944.13
CLM-001592,PAY-01,PRV-0001,2025-07-27,4256.56,3645.02
CLM-001593,PAY-02,PRV-0006,2025-07-29,966.58,3193.3
CLM-001594,PAY-02,PRV-0007,2025-07-06,735.92,1939.09
CLM-001595,PAY-05,PRV-0023,2025-08-04,1043.94,2000.95
CLM-001596,PAY-01,PRV-0003,2025-07-20,4679.28,4363.15
CLM-001597,PAY-01,PRV-0012,2025-07-20,3676.37,4458.4
CLM-001598,PAY-01,PRV-0061,2025-08-13,201.11,678.63
CLM-001599,PAY-02,PRV-0062,2025-07-31,1606.22,1717.47
CLM-001600,PAY-03,PRV-0006,2025-07-04,4702.68,1326.41
CLM-001601,PAY-02,PRV-0032,2025-07-10,3299.88,3395.68
CLM-001602,PAY-05,PRV-0080,2025-08-02,830.63,3172.84
CLM-001603,PAY-03,PRV-0017,2025-07-30,368.31,1905.7
CLM-001604,PAY-05,PRV-0029,2025-08-01,1718.6,1617.45
CLM-001605,PAY-04,PRV-0043,2025-08-13,4918.9,3448.08
CLM-001606,PAY-04,PRV-0046,2025-08-01,2963.22,195.57
CLM-001607,PAY-05,PRV-0015,2025-07-09,3493.69,3795.3
CLM-001608,PAY-01,PRV-0059,2025-07-06,3163.96,2413.04
CLM-001609,PAY-04,PRV-0049,2025-07-06,3254.89,3343.44
CLM-001610,PAY-04,PRV-0078,2025-08-06,3861.28,3140.74
CLM-001611,PAY-04,PRV-0041,2025-07-25,386.92,3291.43
CLM-001612,PAY-03,PRV-0047,2025-07-06,4388.77,3103.76
CLM-001613,PAY-02,PRV-0012,2025-07-01,2441.35,1766.2
CLM-001614,PAY-02,PRV-0059,2025-07-01,3089.19,1709.28
CLM-001615,PAY-01,PRV-0062,2025-07-20,1710.19,3038.26
CLM-001616,PAY-04,PRV-0049,2025-07-24,4654.17,3746.63
CLM-001617,PAY-01,PRV-0036,2025-07-19,2901.56,2433.31
CLM-001618,PAY-03,PRV-0003,2025-07-19,4388.85,4061.05
CLM-001619,PAY-03,PRV-0003,2025-07-15,4119.56,3789.75
CLM-001620,PAY-04,PRV-0048,2025-08-13,73.68,1855.46
CLM-001621,PAY-04,PRV-0080,2025-07-25,4140.87,3058.17
CLM-001622,PAY-02,PRV-0065,2025-07-19,113.15,2222.41
CLM-001623,PAY-04,PRV-0065,2025-07-10,446.2,4006.89
CLM-001624,PAY-01,PRV-0032,2025-07-11,2577.82,1545.18
CLM-001625,PAY-03,PRV-0051,2025-07-03,4703.47,3285.04
CLM-001626,PAY-03,PRV-0026,2025-07-30,594.17,498.45
CLM-001627,PAY-01,PRV-0059,2025-07-26,3092.79,2014.27
CLM-001628,PAY-01,PRV-0024,2025-08-03,1638.74,4006.07
CLM-001629,PAY-05,PRV-0069,2025-08-04,3350.43,2487.11
CLM-001630,PAY-02,PRV-0013,2025-07-07,3128.62,4166.61
CLM-001631,PAY-04,PRV-0065,2025-07-24,4446.27,1880.49
CLM-001632,PAY-03,PRV-0071,2025-07-09,500.39,2480.76
CLM-001633,PAY-04,PRV-0029,2025-08-05,640.16,3340.3
CLM-001634,PAY-01,PRV-0035,2025-08-07,1293.34,3687.4
CLM-001635,PAY-03,PRV-0049,2025-07-16,669.21,1209.64
CLM-001636,PAY-02,PRV-0072,2025-07-21,4899.8,2994.74
CLM-001637,PAY-04,PRV-0065,2025-07-20,615.45,1943.93
CLM-001638,PAY-04,PRV-0080,2025-07-24,127.46,4188.41
CLM-001639,PAY-05,PRV-0012,2025-07-15,1749.7,775.51
CLM-001640,PAY-04,PRV-0052,2025-07-04,517.24,4113.39
CLM-001641,PAY-01,PRV-0048,2025-07-11,2294.19,868.94
CLM-001642,PAY-04,PRV-0067,2025-07-03,3436.57,181.11
CLM-001643,PAY-01,PRV-0032,2025-07-25,4144.06,486.68
CLM-001644,PAY-05,PRV-0076,2025-07-01,47.78,281.36
CLM-001645,PAY-04,PRV-0010,2025-07-26,4544.86,2840.09
CLM-001646,PAY-04,PRV-0023,2025-07-21,1751.12,1957.44
CLM-001647,PAY-01,PRV-0073,2025-08-06,256.78,1673.16
CLM-001648,PAY-05,PRV-0056,2025-07-02,4866.71,375.92
CLM-001649,PAY-05,PRV-0062,2025-07-29,4593.31,2974.44
CLM-001650,PAY-05,PRV-0060,2025-08-13,4633.73,2939.85
CLM-001651,PAY-04,PRV-0066,2025-07-12,2779.49,3714.4
CLM-001652,PAY-01,PRV-0069,2025-07-13,4583.26,3424.97
CLM-001653,PAY-01,PRV-0021,2025-07-26,2998.56,2625.6
CLM-001654,PAY-03,PRV-0069,2025-07-02,4874.82,4126.17
CLM-001655,PAY-01,PRV-0008,2025-08-03,3681.02,4439.58
CLM-001656,PAY-05,PRV-0047,2025-07-02,64.68,1211.18
CLM-001657,PAY-04,PRV-0011,2025-07-12,1880.16,4387.74
CLM-001658,PAY-01,PRV-0073,2025-07-07,4986.69,1798.35
CLM-001659,PAY-03,PRV-0026,2025-07-05,939.45,211.34
CLM-001660,PAY-03,PRV-0036,2025-07-12,3848.81,4333.33
CLM-001661,PAY-05,PRV-0056,2025-08-14,556.61,1277.13
CLM-001662,PAY-05,PRV-0060,2025-07-05,3068.75,3614.46
CLM-001663,PAY-03,PRV-0052,2025-08-04,1344.14,3926.99
CLM-001664,PAY-04,PRV-0031,2025-07-23,2485.84,1932.36
CLM-001665,PAY-01,PRV-0011,2025-08-05,1902.18,1914.52
CLM-001666,PAY-05,PRV-0073,2025-08-13,4105.27,4455.38
CLM-001667,PAY-02,PRV-0055,2025-07-24,2416.64,2460.83
CLM-001668,PAY-02,PRV-0056,2025-07-22,2100.17,894.2
CLM-001669,PAY-01,PRV-0045,2025-07-08,2230.23,844.6
CLM-001670,PAY-04,PRV-0045,2025-07-19,1679.91,3830.43
CLM-001671,PAY-03,PRV-0076,2025-08-02,262.54,487.27
CLM-001672,PAY-01,PRV-0025,2025-08-03,3166.59,2059.42
CLM-001673,PAY-05,PRV-0061,2025-07-16,4462.85,1450.1
CLM-001674,PAY-04,PRV-0042,2025-07-09,4893.12,4253.71
CLM-001675,PAY-03,PRV-0067,2025-07-04,3354.61,1550.35
CLM-001676,PAY-05,PRV-0077,2025-08-09,1797.27,1183.12
CLM-001677,PAY-04,PRV-0019,2025-07-19,674.22,4183.42
CLM-001678,PAY-04,PRV-0041,2025-08-02,1820.69,1274.79
CLM-001679,PAY-02,PRV-0006,2025-07-09,1930.25,3260.57
CLM-001680,PAY-03,PRV-0009,2025-07-19,3414.82,2987.36
CLM-001681,PAY-02,PRV-0061,2025-07-27,187.43,4425.55
CLM-001682,PAY-01,PRV-0041,2025-07-18,2167.35,1216.96
CLM-001683,PAY-05,PRV-0020,2025-07-25,817.09,207.05
CLM-001684,PAY-03,PRV-0015,2025-07-21,3636.58,3693.91
CLM-001685,PAY-05,PRV-0043,2025-08-09,2520.75,3941.53
CLM-001686,PAY-05,PRV-0067,2025-08-09,4379.85,2440.83
CLM-001687,PAY-02,PRV-0070,2025-07-01,1289.98,3498.48
CLM-001688,PAY-02,PRV-0008,2025-08-07,4560.21,1626.49
CLM-001689,PAY-04,PRV-0068,2025-07-20,2776.81,1721.65
CLM-001690,PAY-05,PRV-0033,2025-08-03,1226.53,1071.16
CLM-001691,PAY-04,PRV-0007,2025-07-25,4576.93,1075.6
CLM-001692,PAY-02,PRV-0060,2025-07-07,854.66,1988.49
CLM-001693,PAY-01,PRV-0050,2025-08-02,1092.95,2141.34
CLM-001694,PAY-04,PRV-0069,2025-08-10,2129.28,2063.73
CLM-001695,PAY-05,PRV-0024,2025-08-13,3637.48,714.4
CLM-001696,PAY-04,PRV-0043,2025-08-03,509.55,3490.75
CLM-001697,PAY-05,PRV-0034,2025-08-08,910.17,1055.31
CLM-001698,PAY-02,PRV-0014,2025-07-10,223.55,4050.96
CLM-001699,PAY-01,PRV-0038,2025-07-13,2823.41,1784.39
CLM-001700,PAY-03,PRV-0016,2025-08-05,3372.01,3371.84
CLM-001701,PAY-04,PRV-0060,2025-08-06,2839.01,1864.53
CLM-001702,PAY-02,PRV-0008,2025-08-14,2193.37,4307.49
CLM-001703,PAY-05,PRV-0054,2025-07-02,4088.96,4260.11
CLM-001704,PAY-04,PRV-0050,2025-07-18,4364.5,53.12
CLM-001705,PAY-05,PRV-0001,2025-07-16,651.1,1376.18
CLM-001706,PAY-01,PRV-0035,2025-07-05,3886.2,4184.54
CLM-001707,PAY-05,PRV-0033,2025-07-06,281.62,251.81
CLM-001708,PAY-01,PRV-0033,2025-08-11,565.59,2095.08
CLM-001709,PAY-02,PRV-0078,2025-07-22,4519.79,4038.88
CLM-001710,PAY-04,PRV-0013,2025-08-08,55.89,364.91
CLM-001711,PAY-03,PRV-0005,2025-07-21,769.13,4241.77
CLM-001712,PAY-03,PRV-0012,2025-07-21,3790.06,2141.7
CLM-001713,PAY-05,PRV-0013,2025-08-05,3354.31,485.38
CLM-001714,PAY-04,PRV-0080,2025-08-13,1696.98,3542.56
CLM-001715,PAY-02,PRV-0018,2025-07-15,1231.61,1463.52
CLM-001716,PAY-01,PRV-0020,2025-07-10,2552.64,2534.21
CLM-001717,PAY-02,PRV-0057,2025-07-03,3999.22,1868.48
CLM-001718,PAY-01,PRV-0015,2025-07-23,3330.9,3163.18
CLM-001719,PAY-05,PRV-0019,2025-07-02,3626.8,2331.5
CLM-001720,PAY-03,PRV-0036,2025-07-30,912.26,2245.63
CLM-001721,PAY-04,PRV-0074,2025-07-17,4028.48,1114.23
CLM-001722,PAY-03,PRV-0011,2025-07-29,418.76,626.42
CLM-001723,PAY-03,PRV-0015,2025-08-07,2398.69,944.51
CLM-001724,PAY-03,PRV-0075,2025-07-29,4684.92,3885.6
CLM-001725,PAY-04,PRV-0025,2025-07-05,1910.53,84.01
CLM-001726,PAY-03,PRV-0067,2025-07-08,3074.82,3905.6
CLM-001727,PAY-03,PRV-0065,2025-08-05,1368.25,1323.17
CLM-001728,PAY-03,PRV-0015,2025-07-31,2157.51,954.62
CLM-001729,PAY-05,PRV-0003,2025-07-15,903.71,4210.64
CLM-001730,PAY-04,PRV-0036,2025-07-24,572.34,1538.47
CLM-001731,PAY-02,PRV-0080,2025-07-29,2348.36,3729.07
CLM-001732,PAY-01,PRV-0070,2025-07-26,4789.31,1133.22
CLM-001733,PAY-02,PRV-0023,2025-07-13,3191.76,218.96
CLM-001734,PAY-01,PRV-0014,2025-07-30,2892.41,1804.6
CLM-001735,PAY-01,PRV-0041,2025-07-26,1944.01,195.26
CLM-001736,PAY-04,PRV-0046,2025-08-09,453.52,2743.86
CLM-001737,PAY-01,PRV-0060,2025-07-15,2949.97,2257.45
CLM-001738,PAY-01,PRV-0075,2025-08-10,3687.46,3214.04
CLM-001739,PAY-03,PRV-0002,2025-07-17,316.13,4411.17
CLM-001740,PAY-02,PRV-0061,2025-07-27,1463.97,3060.28
CLM-001741,PAY-05,PRV-0005,2025-07-06,1043.73,842.56
CLM-001742,PAY-01,PRV-0065,2025-07-20,4655.46,1006.67
CLM-001743,PAY-03,PRV-0018,2025-08-09,4699.24,3809.26
CLM-001744,PAY-01,PRV-0048,2025-07-06,2815.71,2230.29
CLM-001745,PAY-01,PRV-0062,2025-07-19,4120.66,1669.43
CLM-001746,PAY-03,PRV-0004,2025-07-30,3085.52,132.4
CLM-001747,PAY-01,PRV-0025,2025-07-25,2456.47,1806.45
CLM-001748,PAY-04,PRV-0017,2025-07-23,1837.83,773.26
CLM-001749,PAY-02,PRV-0066,2025-07-29,675.41,1435.22
CLM-001750,PAY-04,PRV-0025,2025-07-31,2253.94,1839.48
CLM-001751,PAY-04,PRV-0029,2025-08-08,4615.75,855.28
CLM-001752,PAY-02,PRV-0049,2025-07-23,42.54,57.87
CLM-001753,PAY-05,PRV-0061,2025-07-03,2262.58,4193.86
CLM-001754,PAY-04,PRV-0050,2025-07-01,455.23,4402.82
CLM-001755,PAY-02,PRV-0015,2025-08-06,2026.65,2045.68
CLM-001756,PAY-01,PRV-0067,2025-08-01,942.98,2740.06
CLM-001757,PAY-02,PRV-0047,2025-08-02,1927.78,3219.15
CLM-001758,PAY-01,PRV-0066,2025-07-23,4872.24,3326.21
CLM-001759,PAY-02,PRV-0014,2025-07-25,4623.26,94.8
CLM-001760,PAY-01,PRV-0076,2025-08-03,4370.01,302.54
CLM-001761,PAY-02,PRV-0015,2025-07-19,182.58,2020.89
CLM-001762,PAY-02,PRV-0080,2025-07-24,3684.15,3663.32
CLM-001763,PAY-03,PRV-0042,2025-08-09,2473.31,2150.2
CLM-001764,PAY-02,PRV-0019,2025-07-24,3671.32,4244.15
CLM-001765,PAY-03,PRV-0076,2025-08-14,3112.4,4112.6
CLM-001766,PAY-02,PRV-0054,2025-07-18,3719.74,3786.97
CLM-001767,PAY-05,PRV-0021,2025-07-10,2720.38,2425.15
CLM-001768,PAY-01,PRV-0060,2025-07-23,4313.87,3572.76
CLM-001769,PAY-04,PRV-0071,2025-07-20,572.48,1060.64
CLM-001770,PAY-02,PRV-0047,2025-07-26,1416.52,1808.57
CLM-001771,PAY-05,PRV-0031,2025-07-27,1686.25,4028.54
CLM-001772,PAY-04,PRV-0032,2025-08-08,237.88,4410.81
CLM-001773,PAY-02,PRV-0013,2025-07-15,2796.27,2608.11
CLM-001774,PAY-03,PRV-0010,2025-08-12,3842.4,2432.22
CLM-001775,PAY-04,PRV-0052,2025-07-27,1077.81,3173.97
CLM-001776,PAY-02,PRV-0039,2025-08-03,65.04,599.1
CLM-001777,PAY-05,PRV-0050,2025-08-05,3924.47,745.41
CLM-001778,PAY-01,PRV-0067,2025-07-09,113.62,4102.73
CLM-001779,PAY-02,PRV-0047,2025-07-18,1907.23,3189.96
CLM-001780,PAY-03,PRV-0051,2025-07-26,4591.82,3995.74
CLM-001781,PAY-03,PRV-0006,2025-08-07,4266.09,883.3
CLM-001782,PAY-05,PRV-0076,2025-08-06,3779.53,374.86
CLM-001783,PAY-01,PRV-0004,2025-07-29,2980.8,3952.51
CLM-001784,PAY-01,PRV-0042,2025-07-25,705.56,2794.84
CLM-001785,PAY-01,PRV-0027,2025-07-01,4644.25,338.19
CLM-001786,PAY-05,PRV-0016,2025-07-25,729.69,2999.61
CLM-001787,PAY-05,PRV-0027,2025-07-15,2399.07,189.42
CLM-001788,PAY-04,PRV-0080,2025-07-12,2882.67,1516.87
CLM-001789,PAY-01,PRV-0017,2025-07-26,1996.58,707.42
CLM-001790,PAY-04,PRV-0070,2025-08-06,3290.61,467.21
CLM-001791,PAY-02,PRV-0010,2025-07-23,2500.84,1518.48
CLM-001792,PAY-02,PRV-0032,2025-07-16,680.09,1129.37
CLM-001793,PAY-03,PRV-0069,2025-07-29,139.02,2200.29
CLM-001794,PAY-03,PRV-0017,2025-08-10,80.71,599.53
CLM-001795,PAY-03,PRV-0045,2025-07-30,4319.72,4205.78
CLM-001796,PAY-02,PRV-0072,2025-07-19,3154.43,2899.99
CLM-001797,PAY-02,PRV-0012,2025-07-18,901.22,4077.9
CLM-001798,PAY-01,PRV-0076,2025-07-05,3625.68,909.49
CLM-001799,PAY-04,PRV-0039,2025-07-03,3663.93,777.71
CLM-001800,PAY-02,PRV-0060,2025-07-01,4752.19,3086.52
CLM-001801,PAY-01,PRV-0002,2025-07-10,1353.03,137.6
CLM-001802,PAY-05,PRV-0045,2025-07-03,3761.37,2217.51
CLM-001803,PAY-02,PRV-0075,2025-07-21,747.13,2814.49
CLM-001804,PAY-04,PRV-0043,2025-07-15,1938.88,2622.82
CLM-001805,PAY-02,PRV-0015,2025-07-23,1141.94,3671.83
CLM-001806,PAY-04,PRV-0005,2025-07-12,2468.28,3906.88
CLM-001807,PAY-03,PRV-0050,2025-08-10,810.8,1302.69
CLM-001808,PAY-01,PRV-0041,2025-08-02,4017.01,3468.23
CLM-001809,PAY-04,PRV-0031,2025-08-13,1203.08,4005.92
CLM-001810,PAY-01,PRV-0019,2025-07-03,3699.76,761.55
CLM-001811,PAY-05,PRV-0075,2025-07-16,4621.65,4224.82
CLM-001812,PAY-05,PRV-0025,2025-08-11,2752.4,3815.62
CLM-001813,PAY-03,PRV-0072,2025-08-09,2745.73,1543.58
CLM-001814,PAY-03,PRV-0001,2025-07-30,444.1,2262.09
CLM-001815,PAY-04,PRV-0002,2025-07-28,4676.39,2515.24
CLM-001816,PAY-05,PRV-0017,2025-07-18,616.92,2433.12
CLM-001817,PAY-04,PRV-0076,2025-07-02,1889.8,528.44
CLM-001818,PAY-03,PRV-0045,2025-07-02,3155.69,4224.27
CLM-001819,PAY-02,PRV-0069,2025-07-03,4626.25,335.2
CLM-001820,PAY-05,PRV-0043,2025-07-19,1710.39,1117.21
CLM-001821,PAY-02,PRV-0061,2025-07-08,859.71,2135.34
CLM-001822,PAY-02,PRV-0066,2025-07-22,4043.09,2178.72
CLM-001823,PAY-01,PRV-0056,2025-07-03,4828.27,1317.72
CLM-001824,PAY-02,PRV-0064,2025-07-10,2797.52,1779.68
CLM-001825,PAY-02,PRV-0062,2025-07-21,2407.59,708.07
CLM-001826,PAY-05,PRV-0075,2025-07-16,1649.52,3173.32
CLM-001827,PAY-02,PRV-0029,2025-07-05,1343.65,189.66
CLM-001828,PAY-04,PRV-0077,2025-07-16,2606.65,2083.16
CLM-001829,PAY-03,PRV-0050,2025-08-06,1484.73,4387.26
CLM-001830,PAY-01,PRV-0009,2025-07-23,4149.73,1224.71
CLM-001831,PAY-02,PRV-0001,2025-07-13,3483.53,2147.15
CLM-001832,PAY-05,PRV-0001,2025-08-02,4996.57,3557.58
CLM-001833,PAY-01,PRV-0037,2025-08-13,189.64,1997.22
CLM-001834,PAY-05,PRV-0032,2025-07-31,3502.7,3550.87
CLM-001835,PAY-02,PRV-0075,2025-07-28,3202.53,3163.91
CLM-001836,PAY-02,PRV-0070,2025-07-08,2289.43,763.66
CLM-001837,PAY-04,PRV-0063,2025-07-25,4284.67,438.68
CLM-001838,PAY-01,PRV-0057,2025-07-04,345.27,2260.31
CLM-001839,PAY-02,PRV-0048,2025-07-06,1487.6,204.28
CLM-001840,PAY-05,PRV-0016,2025-07-24,2137.72,3718.83
CLM-001841,PAY-02,PRV-0003,2025-07-15,3343.43,2289.75
CLM-001842,PAY-05,PRV-0046,2025-08-04,2892.92,3170.1
CLM-001843,PAY-04,PRV-0038,2025-07-08,2310.32,433.86
CLM-001844,PAY-01,PRV-0018,2025-08-14,2155.73,2284.34
CLM-001845,PAY-01,PRV-0018,2025-08-10,4741.6,3678.71
CLM-001846,PAY-05,PRV-0032,2025-07-31,4859.38,1516.96
CLM-001847,PAY-01,PRV-0075,2025-08-03,576.25,4197.41
CLM-001848,PAY-05,PRV-0039,2025-07-26,3247.63,269.34
CLM-001849,PAY-03,PRV-0064,2025-08-06,619.92,4492.97
CLM-001850,PAY-01,PRV-0053,2025-07-21,4412.12,2249.17
CLM-001851,PAY-04,PRV-0026,2025-07-11,1895.4,3997.86
CLM-001852,PAY-03,PRV-0033,2025-07-01,4892.68,1815.34
CLM-001853,PAY-05,PRV-0036,2025-07-11,2272.13,108.71
CLM-001854,PAY-03,PRV-0045,2025-07-10,4748.95,3107.46
CLM-001855,PAY-03,PRV-0029,2025-07-22,1731.76,2689.98
CLM-001856,PAY-04,PRV-0042,2025-07-07,1762.43,1849.18
CLM-001857,PAY-01,PRV-0009,2025-08-04,854.02,1622.22
CLM-001858,PAY-04,PRV-0024,2025-08-13,3290.66,742.21
CLM-001859,PAY-04,PRV-0003,2025-08-09,2200.94,3653.7
CLM-001860,PAY-01,PRV-0014,2025-08-03,3673.45,502.23
CLM-001861,PAY-01,PRV-0045,2025-07-10,4968.78,3643.62
CLM-001862,PAY-05,PRV-0052,2025-07-26,3946.33,2336.28
CLM-001863,PAY-04,PRV-0045,2025-07-28,3117.81,1705.04
CLM-001864,PAY-05,PRV-0022,2025-08-05,1100.95,867.43
CLM-001865,PAY-03,PRV-0036,2025-07-07,4969.43,565.71
CLM-001866,PAY-04,PRV-0036,2025-07-31,1919.26,1781.03
CLM-001867,PAY-01,PRV-0060,2025-07-20,846.53,3128.62
CLM-001868,PAY-01,PRV-0008,2025-07-29,2454.9,2138.07
CLM-001869,PAY-05,PRV-0070,2025-07-12,4822.38,3103.4
CLM-001870,PAY-04,PRV-0056,2025-08-01,1359.43,695.96
CLM-001871,PAY-04,PRV-0002,2025-07-26,511.71,4108.23
CLM-001872,PAY-04,PRV-0059,2025-07-07,989.43,4276.95
CLM-001873,PAY-05,PRV-0019,2025-07-20,1038.21,4236.04
CLM-001874,PAY-01,PRV-0077,2025-07-15,3563.32,912.2
CLM-001875,PAY-02,PRV-0017,2025-07-17,2255.55,1953.01
CLM-001876,PAY-05,PRV-0042,2025-08-03,262.88,1051.1
CLM-001877,PAY-01,PRV-0073,2025-07-27,3454.35,4290.64
CLM-001878,PAY-05,PRV-0043,2025-07-25,3433.62,1226.74
CLM-001879,PAY-03,PRV-0078,2025-08-10,1154.8,2698.46
CLM-001880,PAY-01,PRV-0031,2025-07-12,4202.51,2097.78
CLM-001881,PAY-05,PRV-0055,2025-07-03,4900.86,1629.04
CLM-001882,PAY-04,PRV-0015,2025-08-03,2426.41,1363.19
CLM-001883,PAY-04,PRV-0043,2025-07-14,4718.15,968.0
CLM-001884,PAY-03,PRV-0047,2025-07-13,1592.27,2442.67
CLM-001885,PAY-02,PRV-0015,2025-07-23,1075.35,1709.58
CLM-001886,PAY-04,PRV-0043,2025-07-15,529.31,864.94
CLM-001887,PAY-04,PRV-0002,2025-08-08,3277.51,1872.81
CLM-001888,PAY-02,PRV-0044,2025-07-20,2494.32,3503.97
CLM-001889,PAY-05,PRV-0067,2025-07-25,1402.38,3322.08
CLM-001890,PAY-03,PRV-0003,2025-07-01,3930.32,1440.47
CLM-001891,PAY-02,PRV-0038,2025-07-23,4107.74,657.25
CLM-001892,PAY-04,PRV-0071,2025-07-04,71.39,3634.17
CLM-001893,PAY-04,PRV-0017,2025-07-20,2379.79,379.76
CLM-001894,PAY-03,PRV-0058,2025-07-25,1253.87,1234.5
CLM-001895,PAY-02,PRV-0048,2025-07-14,1730.51,1528.3
CLM-001896,PAY-05,PRV-0013,2025-08-08,3523.36,3330.81
CLM-001897,PAY-02,PRV-0051,2025-07-09,435.72,3675.21
CLM-001898,PAY-01,PRV-0061,2025-07-12,2967.81,685.57
CLM-001899,PAY-03,PRV-0075,2025-07-13,4578.43,1149.84
CLM-001900,PAY-05,PRV-0033,2025-07-15,2000.8,800.76
CLM-001901,PAY-03,PRV-0068,2025-08-14,1833.41,1847.18
CLM-001902,PAY-01,PRV-0076,2025-07-07,2102.8,2931.86
CLM-001903,PAY-05,PRV-0011,2025-07-15,1976.65,2294.49
CLM-001904,PAY-04,PRV-0007,2025-08-05,2423.84,3401.45
CLM-001905,PAY-02,PRV-0048,2025-07-13,2081.58,4300.64
CLM-001906,PAY-01,PRV-0030,2025-08-06,777.01,2258.3
CLM-001907,PAY-03,PRV-0057,2025-07-05,4030.69,4167.98
CLM-001908,PAY-03,PRV-0002,2025-07-06,2322.35,1134.06
CLM-001909,PAY-01,PRV-0031,2025-07-31,4260.12,171.88
CLM-001910,PAY-03,PRV-0010,2025-07-09,1358.31,4295.62
CLM-001911,PAY-05,PRV-0027,2025-07-27,515.14,3922.93
CLM-001912,PAY-03,PRV-0044,2025-08-13,2606.96,2466.12
CLM-001913,PAY-01,PRV-0034,2025-07-09,1254.73,2994.51
CLM-001914,PAY-03,PRV-0066,2025-07-21,4052.43,1512.53
CLM-001915,PAY-01,PRV-0056,2025-08-08,3935.34,3539.45
CLM-001916,PAY-03,PRV-0049,2025-07-30,2159.43,3702.84
CLM-001917,PAY-01,PRV-0028,2025-08-14,362.26,4291.84
CLM-001918,PAY-05,PRV-0014,2025-07-17,4250.13,3758.52
CLM-001919,PAY-01,PRV-0052,2025-07-12,1938.07,2711.42
CLM-001920,PAY-02,PRV-0049,2025-07-21,3214.53,748.42
CLM-001921,PAY-04,PRV-0041,2025-07-18,4603.63,375.64
CLM-001922,PAY-04,PRV-0070,2025-08-09,3507.26,3816.78
CLM-001923,PAY-04,PRV-0037,2025-07-27,2476.75,3740.11
CLM-001924,PAY-02,PRV-0042,2025-07-25,654.76,1019.26
CLM-001925,PAY-02,PRV-0034,2025-08-05,213.58,585.99
CLM-001926,PAY-05,PRV-0026,2025-08-02,4052.59,2739.88
CLM-001927,PAY-04,PRV-0048,2025-07-17,2356.96,3716.68
CLM-001928,PAY-05,PRV-0079,2025-07-04,121.48,3793.81
CLM-001929,PAY-03,PRV-0055,2025-08-12,3226.43,2688.23
CLM-001930,PAY-01,PRV-0031,2025-08-06,2047.24,3029.52
CLM-001931,PAY-04,PRV-0064,2025-07-16,2118.69,4461.75
CLM-001932,PAY-01,PRV-0059,2025-07-08,1503.51,1331.15
CLM-001933,PAY-03,PRV-0021,2025-07-14,2670.31,3916.26
CLM-001934,PAY-01,PRV-0019,2025-08-12,692.92,154.68
CLM-001935,PAY-03,PRV-0054,2025-07-04,1806.18,392.1
CLM-001936,PAY-01,PRV-0060,2025-07-05,1746.52,1276.71
CLM-001937,PAY-04,PRV-0046,2025-07-06,1466.11,3488.43
CLM-001938,PAY-01,PRV-0057,2025-07-28,2587.69,1151.16
CLM-001939,PAY-02,PRV-0030,2025-07-07,2022.31,3136.62
CLM-001940,PAY-02,PRV-0042,2025-07-17,2187.2,2641.28
CLM-001941,PAY-03,PRV-0053,2025-08-09,846.3,1064.4
CLM-001942,PAY-05,PRV-0047,2025-07-22,2519.9,561.39
CLM-001943,PAY-02,PRV-0002,2025-07-09,902.01,4163.6
CLM-001944,PAY-02,PRV-0059,2025-07-21,299.44,4130.36
CLM-001945,PAY-01,PRV-0045,2025-07-26,2776.51,1298.17
CLM-001946,PAY-03,PRV-0006,2025-08-03,3628.91,2131.08
CLM-001947,PAY-02,PRV-0009,2025-08-09,1869.55,2226.21
CLM-001948,PAY-01,PRV-0029,2025-07-23,2357.42,4189.35
CLM-001949,PAY-03,PRV-0006,2025-08-05,3418.66,1993.24
CLM-001950,PAY-01,PRV-0046,2025-07-13,2338.98,2639.61
CLM-001951,PAY-02,PRV-0026,2025-07-16,1060.34,1525.4
CLM-001952,PAY-04,PRV-0047,2025-07-25,4880.94,955.19
CLM-001953,PAY-01,PRV-0004,2025-07-31,4527.47,111.44
CLM-001954,PAY-03,PRV-0034,2025-08-06,1552.58,2450.39
CLM-001955,PAY-03,PRV-0016,2025-07-26,2843.77,1878.75
CLM-001956,PAY-02,PRV-0061,2025-07-22,3872.39,1984.16
CLM-001957,PAY-05,PRV-0005,2025-07-21,1881.05,3461.55
CLM-001958,PAY-04,PRV-0049,2025-07-12,2667.66,415.14
CLM-001959,PAY-02,PRV-0008,2025-07-10,1252.59,918.56
CLM-001960,PAY-02,PRV-0020,2025-07-11,1092.54,2341.29
CLM-001961,PAY-01,PRV-0028,2025-08-01,4988.21,27.76
CLM-001962,PAY-01,PRV-0034,2025-07-22,3943.12,2114.53
CLM-001963,PAY-01,PRV-0048,2025-08-11,1669.42,654.69
CLM-001964,PAY-03,PRV-0027,2025-07-24,4260.57,2594.41
CLM-001965,PAY-04,PRV-0059,2025-07-23,425.68,4454.43
CLM-001966,PAY-04,PRV-0006,2025-08-01,3002.47,410.86
CLM-001967,PAY-05,PRV-0012,2025-07-05,1243.89,3991.35
CLM-001968,PAY-01,PRV-0069,2025-07-09,1115.48,766.83
CLM-001969,PAY-03,PRV-0056,2025-08-10,4473.54,4481.05
CLM-001970,PAY-02,PRV-0003,2025-07-06,3839.91,4279.1
CLM-001971,PAY-04,PRV-0014,2025-07-03,2815.22,89.0
CLM-001972,PAY-02,PRV-0032,2025-07-15,4984.83,2735.04
CLM-001973,PAY-02,PRV-0037,2025-07-01,2401.05,606.65
CLM-001974,PAY-03,PRV-0023,2025-07-18,2217.01,3331.91
CLM-001975,PAY-01,PRV-0010,2025-07-31,883.39,4323.74
CLM-001976,PAY-02,PRV-0072,2025-07-03,4120.84,51.24
CLM-001977,PAY-03,PRV-0033,2025-07-14,1818.92,3493.77
CLM-001978,PAY-02,PRV-0037,2025-07-02,4599.67,2933.21
CLM-001979,PAY-05,PRV-0046,2025-08-01,3339.59,1058.68
CLM-001980,PAY-05,PRV-0024,2025-08-13,1742.87,2809.72
CLM-001981,PAY-03,PRV-0080,2025-07-03,126.94,4215.53
CLM-001982,PAY-02,PRV-0007,2025-08-02,1766.68,3538.9
CLM-001983,PAY-01,PRV-0008,2025-08-03,4326.8,3078.39
CLM-001984,PAY-01,PRV-0026,2025-08-03,4644.77,2264.43
CLM-001985,PAY-04,PRV-0074,2025-07-17,4590.45,2329.15
CLM-001986,PAY-03,PRV-0023,2025-08-02,1894.6,773.65
CLM-001987,PAY-04,PRV-0075,2025-07-30,2538.95,244.04
CLM-001988,PAY-03,PRV-0013,2025-07-24,3588.4,3654.23
CLM-001989,PAY-05,PRV-0069,2025-07-11,517.96,692.59
CLM-001990,PAY-03,PRV-0011,2025-08-02,845.21,1721.93
CLM-001991,PAY-03,PRV-0031,2025-08-04,2954.79,4429.46
CLM-001992,PAY-02,PRV-0002,2025-07-26,3739.3,1851.54
CLM-001993,PAY-02,PRV-0046,2025-08-03,549.54,2046.15
CLM-001994,PAY-02,PRV-0030,2025-07-21,1648.0,2042.54
CLM-001995,PAY-03,PRV-0070,2025-07-26,2042.08,3077.58
CLM-001996,PAY-02,PRV-0061,2025-08-06,1218.14,2123.23
CLM-001997,PAY-05,PRV-0020,2025-08-10,4056.29,1039.59
CLM-001998,PAY-01,PRV-0029,2025-07-04,1366.82,1795.14
CLM-001999,PAY-02,PRV-0039,2025-07-20,1338.16,2101.62
CLM-002000,PAY-05,PRV-0052,2025-07-01,3366.54,3804.12
CLM-002001,PAY-04,PRV-0062,2025-07-02,4158.53,2909.47
CLM-002002,PAY-03,PRV-0045,2025-07-21,69.96,4320.03
CLM-002003,PAY-04,PRV-0055,2025-07-19,228.93,2105.53
CLM-002004,PAY-04,PRV-0051,2025-07-27,4072.09,3431.58
CLM-002005,PAY-02,PRV-0058,2025-07-25,1177.11,22.08
CLM-002006,PAY-04,PRV-0014,2025-07-17,1104.01,2346.76
CLM-002007,PAY-04,PRV-0033,2025-07-26,2479.44,1746.88
CLM-002008,PAY-05,PRV-0021,2025-07-29,2438.63,2472.42
CLM-002009,PAY-03,PRV-0051,2025-08-13,240.04,516.36
CLM-002010,PAY-02,PRV-0057,2025-07-07,4417.12,717.31
CLM-002011,PAY-05,PRV-0019,2025-08-07,4833.49,3069.17
CLM-002012,PAY-04,PRV-0003,2025-08-05,3140.17,3552.39
CLM-002013,PAY-03,PRV-0014,2025-08-05,493.78,3055.42
CLM-002014,PAY-02,PRV-0043,2025-07-22,2684.68,3591.05
CLM-002015,PAY-02,PRV-0024,2025-08-10,1587.42,933.38
CLM-002016,PAY-04,PRV-0005,2025-07-31,119.25,1990.45
CLM-002017,PAY-05,PRV-0068,2025-07-17,1094.8,3747.67
CLM-002018,PAY-05,PRV-0059,2025-08-11,1804.56,28.66
CLM-002019,PAY-03,PRV-0080,2025-07-31,109.89,1499.52
CLM-002020,PAY-02,PRV-0072,2025-07-12,2381.87,4107.92
CLM-002021,PAY-04,PRV-0006,2025-07-27,287.89,2542.6
CLM-002022,PAY-02,PRV-0054,2025-08-08,4684.46,1053.18
CLM-002023,PAY-04,PRV-0054,2025-08-03,4377.92,1926.25
CLM-002024,PAY-02,PRV-0074,2025-07-01,1946.12,1907.41
CLM-002025,PAY-02,PRV-0030,2025-07-08,4647.85,1919.83
CLM-002026,PAY-02,PRV-0008,2025-07-22,3729.39,585.66
CLM-002027,PAY-01,PRV-0070,2025-07-10,2307.73,66.98
CLM-002028,PAY-03,PRV-0046,2025-08-12,213.9,1312.7
CLM-002029,PAY-02,PRV-0074,2025-07-23,3146.01,527.79
CLM-002030,PAY-01,PRV-0028,2025-08-04,1874.79,407.84
CLM-002031,PAY-05,PRV-0062,2025-07-05,2182.0,3548.68
CLM-002032,PAY-05,PRV-0032,2025-07-16,2631.83,2572.1
CLM-002033,PAY-05,PRV-0010,2025-07-21,1084.11,1416.28
CLM-002034,PAY-02,PRV-0028,2025-08-12,1151.26,1851.1
CLM-002035,PAY-02,PRV-0077,2025-08-10,4617.88,2215.56
CLM-002036,PAY-05,PRV-0065,2025-07-09,3809.45,54.18
CLM-002037,PAY-05,PRV-0067,2025-08-01,722.31,1391.59
CLM-002038,PAY-02,PRV-0061,2025-08-08,4753.28,1102.67
CLM-002039,PAY-04,PRV-0077,2025-08-12,2666.56,4254.8
CLM-002040,PAY-01,PRV-0057,2025-07-23,3414.12,2652.85
CLM-002041,PAY-03,PRV-0019,2025-08-06,2672.32,3285.29
CLM-002042,PAY-02,PRV-0002,2025-07-18,696.65,3195.68
CLM-002043,PAY-04,PRV-0013,2025-07-14,3148.6,364.21
CLM-002044,PAY-03,PRV-0010,2025-07-15,2086.68,2610.93
CLM-002045,PAY-01,PRV-0067,2025-07-24,3046.67,4447.52
CLM-002046,PAY-01,PRV-0066,2025-07-03,683.73,3803.5
CLM-002047,PAY-03,PRV-0056,2025-07-06,4192.07,1346.02
CLM-002048,PAY-03,PRV-0067,2025-07-01,811.6,4494.13
CLM-002049,PAY-03,PRV-0079,2025-08-09,421.31,2104.27
CLM-002050,PAY-01,PRV-0029,2025-07-02,3139.8,4010.5
CLM-002051,PAY-03,PRV-0039,2025-07-01,1494.37,147.86
CLM-002052,PAY-03,PRV-0026,2025-07-10,438.68,2816.58
CLM-002053,PAY-03,PRV-0001,2025-07-28,1175.9,1708.16
CLM-002054,PAY-04,PRV-0045,2025-07-26,494.79,1654.9
CLM-002055,PAY-01,PRV-0030,2025-07-28,2094.64,557.29
CLM-002056,PAY-04,PRV-0062,2025-08-13,4663.37,4461.55
CLM-002057,PAY-04,PRV-0033,2025-08-09,3994.64,2476.67
CLM-002058,PAY-01,PRV-0010,2025-07-22,2587.13,1669.88
CLM-002059,PAY-02,PRV-0048,2025-08-08,365.44,257.22
CLM-002060,PAY-04,PRV-0010,2025-07-24,4473.55,126.01
CLM-002061,PAY-04,PRV-0026,2025-07-17,4102.84,1165.12
CLM-002062,PAY-03,PRV-0005,2025-07-30,2302.29,2058.87
CLM-002063,PAY-02,PRV-0027,2025-07-22,4100.4,1842.14
CLM-002064,PAY-01,PRV-0075,2025-07-26,140.59,1662.26
CLM-002065,PAY-05,PRV-0023,2025-07-10,2209.76,2126.86
CLM-002066,PAY-03,PRV-0019,2025-08-13,3240.27,2048.14
CLM-002067,PAY-04,PRV-0018,2025-07-18,4773.6,4429.32
CLM-002068,PAY-05,PRV-0010,2025-07-28,4803.23,1257.98
CLM-002069,PAY-05,PRV-0047,2025-07-26,749.11,123.35
CLM-002070,PAY-03,PRV-0029,2025-07-12,1942.37,1593.9
CLM-002071,PAY-01,PRV-0049,2025-07-19,1532.25,150.1
CLM-002072,PAY-02,PRV-0025,2025-07-14,823.76,4240.08
CLM-002073,PAY-01,PRV-0032,2025-07-08,2607.9,4085.28
CLM-002074,PAY-03,PRV-0026,2025-07-20,3410.89,2184.54
CLM-002075,PAY-01,PRV-0071,2025-07-22,835.05,2628.07
CLM-002076,PAY-02,PRV-0063,2025-07-09,3450.28,2966.64
CLM-002077,PAY-03,PRV-0029,2025-08-01,3886.28,1502.83
CLM-002078,PAY-05,PRV-0023,2025-07-26,97.18,784.43
CLM-002079,PAY-05,PRV-0034,2025-07-25,3944.28,2285.14
CLM-002080,PAY-03,PRV-0058,2025-08-13,4062.25,3180.13
CLM-002081,PAY-05,PRV-0074,2025-08-04,4699.0,3711.29
CLM-002082,PAY-03,PRV-0046,2025-07-06,2896.78,3132.67
CLM-002083,PAY-03,PRV-0039,2025-08-12,1238.4,2407.35
CLM-002084,PAY-01,PRV-0017,2025-07-17,1333.56,344.66
CLM-002085,PAY-04,PRV-0007,2025-07-24,1783.42,3689.33
CLM-002086,PAY-01,PRV-0025,2025-07-21,83.41,4046.56
CLM-002087,PAY-04,PRV-0046,2025-07-04,1455.06,1767.48
CLM-002088,PAY-03,PRV-0022,2025-08-13,3778.7,4211.33
CLM-002089,PAY-02,PRV-0074,2025-07-25,4787.55,813.69
CLM-002090,PAY-05,PRV-0029,2025-07-02,2783.39,3862.98
CLM-002091,PAY-04,PRV-0041,2025-07-01,4129.74,2557.73
CLM-002092,PAY-05,PRV-0015,2025-07-28,947.17,1262.8
CLM-002093,PAY-03,PRV-0076,2025-07-16,630.04,2139.84
CLM-002094,PAY-05,PRV-0041,2025-07-24,3370.17,4167.33
CLM-002095,PAY-05,PRV-0061,2025-07-11,855.65,2811.77
CLM-002096,PAY-01,PRV-0055,2025-07-22,207.25,3764.09
CLM-002097,PAY-03,PRV-0062,2025-07-20,1117.9,1087.95
CLM-002098,PAY-05,PRV-0016,2025-07-10,177.71,2205.44
CLM-002099,PAY-01,PRV-0057,2025-07-30,4718.63,2370.37
CLM-002100,PAY-05,PRV-0035,2025-07-07,675.5,474.89
CLM-002101,PAY-03,PRV-0058,2025-07-17,4704.52,1978.89
CLM-002102,PAY-01,PRV-0032,2025-07-11,4068.25,2568.39
CLM-002103,PAY-02,PRV-0039,2025-08-03,1752.64,2218.62
CLM-002104,PAY-01,PRV-0018,2025-08-02,3990.89,3536.3
CLM-002105,PAY-03,PRV-0026,2025-08-07,1478.33,3708.39
CLM-002106,PAY-01,PRV-0078,2025-07-25,4880.6,1049.53
CLM-002107,PAY-02,PRV-0018,2025-08-11,2350.88,1359.7
CLM-002108,PAY-05,PRV-0043,2025-07-24,3813.0,1005.95
CLM-002109,PAY-01,PRV-0047,2025-08-11,4613.1,83.6
CLM-002110,PAY-04,PRV-0034,2025-07-24,656.31,4366.45
CLM-002111,PAY-04,PRV-0063,2025-07-20,712.76,428.91
CLM-002112,PAY-02,PRV-0065,2025-07-11,1561.83,4239.44
CLM-002113,PAY-05,PRV-0047,2025-07-12,1439.88,2200.29
CLM-002114,PAY-01,PRV-0017,2025-07-10,1822.75,2304.29
CLM-002115,PAY-01,PRV-0066,2025-07-31,88.25,3522.69
CLM-002116,PAY-05,PRV-0049,2025-08-05,3661.44,402.77
CLM-002117,PAY-02,PRV-0055,2025-08-06,829.02,2748.78
CLM-002118,PAY-01,PRV-0035,2025-07-29,3517.94,78.21
CLM-002119,PAY-01,PRV-0034,2025-07-23,2205.32,4220.84
CLM-002120,PAY-02,PRV-0060,2025-07-10,1033.4,4157.53
CLM-002121,PAY-03,PRV-0074,2025-08-01,1486.35,3882.88
CLM-002122,PAY-03,PRV-0062,2025-08-08,4125.73,4452.41
CLM-002123,PAY-01,PRV-0021,2025-08-12,1127.56,3985.39
CLM-002124,PAY-05,PRV-0028,2025-08-06,1081.43,1148.4
CLM-002125,PAY-02,PRV-0019,2025-07-27,1206.85,2361.68
CLM-002126,PAY-05,PRV-0034,2025-07-26,1353.05,3135.4
CLM-002127,PAY-03,PRV-0042,2025-07-12,650.04,2996.08
CLM-002128,PAY-01,PRV-0051,2025-07-17,1073.18,3942.97
CLM-002129,PAY-01,PRV-0070,2025-07-14,2676.17,1761.86
CLM-002130,PAY-04,PRV-0071,2025-07-16,3182.82,2225.82
CLM-002131,PAY-02,PRV-0008,2025-08-03,3171.59,788.6
CLM-002132,PAY-03,PRV-0073,2025-07-11,2211.57,209.8
CLM-002133,PAY-02,PRV-0036,2025-07-09,3457.5,1539.45
CLM-002134,PAY-03,PRV-0026,2025-07-16,1416.24,2132.0
CLM-002135,PAY-01,PRV-0016,2025-07-07,3738.99,3657.75
CLM-002136,PAY-03,PRV-0027,2025-08-11,4839.19,34.51
CLM-002137,PAY-01,PRV-0077,2025-07-19,4746.29,1214.65
CLM-002138,PAY-04,PRV-0046,2025-07-07,4568.61,1001.31
CLM-002139,PAY-02,PRV-0068,2025-07-26,746.48,4103.68
CLM-002140,PAY-04,PRV-0058,2025-07-30,2470.28,3776.29
CLM-002141,PAY-05,PRV-0029,2025-07-17,2416.88,1506.83
CLM-002142,PAY-01,PRV-0073,2025-07-17,3118.96,646.29
CLM-002143,PAY-01,PRV-0075,2025-08-01,299.25,1954.8
CLM-002144,PAY-05,PRV-0017,2025-07-08,1620.93,3516.07
CLM-002145,PAY-04,PRV-0013,2025-07-17,905.9,173.06
CLM-002146,PAY-03,PRV-0071,2025-08-10,2114.25,3037.3
CLM-002147,PAY-03,PRV-0032,2025-07-11,2537.11,96.77
CLM-002148,PAY-04,PRV-0021,2025-07-16,2769.06,1748.93
CLM-002149,PAY-05,PRV-0075,2025-07-16,3726.39,1613.3
CLM-002150,PAY-02,PRV-0003,2025-07-29,4312.95,2198.06
CLM-002151,PAY-05,PRV-0056,2025-07-20,2465.61,1211.78
CLM-002152,PAY-03,PRV-0024,2025-08-11,2291.96,50.83
CLM-002153,PAY-05,PRV-0002,2025-07-27,2656.89,3490.16
CLM-002154,PAY-04,PRV-0027,2025-07-29,2625.34,501.21
CLM-002155,PAY-04,PRV-0062,2025-07-19,1606.93,4360.12
CLM-002156,PAY-03,PRV-0004,2025-07-18,2082.02,3246.02
CLM-002157,PAY-04,PRV-0021,2025-07-09,480.21,3130.45
CLM-002158,PAY-04,PRV-0035,2025-07-11,4684.44,3009.87
CLM-002159,PAY-02,PRV-0006,2025-08-10,883.97,4400.8
CLM-002160,PAY-03,PRV-0073,2025-07-26,3485.7,1049.06
CLM-002161,PAY-05,PRV-0027,2025-07-13,2386.95,373.62
CLM-002162,PAY-01,PRV-0013,2025-08-07,3957.08,273.45
CLM-002163,PAY-01,PRV-0002,2025-07-09,2305.89,1700.92
CLM-002164,PAY-04,PRV-0032,2025-08-05,3623.01,1543.47
CLM-002165,PAY-02,PRV-0080,2025-07-04,2652.87,3750.41
CLM-002166,PAY-03,PRV-0002,2025-07-21,1403.63,2225.98
CLM-002167,PAY-01,PRV-0025,2025-07-22,3936.46,812.63
CLM-002168,PAY-01,PRV-0033,2025-08-05,4003.32,2303.09
CLM-002169,PAY-02,PRV-0020,2025-07-06,465.89,3875.39
CLM-002170,PAY-02,PRV-0016,2025-08-05,3462.45,3105.12
CLM-002171,PAY-04,PRV-0064,2025-07-21,4699.17,58.04
CLM-002172,PAY-03,PRV-0045,2025-07-31,1278.39,1060.99
CLM-002173,PAY-05,PRV-0016,2025-07-30,1070.72,1537.12
CLM-002174,PAY-01,PRV-0059,2025-07-07,2341.51,1565.23
CLM-002175,PAY-05,PRV-0050,2025-07-11,4794.98,667.53
CLM-002176,PAY-02,PRV-0017,2025-07-04,2023.64,1902.9
CLM-002177,PAY-03,PRV-0059,2025-07-08,1533.57,516.57
CLM-002178,PAY-01,PRV-0070,2025-07-23,389.34,975.7
CLM-002179,PAY-05,PRV-0036,2025-07-03,4901.38,2527.84
CLM-002180,PAY-05,PRV-0079,2025-08-03,1682.59,2816.22
CLM-002181,PAY-05,PRV-0010,2025-07-21,3308.08,1949.11
CLM-002182,PAY-04,PRV-0019,2025-07-23,962.75,4273.99
CLM-002183,PAY-01,PRV-0016,2025-08-14,2247.49,2230.97
CLM-002184,PAY-03,PRV-0063,2025-07-14,845.06,2728.75
CLM-002185,PAY-03,PRV-0048,2025-07-17,1967.66,4430.69
CLM-002186,PAY-01,PRV-0073,2025-07-16,4232.65,3898.47
CLM-002187,PAY-02,PRV-0075,2025-07-24,4800.25,4272.66
CLM-002188,PAY-05,PRV-0016,2025-07-12,2661.75,3207.41
CLM-002189,PAY-02,PRV-0007,2025-08-14,2874.15,4372.98
CLM-002190,PAY-05,PRV-0001,2025-08-11,4195.2,1478.29
CLM-002191,PAY-02,PRV-0074,2025-07-21,3279.15,290.98
CLM-002192,PAY-02,PRV-0057,2025-07-29,3864.52,3281.87
CLM-002193,PAY-01,PRV-0061,2025-07-11,1145.75,2634.42
CLM-002194,PAY-04,PRV-0015,2025-07-18,1090.4,2026.92
CLM-002195,PAY-02,PRV-0018,2025-07-21,2876.41,3107.48
CLM-002196,PAY-02,PRV-0045,2025-07-01,2687.11,3736.05
CLM-002197,PAY-01,PRV-0037,2025-07-04,3024.37,1534.3
CLM-002198,PAY-01,PRV-0026,2025-07-18,2678.81,1331.12
CLM-002199,PAY-01,PRV-0043,2025-07-25,2916.94,4362.46
CLM-002200,PAY-03,PRV-0053,2025-08-08,2372.96,4015.5
CLM-002201,PAY-05,PRV-0008,2025-08-02,1925.8,3077.45
CLM-002202,PAY-03,PRV-0046,2025-08-06,2932.6,3774.75
CLM-002203,PAY-05,PRV-0063,2025-07-28,873.18,47.91
CLM-002204,PAY-01,PRV-0077,2025-07-06,2396.89,1805.02
CLM-002205,PAY-05,PRV-0056,2025-08-12,4337.88,122.18
CLM-002206,PAY-03,PRV-0019,2025-07-11,1565.04,3415.82
CLM-002207,PAY-05,PRV-0037,2025-07-03,1070.76,2867.68
CLM-002208,PAY-01,PRV-0010,2025-07-06,325.16,3919.19
CLM-002209,PAY-02,PRV-0030,2025-07-21,2328.61,419.23
CLM-002210,PAY-03,PRV-0075,2025-07-02,1751.98,3856.35
CLM-002211,PAY-04,PRV-0003,2025-08-07,4451.08,1658.86
CLM-002212,PAY-05,PRV-0034,2025-08-02,3237.95,2637.9
CLM-002213,PAY-04,PRV-0067,2025-07-16,1298.16,2552.44
CLM-002214,PAY-04,PRV-0011,2025-07-20,808.08,3971.33
CLM-002215,PAY-03,PRV-0049,2025-08-01,1921.56,3646.5
CLM-002216,PAY-04,PRV-0050,2025-08-11,2044.29,676.09
CLM-002217,PAY-04,PRV-0047,2025-07-13,504.83,4104.89
CLM-002218,PAY-02,PRV-0017,2025-07-16,4628.85,1945.69
CLM-002219,PAY-04,PRV-0063,2025-07-19,642.96,2241.51
CLM-002220,PAY-04,PRV-0075,2025-07-11,4112.16,4285.79
CLM-002221,PAY-02,PRV-0007,2025-07-24,3419.62,399.36
CLM-002222,PAY-05,PRV-0055,2025-07-01,1992.74,2591.39
CLM-002223,PAY-03,PRV-0013,2025-08-08,4407.18,926.9
CLM-002224,PAY-05,PRV-0080,2025-07-30,103.89,2106.87
CLM-002225,PAY-02,PRV-0041,2025-08-04,1512.43,899.08
CLM-002226,PAY-01,PRV-0023,2025-07-30,2030.39,908.33
CLM-002227,PAY-04,PRV-0019,2025-08-08,4704.81,170.27
CLM-002228,PAY-01,PRV-0008,2025-07-05,862.91,3175.14
CLM-002229,PAY-05,PRV-0027,2025-07-01,2472.63,1748.39
CLM-002230,PAY-02,PRV-0080,2025-08-06,1392.82,3584.22
CLM-002231,PAY-04,PRV-0068,2025-08-01,4580.54,607.46
CLM-002232,PAY-02,PRV-0011,2025-07-12,1166.82,561.31
CLM-002233,PAY-01,PRV-0005,2025-07-02,3985.28,422.87
CLM-002234,PAY-01,PRV-0047,2025-07-10,3765.96,721.35
CLM-002235,PAY-02,PRV-0010,2025-07-15,186.09,1950.65
CLM-002236,PAY-04,PRV-0068,2025-07-11,4198.82,1343.6
CLM-002237,PAY-04,PRV-0037,2025-08-11,2159.05,1323.91
CLM-002238,PAY-04,PRV-0006,2025-08-08,4942.85,4373.33
CLM-002239,PAY-03,PRV-0067,2025-07-16,4470.93,3141.95
CLM-002240,PAY-01,PRV-0009,2025-07-02,3235.73,1254.32
CLM-002241,PAY-04,PRV-0067,2025-07-17,1462.68,634.12
CLM-002242,PAY-02,PRV-0006,2025-08-11,198.47,4168.81
CLM-002243,PAY-03,PRV-0080,2025-07-27,1856.3,1693.29
CLM-002244,PAY-04,PRV-0011,2025-07-16,4053.46,903.57
CLM-002245,PAY-02,PRV-0006,2025-08-01,3512.25,2366.34
CLM-002246,PAY-05,PRV-0008,2025-07-15,3384.36,1200.59
CLM-002247,PAY-01,PRV-0026,2025-07-18,175.75,4371.96
CLM-002248,PAY-04,PRV-0028,2025-08-03,3943.16,3989.6
CLM-002249,PAY-03,PRV-0029,2025-07-18,4212.23,1023.8
CLM-002250,PAY-04,PRV-0055,2025-07-21,4754.95,4166.8
CLM-002251,PAY-03,PRV-0033,2025-07-28,1062.26,3296.19
CLM-002252,PAY-02,PRV-0031,2025-07-25,48.73,3844.56
CLM-002253,PAY-05,PRV-0046,2025-08-04,870.06,3462.69
CLM-002254,PAY-02,PRV-0026,2025-08-01,4897.97,855.86
CLM-002255,PAY-05,PRV-0075,2025-07-18,3781.14,630.16
CLM-002256,PAY-01,PRV-0013,2025-08-11,2604.14,4031.77
CLM-002257,PAY-04,PRV-0047,2025-08-07,1876.09,512.51
CLM-002258,PAY-04,PRV-0046,2025-08-06,2785.71,840.31
CLM-002259,PAY-01,PRV-0042,2025-08-03,2123.7,770.38
CLM-002260,PAY-04,PRV-0075,2025-07-08,931.21,4448.9
CLM-002261,PAY-04,PRV-0066,2025-08-13,4942.16,593.8
CLM-002262,PAY-03,PRV-0060,2025-07-02,575.62,1381.64
CLM-002263,PAY-02,PRV-0054,2025-07-23,2888.62,4187.82
CLM-002264,PAY-01,PRV-0061,2025-07-18,1326.95,349.09
CLM-002265,PAY-01,PRV-0028,2025-08-06,1810.68,3980.14
CLM-002266,PAY-03,PRV-0025,2025-08-09,4622.22,2449.65
CLM-002267,PAY-05,PRV-0078,2025-07-31,1325.31,124.49
CLM-002268,PAY-02,PRV-0068,2025-07-05,1959.75,3208.88
CLM-002269,PAY-05,PRV-0007,2025-07-13,1982.39,3480.52
CLM-002270,PAY-05,PRV-0068,2025-07-09,1137.32,1476.63
CLM-002271,PAY-03,PRV-0033,2025-07-16,3940.85,3995.83
CLM-002272,PAY-04,PRV-0065,2025-07-24,4868.27,3242.6
CLM-002273,PAY-05,PRV-0077,2025-07-06,4596.82,2959.43
CLM-002274,PAY-02,PRV-0053,2025-07-24,1802.27,1043.72
CLM-002275,PAY-04,PRV-0039,2025-07-30,3087.06,2639.76
CLM-002276,PAY-02,PRV-0031,2025-07-25,710.87,1044.77
CLM-002277,PAY-02,PRV-0007,2025-08-04,3433.57,3169.31
CLM-002278,PAY-01,PRV-0045,2025-07-05,2815.09,1005.63
CLM-002279,PAY-03,PRV-0061,2025-07-14,3508.95,3880.91
CLM-002280,PAY-04,PRV-0014,2025-08-08,1907.29,1632.73
CLM-002281,PAY-02,PRV-0073,2025-07-05,4185.8,3397.13
CLM-002282,PAY-01,PRV-0069,2025-07-04,1895.51,1032.77
CLM-002283,PAY-05,PRV-0074,2025-07-27,3966.28,3591.46
CLM-002284,PAY-01,PRV-0008,2025-07-18,559.19,1771.39
CLM-002285,PAY-05,PRV-0063,2025-07-11,446.1,1721.88
CLM-002286,PAY-01,PRV-0053,2025-08-01,2487.36,2516.32
CLM-002287,PAY-01,PRV-0012,2025-08-03,1411.68,792.92
CLM-002288,PAY-03,PRV-0019,2025-08-13,1168.11,3334.46
CLM-002289,PAY-02,PRV-0067,2025-07-23,3963.76,2279.84
CLM-002290,PAY-03,PRV-0036,2025-08-03,3769.74,1610.24
CLM-002291,PAY-04,PRV-0057,2025-07-08,2823.22,2524.9
CLM-002292,PAY-01,PRV-0019,2025-07-14,2900.49,2670.18
CLM-002293,PAY-04,PRV-0049,2025-07-18,2701.28,523.62
CLM-002294,PAY-03,PRV-0022,2025-07-14,1774.14,573.02
CLM-002295,PAY-03,PRV-0012,2025-08-03,4023.55,4310.67
CLM-002296,PAY-02,PRV-0035,2025-07-28,721.56,4114.5
CLM-002297,PAY-04,PRV-0073,2025-07-20,3832.68,1655.3
CLM-002298,PAY-01,PRV-0021,2025-07-23,3729.89,3912.97
CLM-002299,PAY-03,PRV-0049,2025-08-13,1304.99,1478.37
CLM-002300,PAY-05,PRV-0074,2025-07-09,3726.29,2017.03
CLM-002301,PAY-05,PRV-0041,2025-07-27,4304.99,897.29
CLM-002302,PAY-04,PRV-0038,2025-08-04,1725.77,4154.25
CLM-002303,PAY-01,PRV-0051,2025-07-13,1026.94,1355.1
CLM-002304,PAY-01,PRV-0054,2025-07-05,4836.01,422.75
CLM-002305,PAY-02,PRV-0060,2025-08-08,183.06,686.96
CLM-002306,PAY-05,PRV-0010,2025-08-12,2115.98,543.04
CLM-002307,PAY-01,PRV-0010,2025-07-06,3927.93,371.87
CLM-002308,PAY-03,PRV-0014,2025-07-17,163.35,896.35
CLM-002309,PAY-03,PRV-0015,2025-07-11,2064.21,1489.22
CLM-002310,PAY-03,PRV-0013,2025-07-17,1498.45,2487.24
CLM-002311,PAY-02,PRV-0018,2025-08-04,776.76,3982.55
CLM-002312,PAY-02,PRV-0014,2025-07-28,4778.16,54.68
CLM-002313,PAY-04,PRV-0014,2025-07-31,823.65,665.88
CLM-002314,PAY-03,PRV-0014,2025-07-21,846.68,3019.04
CLM-002315,PAY-01,PRV-0020,2025-07-15,1458.03,3878.14
CLM-002316,PAY-02,PRV-0064,2025-07-27,2552.56,3114.87
CLM-002317,PAY-04,PRV-0065,2025-07-23,802.2,46.35
CLM-002318,PAY-03,PRV-0025,2025-08-02,3241.28,1261.88
CLM-002319,PAY-05,PRV-0017,2025-07-01,3719.32,1906.49
CLM-002320,PAY-02,PRV-0046,2025-08-12,3814.76,520.45
CLM-002321,PAY-03,PRV-0011,2025-07-08,468.2,977.27
CLM-002322,PAY-02,PRV-0007,2025-08-14,340.37,776.79
CLM-002323,PAY-03,PRV-0012,2025-07-25,875.54,1014.37
CLM-002324,PAY-01,PRV-0068,2025-07-01,3137.16,640.11
CLM-002325,PAY-01,PRV-0002,2025-07-14,2640.49,4409.23
CLM-002326,PAY-03,PRV-0010,2025-07-08,2838.06,2903.26
CLM-002327,PAY-03,PRV-0024,2025-07-22,1493.46,4493.38
CLM-002328,PAY-04,PRV-0028,2025-07-07,4037.85,2392.66
CLM-002329,PAY-03,PRV-0059,2025-07-05,1033.76,773.65
CLM-002330,PAY-03,PRV-0067,2025-07-07,834.86,916.44
CLM-002331,PAY-05,PRV-0024,2025-07-21,3384.24,1188.72
CLM-002332,PAY-05,PRV-0049,2025-07-28,3183.09,665.09
CLM-002333,PAY-04,PRV-0060,2025-07-09,315.54,734.58
CLM-002334,PAY-02,PRV-0066,2025-08-09,2066.83,4401.94
CLM-002335,PAY-02,PRV-0046,2025-08-14,1289.96,4104.29
CLM-002336,PAY-04,PRV-0049,2025-07-05,741.71,276.12
CLM-002337,PAY-05,PRV-0045,2025-07-09,2479.09,4358.82
CLM-002338,PAY-04,PRV-0075,2025-08-03,4880.34,317.32
CLM-002339,PAY-03,PRV-0009,2025-07-27,2911.45,2466.99
CLM-002340,PAY-04,PRV-0033,2025-08-07,3260.81,1261.36
CLM-002341,PAY-03,PRV-0037,2025-07-02,3500.59,3273.84
CLM-002342,PAY-05,PRV-0047,2025-07-20,2828.23,943.08
CLM-002343,PAY-02,PRV-0032,2025-07-16,136.73,2535.87
CLM-002344,PAY-05,PRV-0068,2025-07-04,1278.31,794.76
CLM-002345,PAY-04,PRV-0032,2025-07-01,511.34,365.53
CLM-002346,PAY-05,PRV-0061,2025-07-14,4337.93,4158.09
CLM-002347,PAY-02,PRV-0006,2025-07-07,4217.41,909.64
CLM-002348,PAY-01,PRV-0035,2025-07-10,1104.73,2111.9
CLM-002349,PAY-03,PRV-0007,2025-07-10,4328.14,1042.39
CLM-002350,PAY-02,PRV-0028,2025-07-17,4494.12,1700.66
CLM-002351,PAY-04,PRV-0015,2025-08-03,3938.91,250.8
CLM-002352,PAY-03,PRV-0014,2025-08-04,2133.51,4466.07
CLM-002353,PAY-01,PRV-0077,2025-07-26,742.44,1350.28
CLM-002354,PAY-04,PRV-0071,2025-07-06,4574.42,1475.7
CLM-002355,PAY-01,PRV-0030,2025-07-17,2847.89,1842.39
CLM-002356,PAY-02,PRV-0016,2025-07-05,4637.87,2196.43
CLM-002357,PAY-05,PRV-0036,2025-07-13,2024.16,751.93
CLM-002358,PAY-02,PRV-0009,2025-07-24,4861.18,3002.57
CLM-002359,PAY-02,PRV-0079,2025-07-07,1581.23,4464.69
CLM-002360,PAY-02,PRV-0068,2025-07-31,3070.83,2073.09
CLM-002361,PAY-01,PRV-0049,2025-07-28,2839.8,2238.28
CLM-002362,PAY-05,PRV-0038,2025-07-01,3501.45,1611.74
CLM-002363,PAY-01,PRV-0007,2025-07-15,4035.48,1840.48
CLM-002364,PAY-04,PRV-0037,2025-08-06,4083.63,2760.92
CLM-002365,PAY-04,PRV-0017,2025-07-27,2816.0,3088.1
CLM-002366,PAY-04,PRV-0033,2025-07-26,4898.11,789.4
CLM-002367,PAY-02,PRV-0016,2025-07-11,1895.59,4198.59
CLM-002368,PAY-05,PRV-0049,2025-07-13,921.11,560.7
CLM-002369,PAY-05,PRV-0059,2025-07-23,2711.37,1490.1
CLM-002370,PAY-04,PRV-0041,2025-07-14,722.35,2808.59
CLM-002371,PAY-01,PRV-0019,2025-07-07,4666.4,1185.48
CLM-002372,PAY-01,PRV-0043,2025-07-24,3615.66,3798.68
CLM-002373,PAY-02,PRV-0074,2025-07-21,2542.57,3312.95
CLM-002374,PAY-05,PRV-0002,2025-08-13,3057.72,1084.7
CLM-002375,PAY-03,PRV-0080,2025-07-03,907.32,1636.6
CLM-002376,PAY-05,PRV-0056,2025-07-19,1732.53,1668.3
CLM-002377,PAY-05,PRV-0057,2025-07-31,3913.69,918.02
CLM-002378,PAY-05,PRV-0062,2025-07-22,3069.27,1629.75
CLM-002379,PAY-04,PRV-0071,2025-08-09,4514.58,2821.09
CLM-002380,PAY-02,PRV-0080,2025-08-06,2060.67,1089.36
CLM-002381,PAY-05,PRV-0001,2025-07-24,2013.24,3067.7
CLM-002382,PAY-04,PRV-0034,2025-08-01,2737.99,1018.04
CLM-002383,PAY-04,PRV-0062,2025-08-14,4889.47,2367.34
CLM-002384,PAY-05,PRV-0024,2025-07-11,541.41,919.04
CLM-002385,PAY-05,PRV-0032,2025-08-14,4109.1,790.83
CLM-002386,PAY-04,PRV-0023,2025-07-23,651.12,1259.5
CLM-002387,PAY-05,PRV-0080,2025-08-09,1608.05,4198.7
CLM-002388,PAY-05,PRV-0066,2025-08-11,1780.07,1370.69
CLM-002389,PAY-02,PRV-0040,2025-08-06,3597.98,143.91
CLM-002390,PAY-01,PRV-0013,2025-07-17,2845.05,3475.96
CLM-002391,PAY-04,PRV-0049,2025-08-11,4632.65,3764.55
CLM-002392,PAY-01,PRV-0037,2025-07-04,176.07,160.46
CLM-002393,PAY-04,PRV-0064,2025-07-15,425.32,4313.39
CLM-002394,PAY-01,PRV-0075,2025-07-28,2314.44,722.05
CLM-002395,PAY-01,PRV-0057,2025-07-01,287.85,1590.68
CLM-002396,PAY-02,PRV-0059,2025-07-10,2112.85,1698.92
CLM-002397,PAY-01,PRV-0014,2025-07-14,1821.97,2522.59
CLM-002398,PAY-05,PRV-0062,2025-07-17,3807.55,1055.63
CLM-002399,PAY-01,PRV-0031,2025-08-04,1307.45,1892.2
CLM-002400,PAY-03,PRV-0068,2025-08-14,175.23,3485.73
CLM-002401,PAY-02,PRV-0074,2025-07-22,1244.48,2423.49
CLM-002402,PAY-01,PRV-0038,2025-07-29,944.53,1631.45
CLM-002403,PAY-04,PRV-0005,2025-07-17,3396.91,4034.64
CLM-002404,PAY-04,PRV-0073,2025-08-14,3401.79,2465.85
CLM-002405,PAY-05,PRV-0048,2025-07-29,3608.69,311.26
CLM-002406,PAY-04,PRV-0025,2025-07-29,693.16,1113.73
CLM-002407,PAY-03,PRV-0027,2025-07-22,4010.0,3431.98
CLM-002408,PAY-03,PRV-0002,2025-08-08,1639.66,1656.63
CLM-002409,PAY-02,PRV-0009,2025-08-13,302.54,2794.07
CLM-002410,PAY-03,PRV-0059,2025-07-23,3798.62,1315.36
CLM-002411,PAY-01,PRV-0046,2025-07-24,4538.13,1661.99
CLM-002412,PAY-04,PRV-0051,2025-07-21,3271.75,1678.56
CLM-002413,PAY-04,PRV-0004,2025-08-11,1334.77,902.24
CLM-002414,PAY-02,PRV-0055,2025-07-24,242.3,2355.23
CLM-002415,PAY-03,PRV-0017,2025-07-28,2101.01,3460.59
CLM-002416,PAY-03,PRV-0012,2025-07-11,4017.8,682.55
CLM-002417,PAY-03,PRV-0007,2025-08-13,2981.69,447.59
CLM-002418,PAY-05,PRV-0038,2025-08-13,1436.51,1345.44
CLM-002419,PAY-02,PRV-0006,2025-07-01,2855.69,1361.34
CLM-002420,PAY-02,PRV-0040,2025-07-26,3408.75,2677.64
CLM-002421,PAY-02,PRV-0021,2025-07-20,2402.04,2197.01
CLM-002422,PAY-03,PRV-0013,2025-08-08,3744.35,2728.39
CLM-002423,PAY-01,PRV-0046,2025-08-13,2187.66,2724.9
CLM-002424,PAY-03,PRV-0040,2025-08-02,3756.57,86.09
CLM-002425,PAY-05,PRV-0057,2025-08-05,3137.59,2708.67
CLM-002426,PAY-05,PRV-0066,2025-08-05,4307.4,3424.65
CLM-002427,PAY-02,PRV-0065,2025-07-07,1428.74,2102.01
CLM-002428,PAY-04,PRV-0008,2025-08-01,2070.0,905.94
CLM-002429,PAY-03,PRV-0073,2025-07-29,3805.93,3209.91
CLM-002430,PAY-03,PRV-0074,2025-07-22,3708.83,4369.95
CLM-002431,PAY-01,PRV-0071,2025-07-10,3359.02,3508.13
CLM-002432,PAY-02,PRV-0055,2025-07-08,3189.84,336.82
CLM-002433,PAY-04,PRV-0046,2025-08-08,4560.02,4129.74
CLM-002434,PAY-02,PRV-0036,2025-07-16,950.85,3101.72
CLM-002435,PAY-03,PRV-0076,2025-07-15,1283.96,2776.71
CLM-002436,PAY-02,PRV-0035,2025-07-18,510.56,345.1
CLM-002437,PAY-04,PRV-0037,2025-08-06,2473.57,2528.71
CLM-002438,PAY-01,PRV-0056,2025-07-23,4485.51,1932.99
CLM-002439,PAY-05,PRV-0055,2025-07-28,3238.71,613.54
CLM-002440,PAY-02,PRV-0001,2025-07-22,3550.81,2023.75
CLM-002441,PAY-03,PRV-0030,2025-07-17,4619.25,2089.22
CLM-002442,PAY-02,PRV-0036,2025-07-24,3407.24,3945.93
CLM-002443,PAY-03,PRV-0035,2025-07-17,1016.4,2473.08
CLM-002444,PAY-04,PRV-0002,2025-07-13,541.42,569.32
CLM-002445,PAY-03,PRV-0054,2025-07-23,1455.49,2836.47
CLM-002446,PAY-04,PRV-0046,2025-07-07,2363.09,4080.36
CLM-002447,PAY-02,PRV-0058,2025-07-28,977.48,2612.02
CLM-002448,PAY-04,PRV-0021,2025-07-06,3878.93,875.53
CLM-002449,PAY-04,PRV-0075,2025-07-27,1749.93,1148.54
CLM-002450,PAY-05,PRV-0025,2025-08-05,1168.06,4483.05
CLM-002451,PAY-03,PRV-0066,2025-08-11,2923.35,4281.95
CLM-002452,PAY-03,PRV-0038,2025-07-03,1594.61,1849.65
CLM-002453,PAY-03,PRV-0052,2025-07-16,4467.28,1259.32
CLM-002454,PAY-01,PRV-0004,2025-07-09,1352.15,4214.94
CLM-002455,PAY-02,PRV-0079,2025-07-08,1955.1,1661.73
CLM-002456,PAY-04,PRV-0079,2025-07-01,4778.78,676.74
CLM-002457,PAY-04,PRV-0066,2025-07-26,4498.72,1442.55
CLM-002458,PAY-04,PRV-0031,2025-07-09,4141.9,474.51
CLM-002459,PAY-03,PRV-0022,2025-07-08,3967.49,1453.47
CLM-002460,PAY-01,PRV-0061,2025-07-07,794.83,1446.02
CLM-002461,PAY-03,PRV-0053,2025-08-03,1818.88,3218.45
CLM-002462,PAY-05,PRV-0026,2025-07-25,1876.76,2226.28
CLM-002463,PAY-01,PRV-0021,2025-07-04,1678.16,895.73
CLM-002464,PAY-05,PRV-0033,2025-07-02,454.34,550.22
CLM-002465,PAY-04,PRV-0015,2025-08-10,4187.71,579.76
CLM-002466,PAY-04,PRV-0003,2025-08-14,2030.92,2699.64
CLM-002467,PAY-03,PRV-0032,2025-07-28,3047.67,2319.64
CLM-002468,PAY-01,PRV-0020,2025-07-09,458.62,1802.31
CLM-002469,PAY-01,PRV-0042,2025-07-11,4808.75,1989.99
CLM-002470,PAY-05,PRV-0024,2025-07-27,1064.02,1401.44
CLM-002471,PAY-02,PRV-0017,2025-07-04,4530.62,2684.39
CLM-002472,PAY-01,PRV-0056,2025-07-20,1341.33,186.7
CLM-002473,PAY-05,PRV-0072,2025-07-09,2957.77,1854.48
CLM-002474,PAY-01,PRV-0065,2025-07-22,4616.42,4383.88
CLM-002475,PAY-05,PRV-0074,2025-07-19,4619.91,2050.3
CLM-002476,PAY-01,PRV-0037,2025-07-15,871.68,1095.35
CLM-002477,PAY-01,PRV-0058,2025-07-19,356.61,3321.44
CLM-002478,PAY-02,PRV-0062,2025-07-27,3176.67,162.13
CLM-002479,PAY-05,PRV-0029,2025-07-25,4032.79,508.05
CLM-002480,PAY-04,PRV-0049,2025-07-01,4716.19,2051.51
CLM-002481,PAY-01,PRV-0041,2025-08-05,427.1,2510.57
CLM-002482,PAY-02,PRV-0063,2025-07-08,4945.53,2262.72
CLM-002483,PAY-01,PRV-0015,2025-07-11,1181.17,914.1
CLM-002484,PAY-05,PRV-0006,2025-07-10,3583.03,2504.31
CLM-002485,PAY-05,PRV-0072,2025-08-08,726.16,3168.67
CLM-002486,PAY-05,PRV-0041,2025-07-25,4068.17,872.94
CLM-002487,PAY-03,PRV-0041,2025-07-01,2099.99,3983.61
CLM-002488,PAY-03,PRV-0017,2025-07-29,3507.36,355.54
CLM-002489,PAY-02,PRV-0041,2025-08-03,2871.59,607.28
CLM-002490,PAY-03,PRV-0023,2025-08-01,4653.5,4368.2
CLM-002491,PAY-02,PRV-0056,2025-07-20,3552.25,4359.87
CLM-002492,PAY-05,PRV-0002,2025-07-26,3603.16,1197.22
CLM-002493,PAY-01,PRV-0028,2025-07-22,1199.02,3377.09
CLM-002494,PAY-01,PRV-0023,2025-07-07,4264.15,28.67
CLM-002495,PAY-04,PRV-0001,2025-08-04,4539.89,2583.89
CLM-002496,PAY-02,PRV-0022,2025-08-10,3387.79,3692.95
CLM-002497,PAY-04,PRV-0011,2025-07-03,3374.35,4313.35
CLM-002498,PAY-05,PRV-0072,2025-07-20,1869.45,2771.16
CLM-002499,PAY-03,PRV-0032,2025-07-24,460.2,110.96
CLM-002500,PAY-01,PRV-0023,2025-07-04,3177.08,602.8
CLM-002501,PAY-05,PRV-0043,2025-07-22,3417.59,1459.8
CLM-002502,PAY-05,PRV-0056,2025-07-09,1393.84,590.98
CLM-002503,PAY-04,PRV-0017,2025-07-23,3716.91,1245.32
CLM-002504,PAY-04,PRV-0036,2025-07-18,1732.04,592.67
CLM-002505,PAY-02,PRV-0054,2025-08-02,2493.64,187.98
CLM-002506,PAY-05,PRV-0043,2025-08-02,682.43,887.88
CLM-002507,PAY-04,PRV-0017,2025-07-29,1470.44,1609.18
CLM-002508,PAY-01,PRV-0032,2025-08-02,1860.77,1726.83
CLM-002509,PAY-01,PRV-0033,2025-07-22,3552.83,1194.87
CLM-002510,PAY-01,PRV-0021,2025-08-08,460.32,4075.16
CLM-002511,PAY-02,PRV-0070,2025-07-20,3730.75,571.77
CLM-002512,PAY-01,PRV-0044,2025-08-06,1944.68,2672.28
CLM-002513,PAY-04,PRV-0047,2025-07-10,2081.03,143.22
CLM-002514,PAY-02,PRV-0030,2025-07-24,3598.92,2739.72
CLM-002515,PAY-02,PRV-0047,2025-07-07,1757.28,4310.29
CLM-002516,PAY-04,PRV-0020,2025-07-04,2521.03,1470.93
CLM-002517,PAY-05,PRV-0014,2025-07-05,2076.29,3005.55
CLM-002518,PAY-05,PRV-0068,2025-08-14,2000.45,3500.89
CLM-002519,PAY-05,PRV-0014,2025-07-06,3808.47,1186.65
CLM-002520,PAY-05,PRV-0072,2025-07-02,959.83,1043.63
CLM-002521,PAY-03,PRV-0039,2025-07-27,4621.63,3304.73
CLM-002522,PAY-03,PRV-0078,2025-08-03,3137.84,4190.45
CLM-002523,PAY-02,PRV-0031,2025-08-03,4681.66,4441.93
CLM-002524,PAY-03,PRV-0043,2025-08-10,4285.86,1502.0
CLM-002525,PAY-03,PRV-0057,2025-08-07,1112.78,504.09
CLM-002526,PAY-02,PRV-0039,2025-07-08,325.71,2342.22
CLM-002527,PAY-03,PRV-0080,2025-08-05,3634.52,3766.67
CLM-002528,PAY-01,PRV-0047,2025-07-21,771.81,2064.92
CLM-002529,PAY-01,PRV-0015,2025-07-06,2792.01,1066.87
CLM-002530,PAY-02,PRV-0014,2025-07-21,4118.69,119.61
CLM-002531,PAY-03,PRV-0037,2025-07-21,596.47,491.5
CLM-002532,PAY-05,PRV-0061,2025-07-18,1424.11,1412.95
CLM-002533,PAY-02,PRV-0044,2025-08-14,1207.01,3068.68
CLM-002534,PAY-01,PRV-0013,2025-07-29,1269.07,447.9
CLM-002535,PAY-04,PRV-0063,2025-07-01,2399.67,2626.02
CLM-002536,PAY-05,PRV-0011,2025-07-15,2287.76,4182.96
CLM-002537,PAY-04,PRV-0079,2025-07-29,4917.57,609.67
CLM-002538,PAY-02,PRV-0012,2025-08-11,65.64,4022.77
CLM-002539,PAY-04,PRV-0053,2025-07-27,4951.58,4166.95
CLM-002540,PAY-03,PRV-0058,2025-07-17,2162.16,2932.14
CLM-002541,PAY-02,PRV-0032,2025-07-08,152.41,3319.54
CLM-002542,PAY-04,PRV-0079,2025-07-21,853.72,3310.29
CLM-002543,PAY-02,PRV-0053,2025-07-02,4875.5,202.74
CLM-002544,PAY-04,PRV-0055,2025-07-25,3173.14,4099.26
CLM-002545,PAY-04,PRV-0044,2025-08-05,2353.9,3655.74
CLM-002546,PAY-01,PRV-0061,2025-08-09,4368.44,368.54
CLM-002547,PAY-02,PRV-0074,2025-07-13,3328.64,1214.81
CLM-002548,PAY-05,PRV-0020,2025-08-11,1733.12,2091.55
CLM-002549,PAY-01,PRV-0014,2025-07-03,3729.94,1983.6
CLM-002550,PAY-03,PRV-0003,2025-07-22,2472.21,3298.88
CLM-002551,PAY-05,PRV-0055,2025-07-28,3102.89,2152.69
CLM-002552,PAY-02,PRV-0012,2025-08-14,4137.38,3705.96
CLM-002553,PAY-03,PRV-0039,2025-07-29,4200.76,2275.6
CLM-002554,PAY-05,PRV-0029,2025-08-08,4205.29,801.43
CLM-002555,PAY-01,PRV-0006,2025-08-09,4532.27,1212.97
CLM-002556,PAY-02,PRV-0037,2025-08-02,651.93,1606.6
CLM-002557,PAY-05,PRV-0058,2025-07-31,1013.66,3123.14
CLM-002558,PAY-01,PRV-0036,2025-08-11,3618.71,3393.27
CLM-002559,PAY-05,PRV-0013,2025-08-07,1890.16,2785.38
CLM-002560,PAY-05,PRV-0026,2025-08-10,3615.71,2069.2
CLM-002561,PAY-02,PRV-0041,2025-07-13,1223.15,1447.51
CLM-002562,PAY-01,PRV-0056,2025-07-21,3602.37,253.6
CLM-002563,PAY-03,PRV-0061,2025-07-31,2815.98,220.7
CLM-002564,PAY-03,PRV-0067,2025-08-02,1727.18,1811.33
CLM-002565,PAY-05,PRV-0029,2025-08-05,4172.13,2361.01
CLM-002566,PAY-01,PRV-0035,2025-08-08,2152.92,1844.96
CLM-002567,PAY-03,PRV-0045,2025-08-09,973.59,1026.68
CLM-002568,PAY-05,PRV-0051,2025-07-31,834.85,2560.18
CLM-002569,PAY-04,PRV-0002,2025-07-03,3047.14,3109.46
CLM-002570,PAY-01,PRV-0003,2025-07-05,2864.84,901.57
CLM-002571,PAY-01,PRV-0077,2025-07-07,3813.19,1470.68
CLM-002572,PAY-03,PRV-0017,2025-08-11,4324.22,143.29
CLM-002573,PAY-05,PRV-0070,2025-07-30,1047.96,2814.22
CLM-002574,PAY-02,PRV-0013,2025-07-03,2070.83,3236.07
CLM-002575,PAY-02,PRV-0062,2025-07-12,4474.25,3426.05
CLM-002576,PAY-04,PRV-0029,2025-07-28,4480.51,4001.21
CLM-002577,PAY-04,PRV-0005,2025-07-12,2726.33,3900.81
CLM-002578,PAY-05,PRV-0038,2025-07-14,1311.17,2494.19
CLM-002579,PAY-03,PRV-0025,2025-07-24,1306.29,738.41
CLM-002580,PAY-01,PRV-0011,2025-08-14,3425.37,966.65
CLM-002581,PAY-03,PRV-0015,2025-08-13,97.83,3997.24
CLM-002582,PAY-02,PRV-0038,2025-07-18,2281.25,379.05
CLM-002583,PAY-04,PRV-0059,2025-07-31,2052.44,1294.47
CLM-002584,PAY-04,PRV-0033,2025-08-03,3074.15,2909.61
CLM-002585,PAY-05,PRV-0030,2025-08-13,2320.24,2264.97
CLM-002586,PAY-04,PRV-0001,2025-08-07,3558.75,4447.23
CLM-002587,PAY-04,PRV-0011,2025-07-21,3316.54,1725.96
CLM-002588,PAY-02,PRV-0049,2025-07-16,3696.68,851.25
CLM-002589,PAY-04,PRV-0061,2025-08-08,1188.5,2693.32
CLM-002590,PAY-04,PRV-0011,2025-07-08,223.88,2909.99
CLM-002591,PAY-04,PRV-0074,2025-07-21,3419.77,850.15
CLM-002592,PAY-04,PRV-0014,2025-07-30,4172.83,3494.37
CLM-002593,PAY-03,PRV-0023,2025-07-01,1231.85,3631.49
CLM-002594,PAY-02,PRV-0079,2025-08-07,3266.6,979.42
CLM-002595,PAY-01,PRV-0042,2025-07-27,3759.02,3345.44
CLM-002596,PAY-01,PRV-0028,2025-07-09,305.56,4004.02
CLM-002597,PAY-02,PRV-0041,2025-08-02,3029.82,245.27
CLM-002598,PAY-04,PRV-0074,2025-07-22,807.96,3175.45
CLM-002599,PAY-04,PRV-0064,2025-07-20,346.82,1107.02
CLM-002600,PAY-03,PRV-0017,2025-07-26,158.4,1001.76
CLM-002601,PAY-04,PRV-0032,2025-08-04,1175.65,4023.15
CLM-002602,PAY-05,PRV-0059,2025-07-25,381.29,971.69
CLM-002603,PAY-03,PRV-0031,2025-07-02,1935.74,3868.81
CLM-002604,PAY-03,PRV-0027,2025-07-05,3458.87,2852.25
CLM-002605,PAY-02,PRV-0080,2025-07-07,515.31,489.48
CLM-002606,PAY-04,PRV-0040,2025-07-21,2286.02,1275.23
CLM-002607,PAY-03,PRV-0058,2025-08-01,4010.68,1972.4
CLM-002608,PAY-02,PRV-0045,2025-07-02,3342.22,754.37
CLM-002609,PAY-05,PRV-0079,2025-08-13,3966.17,4163.91
CLM-002610,PAY-01,PRV-0068,2025-07-15,2595.51,509.84
CLM-002611,PAY-05,PRV-0015,2025-08-12,1983.96,2766.29
CLM-002612,PAY-04,PRV-0070,2025-08-04,2325.26,2276.16
CLM-002613,PAY-02,PRV-0020,2025-07-05,260.2,689.05
CLM-002614,PAY-01,PRV-0027,2025-07-04,4638.62,1212.59
CLM-002615,PAY-05,PRV-0043,2025-08-12,2863.98,4008.13
CLM-002616,PAY-04,PRV-0039,2025-07-03,148.8,3009.91
CLM-002617,PAY-01,PRV-0042,2025-07-08,4667.77,328.68
CLM-002618,PAY-04,PRV-0066,2025-07-30,3435.67,689.49
CLM-002619,PAY-01,PRV-0029,2025-08-03,3484.45,2354.56
CLM-002620,PAY-02,PRV-0032,2025-07-21,4838.17,1659.03
CLM-002621,PAY-03,PRV-0030,2025-07-28,3242.88,1056.84
CLM-002622,PAY-05,PRV-0003,2025-08-08,3694.47,1201.95
CLM-002623,PAY-04,PRV-0044,2025-08-11,4626.43,3799.08
CLM-002624,PAY-03,PRV-0054,2025-07-23,2879.26,2182.51
CLM-002625,PAY-04,PRV-0065,2025-07-22,4765.05,2224.74
CLM-002626,PAY-05,PRV-0056,2025-07-09,4039.42,1380.17
CLM-002627,PAY-04,PRV-0063,2025-07-03,2349.34,449.56
CLM-002628,PAY-04,PRV-0065,2025-07-02,965.18,4212.86
CLM-002629,PAY-05,PRV-0047,2025-07-30,523.59,283.04
CLM-002630,PAY-03,PRV-0065,2025-07-29,2052.67,2851.13
CLM-002631,PAY-02,PRV-0015,2025-08-07,53.47,3925.67
CLM-002632,PAY-04,PRV-0054,2025-07-26,4906.12,598.84
CLM-002633,PAY-05,PRV-0062,2025-08-09,50.97,3328.15
CLM-002634,PAY-05,PRV-0080,2025-07-16,1427.59,150.65
CLM-002635,PAY-02,PRV-0011,2025-07-22,1317.82,194.15
CLM-002636,PAY-01,PRV-0005,2025-07-25,1375.01,4058.55
CLM-002637,PAY-01,PRV-0015,2025-08-03,1862.43,3552.45
CLM-002638,PAY-03,PRV-0048,2025-08-01,2675.82,2936.51
CLM-002639,PAY-02,PRV-0020,2025-08-06,2720.34,1953.0
CLM-002640,PAY-02,PRV-0060,2025-07-14,1609.41,755.68
CLM-002641,PAY-04,PRV-0030,2025-08-04,1899.14,571.4
CLM-002642,PAY-05,PRV-0035,2025-08-09,3686.74,1589.83
CLM-002643,PAY-03,PRV-0001,2025-07-18,3580.1,3450.26
CLM-002644,PAY-05,PRV-0052,2025-07-29,156.45,114.05
CLM-002645,PAY-05,PRV-0061,2025-07-12,554.16,955.42
CLM-002646,PAY-05,PRV-0040,2025-08-03,284.64,3305.78
CLM-002647,PAY-05,PRV-0030,2025-07-28,1307.57,1538.59
CLM-002648,PAY-03,PRV-0050,2025-07-06,1160.32,1534.16
CLM-002649,PAY-01,PRV-0025,2025-08-11,3269.21,3397.88
CLM-002650,PAY-04,PRV-0064,2025-08-04,4541.91,4367.73
CLM-002651,PAY-03,PRV-0079,2025-07-17,3526.42,1324.34
CLM-002652,PAY-04,PRV-0015,2025-07-30,2005.91,2872.92
CLM-002653,PAY-01,PRV-0073,2025-08-03,57.79,2932.42
CLM-002654,PAY-02,PRV-0023,2025-08-08,2503.84,494.08
CLM-002655,PAY-05,PRV-0077,2025-08-05,2280.04,3052.1
CLM-002656,PAY-04,PRV-0041,2025-08-08,834.04,4004.55
CLM-002657,PAY-05,PRV-0068,2025-07-09,2818.39,2797.69
CLM-002658,PAY-05,PRV-0055,2025-08-09,2180.94,2421.51
CLM-002659,PAY-03,PRV-0004,2025-07-20,1223.02,4211.51
CLM-002660,PAY-03,PRV-0032,2025-07-07,2883.25,1763.29
CLM-002661,PAY-03,PRV-0012,2025-07-08,1746.14,3269.12
CLM-002662,PAY-03,PRV-0029,2025-07-20,2213.56,2833.43
CLM-002663,PAY-01,PRV-0066,2025-08-13,2482.96,3303.59
CLM-002664,PAY-03,PRV-0010,2025-07-13,3101.16,2715.21
CLM-002665,PAY-05,PRV-0077,2025-08-14,3673.41,2673.11
CLM-002666,PAY-03,PRV-0056,2025-07-18,2336.31,4045.44
CLM-002667,PAY-04,PRV-0018,2025-08-05,4930.56,1279.56
CLM-002668,PAY-03,PRV-0007,2025-08-08,740.52,4457.82
CLM-002669,PAY-05,PRV-0064,2025-07-14,1330.83,3637.11
CLM-002670,PAY-04,PRV-0024,2025-07-02,636.65,706.63
CLM-002671,PAY-05,PRV-0041,2025-07-13,391.0,2431.02
CLM-002672,PAY-03,PRV-0028,2025-07-04,4285.91,189.33
CLM-002673,PAY-02,PRV-0061,2025-07-10,3439.3,846.64
CLM-002674,PAY-02,PRV-0073,2025-07-01,205.7,3121.42
CLM-002675,PAY-01,PRV-0014,2025-07-15,1113.66,457.09
CLM-002676,PAY-02,PRV-0046,2025-07-25,3178.95,2143.1
CLM-002677,PAY-02,PRV-0070,2025-07-08,4523.83,3002.36
CLM-002678,PAY-02,PRV-0028,2025-08-10,2451.37,1446.32
CLM-002679,PAY-03,PRV-0014,2025-07-18,2552.32,947.93
CLM-002680,PAY-01,PRV-0038,2025-07-21,4148.28,1627.27
CLM-002681,PAY-01,PRV-0080,2025-07-31,880.8,1954.19
CLM-002682,PAY-04,PRV-0027,2025-08-03,1242.31,334.14
CLM-002683,PAY-02,PRV-0019,2025-08-03,4666.38,2335.45
CLM-002684,PAY-02,PRV-0043,2025-07-07,2545.75,4165.51
CLM-002685,PAY-05,PRV-0015,2025-07-03,2522.31,2596.37
CLM-002686,PAY-05,PRV-0038,2025-07-18,886.8,3909.48
CLM-002687,PAY-01,PRV-0021,2025-07-16,1751.28,566.59
CLM-002688,PAY-04,PRV-0064,2025-07-29,4515.21,1600.05
CLM-002689,PAY-05,PRV-0020,2025-07-10,574.15,1903.64
CLM-002690,PAY-03,PRV-0021,2025-08-03,2807.85,3079.65
CLM-002691,PAY-04,PRV-0043,2025-07-17,3346.33,295.35
CLM-002692,PAY-01,PRV-0055,2025-08-03,1278.88,1173.56
CLM-002693,PAY-04,PRV-0019,2025-07-19,1830.53,485.66
CLM-002694,PAY-05,PRV-0064,2025-07-14,1807.01,2659.08
CLM-002695,PAY-02,PRV-0015,2025-07-07,2250.67,4172.98
CLM-002696,PAY-01,PRV-0060,2025-08-06,3475.34,91.16
CLM-002697,PAY-01,PRV-0048,2025-07-30,494.56,2665.45
CLM-002698,PAY-01,PRV-0070,2025-07-11,4601.75,2101.19
CLM-002699,PAY-03,PRV-0015,2025-07-18,2933.15,2635.97
CLM-002700,PAY-04,PRV-0040,2025-07-29,907.79,398.83
CLM-002701,PAY-05,PRV-0004,2025-07-23,3563.72,1963.47
CLM-002702,PAY-04,PRV-0023,2025-08-06,3592.2,1522.73
CLM-002703,PAY-01,PRV-0046,2025-07-19,1518.45,1778.59
CLM-002704,PAY-03,PRV-0025,2025-07-20,3828.12,302.49
CLM-002705,PAY-04,PRV-0069,2025-07-22,1343.52,2638.82
CLM-002706,PAY-03,PRV-0056,2025-07-26,1722.39,4359.19
CLM-002707,PAY-01,PRV-0024,2025-07-10,2269.98,1069.19
CLM-002708,PAY-02,PRV-0021,2025-08-14,1603.08,4185.32
CLM-002709,PAY-03,PRV-0062,2025-07-13,259.43,365.53
CLM-002710,PAY-05,PRV-0053,2025-07-31,3453.21,3119.49
CLM-002711,PAY-04,PRV-0027,2025-07-24,442.42,1057.34
CLM-002712,PAY-04,PRV-0003,2025-07-13,4032.42,1975.19
CLM-002713,PAY-04,PRV-0056,2025-08-09,2931.71,4441.87
CLM-002714,PAY-03,PRV-0057,2025-07-20,848.81,1750.76
CLM-002715,PAY-01,PRV-0025,2025-07-25,2456.72,2547.54
CLM-002716,PAY-03,PRV-0007,2025-07-25,3601.94,822.14
CLM-002717,PAY-05,PRV-0073,2025-07-03,1554.78,563.92
CLM-002718,PAY-01,PRV-0016,2025-07-13,1868.07,4096.71
CLM-002719,PAY-04,PRV-0073,2025-08-06,1240.39,2426.0
CLM-002720,PAY-05,PRV-0022,2025-08-11,1236.76,3333.2
CLM-002721,PAY-02,PRV-0022,2025-07-24,1700.11,3373.01
CLM-002722,PAY-04,PRV-0034,2025-07-31,2432.15,190.07
CLM-002723,PAY-01,PRV-0012,2025-08-02,94.11,2189.45
CLM-002724,PAY-05,PRV-0025,2025-08-12,2694.22,1219.16
CLM-002725,PAY-04,PRV-0047,2025-08-04,1123.0,4154.18
CLM-002726,PAY-01,PRV-0002,2025-07-31,2869.73,1503.44
CLM-002727,PAY-05,PRV-0048,2025-07-13,4175.15,3924.15
CLM-002728,PAY-04,PRV-0028,2025-08-03,2990.87,1077.49
CLM-002729,PAY-02,PRV-0057,2025-07-16,138.9,3125.0
CLM-002730,PAY-02,PRV-0020,2025-07-01,2484.4,2444.18
CLM-002731,PAY-03,PRV-0055,2025-07-12,2981.17,786.45
CLM-002732,PAY-03,PRV-0042,2025-08-10,4126.6,4358.63
CLM-002733,PAY-04,PRV-0061,2025-08-03,4422.83,4212.85
CLM-002734,PAY-01,PRV-0043,2025-07-19,652.74,3623.28
CLM-002735,PAY-01,PRV-0047,2025-07-03,2297.18,2601.34
CLM-002736,PAY-04,PRV-0015,2025-07-27,4339.78,1125.41
CLM-002737,PAY-04,PRV-0046,2025-07-10,4688.85,1017.83
CLM-002738,PAY-05,PRV-0002,2025-08-10,155.09,4053.73
CLM-002739,PAY-03,PRV-0025,2025-08-07,1895.36,1933.09
CLM-002740,PAY-05,PRV-0080,2025-07-07,4742.25,1728.08
CLM-002741,PAY-02,PRV-0046,2025-08-12,1800.05,2536.29
CLM-002742,PAY-05,PRV-0040,2025-08-08,63.06,2481.0
CLM-002743,PAY-04,PRV-0041,2025-07-01,4349.46,2565.42
CLM-002744,PAY-04,PRV-0003,2025-07-13,865.99,422.47
CLM-002745,PAY-02,PRV-0072,2025-07-18,4716.71,3282.91
CLM-002746,PAY-03,PRV-0071,2025-07-06,3127.56,4401.17
CLM-002747,PAY-03,PRV-0047,2025-08-02,1149.34,1946.34
CLM-002748,PAY-02,PRV-0035,2025-07-18,590.16,1369.66
CLM-002749,PAY-02,PRV-0073,2025-08-05,4184.29,1633.27
CLM-002750,PAY-04,PRV-0051,2025-08-09,1046.96,3208.45
CLM-002751,PAY-04,PRV-0025,2025-07-29,4587.92,1333.27
CLM-002752,PAY-01,PRV-0077,2025-07-25,1969.16,1329.41
CLM-002753,PAY-02,PRV-0065,2025-08-13,2585.76,2266.04
CLM-002754,PAY-02,PRV-0013,2025-08-05,1319.96,2941.52
CLM-002755,PAY-03,PRV-0074,2025-07-06,2310.68,1108.74
CLM-002756,PAY-05,PRV-0007,2025-07-16,4880.41,1154.64
CLM-002757,PAY-02,PRV-0018,2025-07-10,4488.42,4165.67
CLM-002758,PAY-03,PRV-0077,2025-07-12,1171.12,3753.07
CLM-002759,PAY-04,PRV-0071,2025-07-29,439.06,473.19
CLM-002760,PAY-05,PRV-0026,2025-07-11,4189.46,592.87
CLM-002761,PAY-05,PRV-0019,2025-07-02,4517.37,1660.76
CLM-002762,PAY-05,PRV-0032,2025-07-31,4210.8,645.9
CLM-002763,PAY-04,PRV-0028,2025-07-22,1013.43,1895.58
CLM-002764,PAY-02,PRV-0076,2025-08-11,2047.76,3418.8
CLM-002765,PAY-04,PRV-0069,2025-07-11,1496.89,4374.04
CLM-002766,PAY-05,PRV-0014,2025-07-21,2523.29,2660.0
CLM-002767,PAY-04,PRV-0021,2025-07-12,1910.16,3129.96
CLM-002768,PAY-05,PRV-0008,2025-07-10,3411.37,2627.69
CLM-002769,PAY-01,PRV-0009,2025-07-09,3418.09,1511.27
CLM-002770,PAY-03,PRV-0049,2025-07-09,3309.92,2816.92
CLM-002771,PAY-05,PRV-0044,2025-07-22,3483.29,3821.63
CLM-002772,PAY-01,PRV-0021,2025-07-09,1640.98,104.7
CLM-002773,PAY-01,PRV-0016,2025-07-31,621.4,2035.01
CLM-002774,PAY-03,PRV-0021,2025-07-29,476.61,1873.19
CLM-002775,PAY-02,PRV-0040,2025-08-02,702.02,333.46
CLM-002776,PAY-03,PRV-0011,2025-07-07,2356.71,2631.93
CLM-002777,PAY-02,PRV-0016,2025-08-06,3688.53,232.74
CLM-002778,PAY-05,PRV-0011,2025-07-09,3757.62,2598.47
CLM-002779,PAY-02,PRV-0026,2025-07-05,2337.35,720.44
CLM-002780,PAY-01,PRV-0041,2025-07-25,1645.47,240.41
CLM-002781,PAY-01,PRV-0011,2025-08-03,1635.15,2758.34
CLM-002782,PAY-02,PRV-0072,2025-08-03,3600.19,914.2
CLM-002783,PAY-01,PRV-0073,2025-07-08,2779.57,3986.38
CLM-002784,PAY-01,PRV-0010,2025-07-21,3618.74,3180.91
CLM-002785,PAY-05,PRV-0032,2025-07-09,688.41,2135.13
CLM-002786,PAY-03,PRV-0066,2025-07-31,2606.87,2023.55
CLM-002787,PAY-05,PRV-0056,2025-08-10,1105.51,2855.49
CLM-002788,PAY-04,PRV-0005,2025-07-06,1965.6,1321.68
CLM-002789,PAY-01,PRV-0046,2025-07-22,285.63,3258.96
CLM-002790,PAY-05,PRV-0015,2025-07-10,4457.47,3568.77
CLM-002791,PAY-03,PRV-0023,2025-07-23,4073.03,1592.23
CLM-002792,PAY-05,PRV-0016,2025-08-10,4021.21,523.42
CLM-002793,PAY-04,PRV-0042,2025-08-09,4066.72,740.41
CLM-002794,PAY-05,PRV-0052,2025-08-10,572.71,1078.88
CLM-002795,PAY-05,PRV-0004,2025-07-24,4735.69,3658.07
CLM-002796,PAY-03,PRV-0012,2025-08-02,1855.8,2940.72
CLM-002797,PAY-03,PRV-0026,2025-07-03,3649.59,3651.18
CLM-002798,PAY-02,PRV-0018,2025-07-06,755.51,2777.78
CLM-002799,PAY-02,PRV-0036,2025-08-14,4477.26,3226.25
CLM-002800,PAY-03,PRV-0002,2025-07-01,962.61,1033.98
CLM-002801,PAY-03,PRV-0048,2025-07-17,3116.37,4292.48
CLM-002802,PAY-03,PRV-0001,2025-07-23,2610.14,4089.29
CLM-002803,PAY-03,PRV-0012,2025-07-17,3886.02,2194.24
CLM-002804,PAY-03,PRV-0052,2025-07-25,2827.34,1215.12
CLM-002805,PAY-02,PRV-0065,2025-07-14,1790.54,728.27
CLM-002806,PAY-01,PRV-0021,2025-07-18,800.67,1477.51
CLM-002807,PAY-01,PRV-0053,2025-07-10,474.54,1947.22
CLM-002808,PAY-04,PRV-0073,2025-07-15,4887.15,1247.75
CLM-002809,PAY-03,PRV-0004,2025-07-05,1669.94,3927.05
CLM-002810,PAY-01,PRV-0051,2025-08-05,2980.11,4059.6
CLM-002811,PAY-03,PRV-0062,2025-07-02,2286.01,2824.11
CLM-002812,PAY-01,PRV-0022,2025-07-09,4571.73,3248.02
CLM-002813,PAY-03,PRV-0073,2025-08-14,4851.47,3654.28
CLM-002814,PAY-01,PRV-0054,2025-07-25,1459.45,4446.57
CLM-002815,PAY-05,PRV-0019,2025-07-19,4174.07,3545.7
CLM-002816,PAY-05,PRV-0070,2025-07-15,3428.66,521.22
CLM-002817,PAY-01,PRV-0010,2025-07-24,4499.34,1466.34
CLM-002818,PAY-04,PRV-0002,2025-08-13,583.3,1167.45
CLM-002819,PAY-01,PRV-0076,2025-07-09,1450.13,60.06
CLM-002820,PAY-03,PRV-0072,2025-07-15,4602.81,497.28
CLM-002821,PAY-01,PRV-0021,2025-07-19,509.71,227.78
CLM-002822,PAY-05,PRV-0061,2025-08-03,2120.4,2210.24
CLM-002823,PAY-05,PRV-0061,2025-07-01,4011.16,3633.68
CLM-002824,PAY-05,PRV-0025,2025-07-28,4748.53,4450.28
CLM-002825,PAY-01,PRV-0044,2025-07-20,749.92,2512.55
CLM-002826,PAY-04,PRV-0074,2025-08-14,3565.8,310.6
CLM-002827,PAY-03,PRV-0038,2025-07-27,4707.45,238.82
CLM-002828,PAY-05,PRV-0077,2025-07-11,370.89,1485.21
CLM-002829,PAY-04,PRV-0064,2025-08-04,2071.18,3615.57
CLM-002830,PAY-01,PRV-0047,2025-07-01,1331.62,3766.65
CLM-002831,PAY-05,PRV-0039,2025-08-14,600.61,2261.44
CLM-002832,PAY-02,PRV-0006,2025-08-02,1481.06,350.8
CLM-002833,PAY-01,PRV-0019,2025-07-14,704.86,4415.97
CLM-002834,PAY-05,PRV-0035,2025-07-20,4218.95,2774.55
CLM-002835,PAY-04,PRV-0078,2025-07-25,1419.09,1879.04
CLM-002836,PAY-01,PRV-0072,2025-07-13,3358.9,4352.45
CLM-002837,PAY-04,PRV-0012,2025-07-20,2654.79,1046.24
CLM-002838,PAY-05,PRV-0058,2025-07-07,3708.22,4194.73
CLM-002839,PAY-01,PRV-0007,2025-07-17,3597.2,2215.88
CLM-002840,PAY-01,PRV-0007,2025-07-21,1243.79,4284.72
CLM-002841,PAY-01,PRV-0025,2025-08-07,570.34,3747.72
CLM-002842,PAY-01,PRV-0021,2025-08-03,1954.59,4338.99
CLM-002843,PAY-05,PRV-0048,2025-07-13,1424.16,3000.1
CLM-002844,PAY-02,PRV-0058,2025-07-10,4573.54,3004.27
CLM-002845,PAY-01,PRV-0070,2025-08-11,4376.24,2671.85
CLM-002846,PAY-02,PRV-0017,2025-08-12,2569.5,2189.73
CLM-002847,PAY-01,PRV-0066,2025-08-04,4464.37,588.44
CLM-002848,PAY-04,PRV-0053,2025-08-05,2362.79,2652.09
CLM-002849,PAY-01,PRV-0063,2025-08-05,966.69,443.38
CLM-002850,PAY-04,PRV-0045,2025-07-28,2060.87,1100.37
CLM-002851,PAY-01,PRV-0078,2025-08-14,3244.75,509.31
CLM-002852,PAY-03,PRV-0079,2025-08-13,575.05,559.55
CLM-002853,PAY-01,PRV-0025,2025-07-21,259.07,812.72
CLM-002854,PAY-01,PRV-0078,2025-07-26,796.71,255.11
CLM-002855,PAY-02,PRV-0039,2025-08-09,2580.4,3864.48
CLM-002856,PAY-01,PRV-0079,2025-07-23,2770.41,4040.07
CLM-002857,PAY-04,PRV-0035,2025-07-19,2620.14,3460.15
CLM-002858,PAY-04,PRV-0044,2025-07-11,414.04,3443.78
CLM-002859,PAY-02,PRV-0051,2025-07-02,1124.04,4244.06
CLM-002860,PAY-04,PRV-0049,2025-07-25,2609.2,1868.85
CLM-002861,PAY-04,PRV-0055,2025-07-21,3852.52,4271.53
CLM-002862,PAY-03,PRV-0050,2025-08-14,350.19,2849.04
CLM-002863,PAY-05,PRV-0078,2025-07-31,2860.19,568.79
CLM-002864,PAY-01,PRV-0044,2025-07-22,2231.77,4335.3
CLM-002865,PAY-02,PRV-0065,2025-08-03,342.01,1544.87
CLM-002866,PAY-03,PRV-0076,2025-08-03,2435.99,3627.07
CLM-002867,PAY-04,PRV-0017,2025-08-10,1525.2,1747.66
CLM-002868,PAY-03,PRV-0012,2025-07-26,3914.83,526.1
CLM-002869,PAY-03,PRV-0004,2025-08-09,3706.71,2787.13
CLM-002870,PAY-05,PRV-0068,2025-08-11,3370.62,3762.02
CLM-002871,PAY-05,PRV-0073,2025-07-09,2435.13,78.5
CLM-002872,PAY-04,PRV-0038,2025-08-01,2333.76,3968.63
CLM-002873,PAY-04,PRV-0045,2025-07-13,4997.95,1333.79
CLM-002874,PAY-02,PRV-0013,2025-08-02,738.99,1025.66
CLM-002875,PAY-04,PRV-0004,2025-07-18,4596.61,3740.88
CLM-002876,PAY-05,PRV-0061,2025-08-06,2411.44,4203.14
CLM-002877,PAY-03,PRV-0003,2025-07-14,3310.77,457.76
CLM-002878,PAY-02,PRV-0016,2025-07-10,3398.61,2265.45
CLM-002879,PAY-04,PRV-0078,2025-07-06,2847.56,57.57
CLM-002880,PAY-01,PRV-0008,2025-07-09,45.55,1725.98
CLM-002881,PAY-01,PRV-0005,2025-07-08,1961.88,2570.93
CLM-002882,PAY-01,PRV-0002,2025-07-27,156.7,1528.55
CLM-002883,PAY-04,PRV-0005,2025-07-16,1502.97,3849.34
CLM-002884,PAY-05,PRV-0046,2025-07-21,2450.51,3901.83
CLM-002885,PAY-03,PRV-0069,2025-08-02,550.68,3656.75
CLM-002886,PAY-02,PRV-0039,2025-08-10,4938.3,2070.97
CLM-002887,PAY-01,PRV-0037,2025-08-04,662.44,2387.9
CLM-002888,PAY-05,PRV-0041,2025-07-17,4499.93,3695.83
CLM-002889,PAY-02,PRV-0039,2025-07-18,3110.2,3559.42
CLM-002890,PAY-04,PRV-0030,2025-07-24,2853.71,2920.95
CLM-002891,PAY-04,PRV-0025,2025-07-03,2559.43,4036.42
CLM-002892,PAY-02,PRV-0016,2025-08-05,4971.0,2719.71
CLM-002893,PAY-02,PRV-0073,2025-07-20,3250.7,1299.27
CLM-002894,PAY-04,PRV-0054,2025-07-31,279.43,1693.67
CLM-002895,PAY-01,PRV-0034,2025-07-06,1641.54,1730.1
CLM-002896,PAY-04,PRV-0029,2025-07-08,3489.21,1532.02
CLM-002897,PAY-04,PRV-0018,2025-07-13,1706.58,801.81
CLM-002898,PAY-01,PRV-0011,2025-08-02,244.34,3337.6
CLM-002899,PAY-04,PRV-0048,2025-07-04,965.18,4384.92
CLM-002900,PAY-04,PRV-0048,2025-08-02,1911.87,3920.74
CLM-002901,PAY-05,PRV-0054,2025-08-07,2466.19,2202.91
CLM-002902,PAY-04,PRV-0041,2025-07-29,2692.23,1236.02
CLM-002903,PAY-03,PRV-0032,2025-08-03,308.35,194.9
CLM-002904,PAY-03,PRV-0020,2025-07-02,1924.65,1730.68
CLM-002905,PAY-03,PRV-0020,2025-07-22,1075.11,3628.3
CLM-002906,PAY-04,PRV-0047,2025-07-31,3587.07,4445.12
CLM-002907,PAY-04,PRV-0021,2025-08-04,3674.84,2172.12
CLM-002908,PAY-05,PRV-0058,2025-07-12,4119.27,527.44
CLM-002909,PAY-03,PRV-0006,2025-07-06,964.83,4120.98
CLM-002910,PAY-04,PRV-0061,2025-07-22,4785.53,3632.03
CLM-002911,PAY-04,PRV-0028,2025-08-10,1799.71,1261.59
CLM-002912,PAY-01,PRV-0024,2025-07-12,3264.57,2085.22
CLM-002913,PAY-03,PRV-0009,2025-08-06,648.57,3231.39
CLM-002914,PAY-03,PRV-0006,2025-07-19,74.48,4042.87
CLM-002915,PAY-04,PRV-0038,2025-07-20,1114.1,4194.94
CLM-002916,PAY-02,PRV-0065,2025-08-01,3289.82,160.09
CLM-002917,PAY-05,PRV-0043,2025-07-15,4634.75,1158.47
CLM-002918,PAY-05,PRV-0033,2025-08-12,1476.74,3915.71
CLM-002919,PAY-04,PRV-0055,2025-07-30,2968.59,33.02
CLM-002920,PAY-03,PRV-0059,2025-07-03,240.81,2180.18
CLM-002921,PAY-04,PRV-0075,2025-07-24,3725.48,2157.28
CLM-002922,PAY-04,PRV-0028,2025-08-03,4260.43,3707.12
CLM-002923,PAY-01,PRV-0019,2025-07-06,1598.36,2237.38
CLM-002924,PAY-01,PRV-0071,2025-07-17,1557.86,1443.88
CLM-002925,PAY-02,PRV-0064,2025-07-13,202.0,3690.68
CLM-002926,PAY-02,PRV-0068,2025-08-05,1191.82,1637.11
CLM-002927,PAY-05,PRV-0041,2025-08-13,1245.35,1786.79
CLM-002928,PAY-02,PRV-0033,2025-07-09,2781.33,1803.26
CLM-002929,PAY-05,PRV-0043,2025-07-29,4715.87,959.8
CLM-002930,PAY-03,PRV-0079,2025-08-07,4336.86,1913.25
CLM-002931,PAY-05,PRV-0005,2025-07-09,4466.93,2896.03
CLM-002932,PAY-03,PRV-0031,2025-08-13,4479.52,1724.31
CLM-002933,PAY-01,PRV-0059,2025-08-08,634.27,945.01
CLM-002934,PAY-03,PRV-0008,2025-08-13,149.27,2213.83
CLM-002935,PAY-04,PRV-0071,2025-07-28,3067.31,1881.62
CLM-002936,PAY-04,PRV-0044,2025-07-05,2662.2,2028.32
CLM-002937,PAY-05,PRV-0026,2025-07-12,4259.27,3853.36
CLM-002938,PAY-03,PRV-0028,2025-08-14,921.58,4397.64
CLM-002939,PAY-05,PRV-0062,2025-08-11,3164.88,579.27
CLM-002940,PAY-03,PRV-0051,2025-08-03,2995.31,3767.79
CLM-002941,PAY-05,PRV-0012,2025-07-24,676.8,4236.77
CLM-002942,PAY-03,PRV-0050,2025-07-31,2711.17,1490.42
CLM-002943,PAY-02,PRV-0021,2025-07-12,475.42,697.57
CLM-002944,PAY-03,PRV-0063,2025-07-21,3988.11,3733.68
CLM-002945,PAY-03,PRV-0057,2025-07-10,2930.94,3892.14
CLM-002946,PAY-04,PRV-0029,2025-08-06,727.95,2658.99
CLM-002947,PAY-05,PRV-0035,2025-07-01,3036.07,3013.36
CLM-002948,PAY-03,PRV-0074,2025-07-01,4305.76,4303.46
CLM-002949,PAY-05,PRV-0044,2025-07-16,2056.04,2785.46
CLM-002950,PAY-02,PRV-0070,2025-07-20,1045.26,3253.05
CLM-002951,PAY-05,PRV-0007,2025-07-28,3417.09,2407.52
CLM-002952,PAY-03,PRV-0052,2025-08-03,1822.3,3336.18
CLM-002953,PAY-05,PRV-0015,2025-08-13,4158.83,2654.98
CLM-002954,PAY-05,PRV-0024,2025-08-09,1383.66,2560.17
CLM-002955,PAY-03,PRV-0074,2025-07-20,460.57,773.87
CLM-002956,PAY-02,PRV-0005,2025-07-06,2584.0,695.67
CLM-002957,PAY-02,PRV-0050,2025-07-10,4151.55,1513.77
CLM-002958,PAY-03,PRV-0046,2025-07-14,4122.22,716.89
CLM-002959,PAY-04,PRV-0075,2025-07-08,2694.71,4427.64
CLM-002960,PAY-04,PRV-0023,2025-07-03,373.59,1976.85
CLM-002961,PAY-01,PRV-0067,2025-07-05,4101.54,2532.94
CLM-002962,PAY-01,PRV-0025,2025-07-27,3058.47,3162.23
CLM-002963,PAY-01,PRV-0045,2025-07-23,4585.36,4463.78
CLM-002964,PAY-04,PRV-0054,2025-07-21,4250.31,563.84
CLM-002965,PAY-04,PRV-0076,2025-07-04,32.05,1462.61
CLM-002966,PAY-05,PRV-0047,2025-07-10,2774.3,4390.65
CLM-002967,PAY-05,PRV-0046,2025-08-04,1125.42,4206.01
CLM-002968,PAY-02,PRV-0018,2025-07-11,4944.54,1889.72
CLM-002969,PAY-01,PRV-0043,2025-07-23,1181.85,375.84
CLM-002970,PAY-03,PRV-0080,2025-07-10,4746.23,1750.33
CLM-002971,PAY-05,PRV-0060,2025-07-25,2718.55,4132.0
CLM-002972,PAY-05,PRV-0041,2025-07-07,64.29,1976.21
CLM-002973,PAY-05,PRV-0022,2025-08-01,4781.88,1303.34
CLM-002974,PAY-04,PRV-0003,2025-08-13,55.3,3509.6
CLM-002975,PAY-02,PRV-0015,2025-07-19,4029.77,628.52
CLM-002976,PAY-04,PRV-0007,2025-07-20,4143.52,2457.23
CLM-002977,PAY-03,PRV-0026,2025-08-05,4151.81,2377.76
CLM-002978,PAY-05,PRV-0039,2025-07-28,4649.05,1798.79
CLM-002979,PAY-03,PRV-0048,2025-07-12,4166.45,2694.18
CLM-002980,PAY-03,PRV-0060,2025-07-21,332.11,108.12
CLM-002981,PAY-01,PRV-0046,2025-07-20,2605.42,2137.56
CLM-002982,PAY-05,PRV-0001,2025-07-30,3178.47,1293.7
CLM-002983,PAY-02,PRV-0020,2025-08-10,2469.86,3921.58
CLM-002984,PAY-05,PRV-0010,2025-07-18,2793.37,251.53
CLM-002985,PAY-04,PRV-0063,2025-07-02,4438.8,1317.69
CLM-002986,PAY-04,PRV-0080,2025-07-25,4295.32,3512.16
CLM-002987,PAY-03,PRV-0049,2025-07-22,385.78,676.4
CLM-002988,PAY-01,PRV-0035,2025-07-23,2575.0,4132.13
CLM-002989,PAY-03,PRV-0009,2025-07-11,4197.04,1032.04
CLM-002990,PAY-03,PRV-0021,2025-07-22,4220.8,278.07
CLM-002991,PAY-02,PRV-0063,2025-08-14,2215.8,3318.34
CLM-002992,PAY-01,PRV-0009,2025-07-01,3736.82,2650.0
CLM-002993,PAY-04,PRV-0071,2025-07-06,3544.4,1761.05
CLM-002994,PAY-03,PRV-0009,2025-08-13,4903.52,32.39
CLM-002995,PAY-02,PRV-0041,2025-07-23,3060.45,1370.98
CLM-002996,PAY-04,PRV-0012,2025-07-06,4869.11,278.1
CLM-002997,PAY-04,PRV-0063,2025-07-17,1753.9,780.16
CLM-002998,PAY-04,PRV-0041,2025-07-07,324.0,1296.98
CLM-002999,PAY-05,PRV-0052,2025-07-19,3290.06,4410.3
CLM-003000,PAY-02,PRV-0017,2025-08-07,2557.4,3265.08
CLM-003001,PAY-03,PRV-0002,2025-07-25,4923.23,3051.82
CLM-003002,PAY-03,PRV-0030,2025-08-06,1829.47,2405.7
CLM-003003,PAY-03,PRV-0018,2025-08-12,4405.61,3658.05
CLM-003004,PAY-05,PRV-0040,2025-07-04,2210.94,550.43
CLM-003005,PAY-02,PRV-0032,2025-08-13,3554.27,3990.9
CLM-003006,PAY-01,PRV-0045,2025-08-01,4835.66,3427.13
CLM-003007,PAY-03,PRV-0074,2025-07-15,1189.82,2733.64
CLM-003008,PAY-02,PRV-0046,2025-07-04,3009.63,4200.4
CLM-003009,PAY-02,PRV-0026,2025-07-31,1678.13,1078.19
CLM-003010,PAY-03,PRV-0053,2025-07-24,1562.27,3643.94
CLM-003011,PAY-02,PRV-0055,2025-07-30,892.79,1549.24
CLM-003012,PAY-01,PRV-0038,2025-08-14,495.65,2071.38
CLM-003013,PAY-05,PRV-0062,2025-07-18,992.96,3587.52
CLM-003014,PAY-01,PRV-0026,2025-07-18,3585.35,222.71
CLM-003015,PAY-04,PRV-0068,2025-08-13,2687.23,1471.72
CLM-003016,PAY-03,PRV-0073,2025-08-01,4803.18,1774.82
CLM-003017,PAY-03,PRV-0048,2025-07-06,3880.23,404.37
CLM-003018,PAY-05,PRV-0074,2025-07-14,4702.41,2923.12
CLM-003019,PAY-02,PRV-0070,2025-07-18,3309.06,2240.82
CLM-003020,PAY-01,PRV-0072,2025-07-22,2121.79,4495.15
CLM-003021,PAY-02,PRV-0047,2025-07-30,1556.94,3326.9
CLM-003022,PAY-04,PRV-0002,2025-07-27,2635.97,229.56
CLM-003023,PAY-04,PRV-0034,2025-08-07,1936.32,3572.62
CLM-003024,PAY-05,PRV-0037,2025-07-20,1388.27,4208.65
CLM-003025,PAY-05,PRV-0012,2025-07-28,2571.82,2197.72
CLM-003026,PAY-04,PRV-0074,2025-07-29,3276.24,3786.14
CLM-003027,PAY-01,PRV-0061,2025-08-11,3556.97,1324.57
CLM-003028,PAY-04,PRV-0053,2025-08-04,1340.76,1037.93
CLM-003029,PAY-03,PRV-0044,2025-07-22,753.31,3762.17
CLM-003030,PAY-05,PRV-0077,2025-07-27,4605.99,2826.73
CLM-003031,PAY-02,PRV-0049,2025-07-30,1741.51,281.68
CLM-003032,PAY-05,PRV-0039,2025-07-13,4944.5,4492.79
CLM-003033,PAY-01,PRV-0075,2025-08-06,574.07,2586.11
CLM-003034,PAY-04,PRV-0060,2025-07-06,1736.7,2645.71
CLM-003035,PAY-05,PRV-0058,2025-08-12,3053.45,489.48
CLM-003036,PAY-01,PRV-0027,2025-07-04,2939.13,603.7
CLM-003037,PAY-05,PRV-0006,2025-07-04,4817.65,4489.2
CLM-003038,PAY-02,PRV-0012,2025-07-25,2810.69,2672.18
CLM-003039,PAY-05,PRV-0025,2025-08-13,3697.87,1659.92
CLM-003040,PAY-05,PRV-0023,2025-08-01,2869.31,992.09
CLM-003041,PAY-01,PRV-0055,2025-07-17,1221.66,114.68
CLM-003042,PAY-02,PRV-0010,2025-08-01,817.48,446.93
CLM-003043,PAY-03,PRV-0028,2025-08-09,4322.14,825.42
CLM-003044,PAY-03,PRV-0013,2025-07-19,1177.12,3072.1
CLM-003045,PAY-01,PRV-0010,2025-08-09,885.68,3178.5
CLM-003046,PAY-03,PRV-0038,2025-07-15,85.46,1251.56
CLM-003047,PAY-04,PRV-0026,2025-07-24,3740.15,3376.63
CLM-003048,PAY-04,PRV-0015,2025-08-13,3006.75,1776.14
CLM-003049,PAY-05,PRV-0004,2025-08-14,3797.9,2168.5
CLM-003050,PAY-04,PRV-0070,2025-07-22,1351.16,3649.82
CLM-003051,PAY-03,PRV-0056,2025-07-18,2091.16,1910.73
CLM-003052,PAY-04,PRV-0069,2025-07-25,1956.04,745.5
CLM-003053,PAY-03,PRV-0040,2025-07-23,2658.1,4123.83
CLM-003054,PAY-03,PRV-0021,2025-08-11,1569.66,1994.16
CLM-003055,PAY-03,PRV-0022,2025-08-12,622.34,1858.23
CLM-003056,PAY-01,PRV-0080,2025-07-21,102.15,3682.42
CLM-003057,PAY-02,PRV-0057,2025-07-28,1042.29,1319.13
CLM-003058,PAY-01,PRV-0018,2025-07-20,2190.63,392.93
CLM-003059,PAY-02,PRV-0007,2025-07-28,1012.63,441.14
CLM-003060,PAY-04,PRV-0037,2025-08-13,4081.9,1253.09
CLM-003061,PAY-03,PRV-0050,2025-07-01,3806.08,191.43
CLM-003062,PAY-02,PRV-0040,2025-07-16,80.43,1356.62
CLM-003063,PAY-05,PRV-0043,2025-07-12,2842.85,3363.29
CLM-003064,PAY-01,PRV-0052,2025-07-16,1000.27,1124.21
CLM-003065,PAY-05,PRV-0040,2025-07-03,4160.68,2335.92
CLM-003066,PAY-04,PRV-0012,2025-07-23,2329.11,3575.05
CLM-003067,PAY-01,PRV-0061,2025-07-17,1920.01,1872.1
CLM-003068,PAY-03,PRV-0014,2025-07-07,723.59,3284.57
CLM-003069,PAY-03,PRV-0071,2025-07-25,221.7,3221.03
CLM-003070,PAY-01,PRV-0079,2025-07-06,1143.32,2507.83
CLM-003071,PAY-04,PRV-0035,2025-07-04,1240.57,3550.68
CLM-003072,PAY-03,PRV-0022,2025-07-12,1035.25,3651.58
CLM-003073,PAY-03,PRV-0043,2025-07-04,2040.12,4419.27
CLM-003074,PAY-05,PRV-0061,2025-07-20,1004.45,2366.04
CLM-003075,PAY-01,PRV-0073,2025-07-07,4599.6,3608.57
CLM-003076,PAY-03,PRV-0004,2025-07-26,4520.79,3820.39
CLM-003077,PAY-02,PRV-0026,2025-08-06,1308.88,2827.05
CLM-003078,PAY-03,PRV-0003,2025-08-09,4125.79,219.23
CLM-003079,PAY-01,PRV-0042,2025-08-10,1137.28,1522.41
CLM-003080,PAY-04,PRV-0020,2025-07-21,724.69,1683.45
CLM-003081,PAY-04,PRV-0023,2025-07-05,1862.44,1135.38
CLM-003082,PAY-04,PRV-0059,2025-08-14,3628.11,3141.56
CLM-003083,PAY-03,PRV-0073,2025-07-25,2135.86,810.87
CLM-003084,PAY-01,PRV-0033,2025-07-21,2929.79,4374.82
CLM-003085,PAY-02,PRV-0036,2025-07-24,1440.61,644.03
CLM-003086,PAY-05,PRV-0064,2025-08-03,2112.36,625.7
CLM-003087,PAY-03,PRV-0063,2025-07-25,1403.47,2061.29
CLM-003088,PAY-04,PRV-0050,2025-08-02,3479.67,3969.94
CLM-003089,PAY-01,PRV-0026,2025-07-13,3895.7,2123.81
CLM-003090,PAY-05,PRV-0004,2025-08-02,657.72,1296.29
CLM-003091,PAY-01,PRV-0034,2025-07-13,533.72,4448.67
CLM-003092,PAY-03,PRV-0005,2025-07-10,2551.2,2671.14
CLM-003093,PAY-03,PRV-0050,2025-07-28,1637.2,1279.02
CLM-003094,PAY-05,PRV-0073,2025-07-07,492.61,3898.18
CLM-003095,PAY-02,PRV-0036,2025-07-06,4333.48,2465.98
CLM-003096,PAY-02,PRV-0076,2025-07-01,4483.66,2356.91
CLM-003097,PAY-02,PRV-0051,2025-08-06,450.1,2208.12
CLM-003098,PAY-01,PRV-0058,2025-07-26,1590.94,4226.57
CLM-003099,PAY-04,PRV-0061,2025-08-05,2986.81,2456.17
CLM-003100,PAY-05,PRV-0032,2025-07-28,226.88,393.33
CLM-003101,PAY-04,PRV-0069,2025-07-31,3126.42,99.2
CLM-003102,PAY-02,PRV-0004,2025-07-26,2608.74,1585.0
CLM-003103,PAY-05,PRV-0044,2025-07-01,2607.34,1886.57
CLM-003104,PAY-02,PRV-0029,2025-07-17,2529.46,212.12
CLM-003105,PAY-03,PRV-0072,2025-08-01,842.47,1499.59
CLM-003106,PAY-05,PRV-0067,2025-08-06,3084.88,2240.33
CLM-003107,PAY-02,PRV-0037,2025-07-31,1672.68,1214.68
CLM-003108,PAY-01,PRV-0048,2025-07-03,3654.31,3831.27
CLM-003109,PAY-05,PRV-0049,2025-08-04,3921.51,3042.08
CLM-003110,PAY-05,PRV-0059,2025-07-09,4558.46,3402.49
CLM-003111,PAY-04,PRV-0010,2025-07-10,2216.66,2948.36
CLM-003112,PAY-04,PRV-0025,2025-08-12,4811.85,3081.44
CLM-003113,PAY-02,PRV-0059,2025-07-07,3855.32,4379.28
CLM-003114,PAY-02,PRV-0032,2025-08-14,4140.0,3261.65
CLM-003115,PAY-05,PRV-0058,2025-08-05,2350.41,2982.43
CLM-003116,PAY-02,PRV-0008,2025-08-13,44.49,3781.18
CLM-003117,PAY-04,PRV-0050,2025-07-21,1483.51,1412.67
CLM-003118,PAY-03,PRV-0064,2025-07-10,826.26,3665.46
CLM-003119,PAY-03,PRV-0031,2025-07-04,4701.18,953.22
CLM-003120,PAY-05,PRV-0054,2025-07-12,1750.8,4279.02
CLM-003121,PAY-03,PRV-0080,2025-08-14,539.38,4238.85
CLM-003122,PAY-04,PRV-0007,2025-07-28,3673.22,2859.2
CLM-003123,PAY-02,PRV-0005,2025-08-13,3480.44,1274.81
CLM-003124,PAY-01,PRV-0063,2025-07-14,3817.44,1290.26
CLM-003125,PAY-04,PRV-0067,2025-08-11,1061.76,3009.69
CLM-003126,PAY-02,PRV-0072,2025-07-18,716.93,2059.62
CLM-003127,PAY-03,PRV-0014,2025-08-07,3409.74,1577.88
CLM-003128,PAY-04,PRV-0077,2025-07-20,4029.97,428.15
CLM-003129,PAY-05,PRV-0029,2025-08-08,4989.96,2127.27
CLM-003130,PAY-05,PRV-0034,2025-07-25,280.16,1495.61
CLM-003131,PAY-03,PRV-0034,2025-07-17,417.0,2173.47
CLM-003132,PAY-05,PRV-0069,2025-08-14,93.88,1216.88
CLM-003133,PAY-01,PRV-0072,2025-07-20,4578.15,3596.19
CLM-003134,PAY-05,PRV-0067,2025-08-07,2299.83,2070.12
CLM-003135,PAY-04,PRV-0071,2025-07-20,2571.12,1324.1
CLM-003136,PAY-03,PRV-0024,2025-07-31,4627.94,2029.13
CLM-003137,PAY-05,PRV-0025,2025-08-08,445.35,1715.43
CLM-003138,PAY-05,PRV-0003,2025-08-09,2479.31,4154.04
CLM-003139,PAY-01,PRV-0011,2025-07-13,3576.92,1448.65
CLM-003140,PAY-02,PRV-0022,2025-08-02,4609.92,3026.6
CLM-003141,PAY-01,PRV-0008,2025-07-13,4919.48,1349.43
CLM-003142,PAY-03,PRV-0002,2025-08-08,285.45,3959.88
CLM-003143,PAY-02,PRV-0010,2025-07-19,3236.23,646.88
CLM-003144,PAY-03,PRV-0007,2025-07-09,1652.47,2320.35
CLM-003145,PAY-04,PRV-0039,2025-07-24,1254.67,4193.47
CLM-003146,PAY-02,PRV-0060,2025-07-17,663.43,362.68
CLM-003147,PAY-03,PRV-0073,2025-07-22,4534.72,1171.39
CLM-003148,PAY-04,PRV-0056,2025-07-21,4185.88,3774.23
CLM-003149,PAY-02,PRV-0066,2025-07-09,1645.05,3631.34
CLM-003150,PAY-01,PRV-0050,2025-07-24,4414.33,2083.77
CLM-003151,PAY-04,PRV-0053,2025-08-06,690.68,1341.13
CLM-003152,PAY-04,PRV-0027,2025-07-04,2451.9,398.04
CLM-003153,PAY-05,PRV-0003,2025-08-01,1491.55,551.4
CLM-003154,PAY-03,PRV-0041,2025-08-01,429.31,1297.32
CLM-003155,PAY-05,PRV-0037,2025-08-10,2875.22,4464.75
CLM-003156,PAY-01,PRV-0053,2025-08-05,4870.32,3869.15
CLM-003157,PAY-03,PRV-0063,2025-08-03,3498.53,1146.46
CLM-003158,PAY-05,PRV-0004,2025-07-31,3148.57,642.49
CLM-003159,PAY-02,PRV-0046,2025-07-25,2987.26,1520.55
CLM-003160,PAY-05,PRV-0042,2025-07-26,3493.51,1445.52
CLM-003161,PAY-01,PRV-0033,2025-07-19,710.96,4280.49
CLM-003162,PAY-01,PRV-0063,2025-07-14,3726.69,254.39
CLM-003163,PAY-05,PRV-0065,2025-08-10,1808.22,798.89
CLM-003164,PAY-05,PRV-0076,2025-08-11,3866.44,2337.05
CLM-003165,PAY-02,PRV-0014,2025-07-12,2998.59,397.47
CLM-003166,PAY-04,PRV-0003,2025-07-13,3889.28,1328.84
CLM-003167,PAY-04,PRV-0033,2025-07-13,1332.06,1724.07
CLM-003168,PAY-03,PRV-0067,2025-07-10,529.88,715.82
CLM-003169,PAY-04,PRV-0061,2025-08-04,3472.52,3503.21
CLM-003170,PAY-01,PRV-0072,2025-07-23,2228.86,2916.44
CLM-003171,PAY-05,PRV-0012,2025-07-09,4649.32,4031.85
CLM-003172,PAY-01,PRV-0051,2025-07-08,1197.84,2559.46
CLM-003173,PAY-04,PRV-0063,2025-07-14,2854.08,2791.33
CLM-003174,PAY-04,PRV-0015,2025-07-10,4307.65,2121.31
CLM-003175,PAY-03,PRV-0026,2025-07-12,4940.54,1462.3
CLM-003176,PAY-04,PRV-0065,2025-08-06,1287.22,884.16
CLM-003177,PAY-05,PRV-0080,2025-07-15,3701.38,1243.94
CLM-003178,PAY-02,PRV-0047,2025-07-16,4051.47,2551.82
CLM-003179,PAY-02,PRV-0080,2025-07-07,1968.76,1996.98
CLM-003180,PAY-01,PRV-0063,2025-07-24,3486.99,4052.33
CLM-003181,PAY-05,PRV-0018,2025-08-11,1398.13,2823.68
CLM-003182,PAY-04,PRV-0075,2025-07-22,1486.85,3051.59
CLM-003183,PAY-03,PRV-0025,2025-07-10,4718.46,2993.17
CLM-003184,PAY-03,PRV-0053,2025-08-01,1219.23,1845.46
CLM-003185,PAY-04,PRV-0008,2025-07-12,4858.52,2597.81
CLM-003186,PAY-04,PRV-0071,2025-07-25,4445.63,4125.46
CLM-003187,PAY-03,PRV-0032,2025-07-27,55.91,3153.13
CLM-003188,PAY-05,PRV-0054,2025-07-30,2407.35,2953.8
CLM-003189,PAY-04,PRV-0052,2025-07-02,4030.84,3762.08
CLM-003190,PAY-01,PRV-0021,2025-07-05,3058.9,621.81
CLM-003191,PAY-02,PRV-0044,2025-07-11,3618.4,2516.22
CLM-003192,PAY-04,PRV-0047,2025-07-07,1030.86,39.0
CLM-003193,PAY-03,PRV-0020,2025-07-19,128.45,2389.59
CLM-003194,PAY-01,PRV-0050,2025-07-22,1161.11,854.81
CLM-003195,PAY-05,PRV-0006,2025-07-19,2724.44,3097.66
CLM-003196,PAY-01,PRV-0020,2025-07-20,1630.29,2100.8
CLM-003197,PAY-05,PRV-0012,2025-07-02,1993.19,3747.35
CLM-003198,PAY-05,PRV-0044,2025-07-05,3627.59,1239.19
CLM-003199,PAY-02,PRV-0068,2025-08-09,2572.82,3723.22
CLM-003200,PAY-04,PRV-0077,2025-08-06,971.23,2657.48
CLM-003201,PAY-04,PRV-0002,2025-07-19,2860.38,2071.45
CLM-003202,PAY-02,PRV-0056,2025-08-09,2497.33,2305.17
CLM-003203,PAY-03,PRV-0025,2025-07-31,3740.44,4355.49
CLM-003204,PAY-01,PRV-0013,2025-08-12,2687.44,3709.3
CLM-003205,PAY-01,PRV-0003,2025-07-03,1948.31,3212.0
CLM-003206,PAY-02,PRV-0049,2025-07-05,1396.54,3849.86
CLM-003207,PAY-05,PRV-0033,2025-07-14,4158.41,2083.13
CLM-003208,PAY-01,PRV-0045,2025-08-07,3945.43,4433.2
CLM-003209,PAY-01,PRV-0071,2025-07-08,4134.58,1288.22
CLM-003210,PAY-05,PRV-0038,2025-07-06,946.86,4263.79
CLM-003211,PAY-01,PRV-0018,2025-07-06,1837.33,4043.21
CLM-003212,PAY-03,PRV-0055,2025-07-13,1487.78,1798.35
CLM-003213,PAY-04,PRV-0001,2025-07-13,3150.41,4393.36
CLM-003214,PAY-02,PRV-0076,2025-07-13,3147.17,2953.21
CLM-003215,PAY-03,PRV-0058,2025-07-07,1952.32,3179.85
CLM-003216,PAY-01,PRV-0063,2025-07-26,4627.93,4442.0
CLM-003217,PAY-03,PRV-0031,2025-07-27,4088.61,697.96
CLM-003218,PAY-02,PRV-0052,2025-07-21,3884.17,4459.8
CLM-003219,PAY-02,PRV-0055,2025-07-06,475.61,3018.11
CLM-003220,PAY-03,PRV-0026,2025-08-08,1235.7,4468.44
CLM-003221,PAY-04,PRV-0010,2025-07-26,2602.5,708.98
CLM-003222,PAY-02,PRV-0054,2025-07-14,1693.78,3242.01
CLM-003223,PAY-05,PRV-0015,2025-07-17,2888.79,23.06
CLM-003224,PAY-01,PRV-0022,2025-07-14,1776.97,1132.65
CLM-003225,PAY-04,PRV-0035,2025-07-03,3753.09,2928.27
CLM-003226,PAY-03,PRV-0050,2025-07-29,1321.82,500.89
CLM-003227,PAY-01,PRV-0012,2025-08-14,51.14,1328.63
CLM-003228,PAY-02,PRV-0069,2025-07-21,1987.68,3668.75
CLM-003229,PAY-05,PRV-0038,2025-07-04,2592.96,114.83
CLM-003230,PAY-01,PRV-0020,2025-08-14,4309.2,1922.3
CLM-003231,PAY-04,PRV-0033,2025-08-06,1826.8,3391.95
CLM-003232,PAY-04,PRV-0005,2025-07-10,4159.1,2244.37
CLM-003233,PAY-05,PRV-0016,2025-07-09,843.32,2476.09
CLM-003234,PAY-01,PRV-0015,2025-07-03,1754.85,1515.73
CLM-003235,PAY-02,PRV-0078,2025-07-18,340.04,1803.21
CLM-003236,PAY-05,PRV-0037,2025-07-22,1921.16,2190.45
CLM-003237,PAY-02,PRV-0059,2025-07-04,3111.54,2742.99
CLM-003238,PAY-02,PRV-0070,2025-07-08,4131.76,2674.76
CLM-003239,PAY-03,PRV-0058,2025-07-10,2093.44,1665.32
CLM-003240,PAY-01,PRV-0064,2025-07-12,3090.89,4009.97
CLM-003241,PAY-04,PRV-0038,2025-07-03,3521.32,2206.91
CLM-003242,PAY-05,PRV-0061,2025-08-12,4137.52,3765.27
CLM-003243,PAY-04,PRV-0003,2025-07-09,1769.74,3105.69
CLM-003244,PAY-04,PRV-0004,2025-07-20,4118.9,181.12
CLM-003245,PAY-05,PRV-0077,2025-07-14,1340.08,271.84
CLM-003246,PAY-04,PRV-0053,2025-07-10,1248.33,3505.78
CLM-003247,PAY-03,PRV-0074,2025-07-13,929.08,4275.96
CLM-003248,PAY-04,PRV-0022,2025-07-24,3736.94,2621.2
CLM-003249,PAY-04,PRV-0040,2025-07-17,4977.5,1922.16
CLM-003250,PAY-05,PRV-0070,2025-08-02,1874.8,2696.83
CLM-003251,PAY-04,PRV-0012,2025-07-25,4819.41,2301.88
CLM-003252,PAY-05,PRV-0063,2025-07-30,2984.42,2214.23
CLM-003253,PAY-05,PRV-0027,2025-07-10,3194.03,3289.93
CLM-003254,PAY-02,PRV-0048,2025-07-28,2509.8,4365.23
CLM-003255,PAY-02,PRV-0027,2025-07-09,3452.3,2789.6
CLM-003256,PAY-01,PRV-0067,2025-07-05,821.49,4340.12
CLM-003257,PAY-01,PRV-0051,2025-08-09,4639.56,4481.95
CLM-003258,PAY-04,PRV-0006,2025-07-03,2807.24,4386.75
CLM-003259,PAY-04,PRV-0034,2025-07-31,1966.19,3235.32
CLM-003260,PAY-01,PRV-0038,2025-07-27,4853.38,4475.92
CLM-003261,PAY-03,PRV-0079,2025-07-26,4141.66,1344.25
CLM-003262,PAY-01,PRV-0002,2025-08-12,1629.91,794.15
CLM-003263,PAY-04,PRV-0053,2025-07-05,2377.4,1212.88
CLM-003264,PAY-01,PRV-0072,2025-08-11,2236.06,4183.09
CLM-003265,PAY-03,PRV-0034,2025-07-21,4053.85,3639.09
CLM-003266,PAY-05,PRV-0042,2025-07-11,1563.59,2996.8
CLM-003267,PAY-03,PRV-0062,2025-08-13,1583.85,2705.58
CLM-003268,PAY-01,PRV-0029,2025-08-08,1171.12,1516.7
CLM-003269,PAY-03,PRV-0026,2025-07-17,4694.08,870.02
CLM-003270,PAY-05,PRV-0030,2025-08-06,855.81,1981.92
CLM-003271,PAY-03,PRV-0035,2025-07-29,1786.56,2297.5
CLM-003272,PAY-02,PRV-0051,2025-07-23,2557.08,4039.76
CLM-003273,PAY-03,PRV-0035,2025-07-06,65.47,2005.68
CLM-003274,PAY-04,PRV-0006,2025-07-15,2724.71,566.12
CLM-003275,PAY-01,PRV-0035,2025-07-12,1397.86,4281.71
CLM-003276,PAY-02,PRV-0047,2025-07-12,1925.43,61.91
CLM-003277,PAY-03,PRV-0044,2025-08-10,2024.15,1103.32
CLM-003278,PAY-02,PRV-0019,2025-08-09,2991.26,2337.53
CLM-003279,PAY-02,PRV-0060,2025-08-08,4629.52,2146.68
CLM-003280,PAY-05,PRV-0058,2025-08-10,362.36,2501.14
CLM-003281,PAY-05,PRV-0002,2025-07-20,1714.98,4064.96
CLM-003282,PAY-04,PRV-0074,2025-07-20,3874.95,2048.24
CLM-003283,PAY-03,PRV-0058,2025-07-17,3286.86,2403.2
CLM-003284,PAY-03,PRV-0030,2025-07-06,750.54,4344.75
CLM-003285,PAY-03,PRV-0027,2025-07-03,3105.42,3111.6
CLM-003286,PAY-03,PRV-0040,2025-08-06,3043.24,3194.75
CLM-003287,PAY-03,PRV-0068,2025-08-02,2598.58,1422.0
CLM-003288,PAY-04,PRV-0006,2025-07-08,498.09,3998.96
CLM-003289,PAY-04,PRV-0039,2025-07-09,835.48,577.87
CLM-003290,PAY-02,PRV-0051,2025-07-10,733.82,363.59
CLM-003291,PAY-03,PRV-0030,2025-07-07,2470.67,2483.86
CLM-003292,PAY-03,PRV-0028,2025-08-13,4266.34,1238.12
CLM-003293,PAY-03,PRV-0064,2025-07-29,140.2,21.78
CLM-003294,PAY-04,PRV-0005,2025-07-16,3022.61,4173.36
CLM-003295,PAY-01,PRV-0021,2025-07-31,255.59,2837.35
CLM-003296,PAY-05,PRV-0076,2025-08-09,1352.26,3310.2
CLM-003297,PAY-05,PRV-0038,2025-07-15,3105.8,887.32
CLM-003298,PAY-02,PRV-0055,2025-07-23,1391.62,1638.88
CLM-003299,PAY-03,PRV-0019,2025-07-11,1714.97,3431.93
CLM-003300,PAY-01,PRV-0012,2025-07-11,1471.65,714.18
CLM-003301,PAY-04,PRV-0014,2025-07-09,3371.26,3483.25
CLM-003302,PAY-01,PRV-0022,2025-07-01,3547.1,3572.21
CLM-003303,PAY-04,PRV-0068,2025-07-14,649.79,2217.59
CLM-003304,PAY-02,PRV-0006,2025-07-11,1216.12,1257.25
CLM-003305,PAY-04,PRV-0017,2025-07-01,4010.08,262.89
CLM-003306,PAY-01,PRV-0067,2025-07-15,4218.02,3988.34
CLM-003307,PAY-05,PRV-0007,2025-08-07,477.07,1367.53
CLM-003308,PAY-04,PRV-0024,2025-07-15,1557.24,2097.26
CLM-003309,PAY-03,PRV-0074,2025-07-06,202.13,321.19
CLM-003310,PAY-01,PRV-0073,2025-07-01,2651.45,3758.86
CLM-003311,PAY-02,PRV-0067,2025-07-26,1239.46,2267.25
CLM-003312,PAY-02,PRV-0018,2025-07-06,1877.34,3501.96
CLM-003313,PAY-05,PRV-0016,2025-07-09,2172.28,2274.71
CLM-003314,PAY-04,PRV-0057,2025-07-20,170.14,3313.83
CLM-003315,PAY-02,PRV-0061,2025-07-19,2428.72,4392.79
CLM-003316,PAY-03,PRV-0023,2025-07-28,3126.15,119.71
CLM-003317,PAY-03,PRV-0067,2025-07-19,4663.56,491.71
CLM-003318,PAY-01,PRV-0004,2025-07-16,3515.98,1793.16
CLM-003319,PAY-01,PRV-0052,2025-07-09,2463.71,1685.57
CLM-003320,PAY-04,PRV-0002,2025-08-12,3043.45,1187.56
CLM-003321,PAY-04,PRV-0077,2025-07-06,2785.84,800.45
CLM-003322,PAY-04,PRV-0013,2025-07-06,878.85,565.0
CLM-003323,PAY-02,PRV-0054,2025-07-03,3047.08,2475.33
CLM-003324,PAY-05,PRV-0071,2025-08-04,4547.8,806.81
CLM-003325,PAY-02,PRV-0076,2025-07-29,356.03,3600.18
CLM-003326,PAY-05,PRV-0077,2025-07-12,3991.61,1065.45
CLM-003327,PAY-03,PRV-0006,2025-07-19,4657.71,3083.14
CLM-003328,PAY-02,PRV-0006,2025-08-14,3359.61,4463.65
CLM-003329,PAY-03,PRV-0073,2025-07-02,4539.16,648.23
CLM-003330,PAY-01,PRV-0069,2025-08-04,4125.27,3359.95
CLM-003331,PAY-02,PRV-0075,2025-07-20,297.93,2799.13
CLM-003332,PAY-04,PRV-0033,2025-08-08,4373.04,1110.98
CLM-003333,PAY-01,PRV-0062,2025-07-22,2866.54,3005.98
CLM-003334,PAY-05,PRV-0024,2025-07-04,921.79,1611.55
CLM-003335,PAY-02,PRV-0015,2025-08-11,2201.01,1196.1
CLM-003336,PAY-01,PRV-0051,2025-07-20,1350.68,4216.13
CLM-003337,PAY-03,PRV-0074,2025-07-19,1022.48,3615.54
CLM-003338,PAY-01,PRV-0036,2025-08-09,1579.5,1398.44
CLM-003339,PAY-03,PRV-0023,2025-08-04,4859.96,2553.33
CLM-003340,PAY-04,PRV-0006,2025-07-01,2964.24,3709.35
CLM-003341,PAY-01,PRV-0054,2025-08-01,1895.01,1052.18
CLM-003342,PAY-03,PRV-0018,2025-08-14,2130.09,3759.12
CLM-003343,PAY-01,PRV-0075,2025-08-05,2100.17,2382.99
CLM-003344,PAY-02,PRV-0019,2025-07-13,81.47,1205.29
CLM-003345,PAY-03,PRV-0063,2025-07-24,4539.86,1239.78
CLM-003346,PAY-04,PRV-0027,2025-07-18,1733.99,679.38
CLM-003347,PAY-05,PRV-0071,2025-08-14,1306.43,343.58
CLM-003348,PAY-02,PRV-0021,2025-08-07,3600.6,3967.74
CLM-003349,PAY-04,PRV-0080,2025-08-11,657.65,795.4
CLM-003350,PAY-02,PRV-0080,2025-07-05,4802.46,2585.41
CLM-003351,PAY-03,PRV-0051,2025-07-16,1537.77,3491.56
CLM-003352,PAY-05,PRV-0052,2025-07-01,1693.05,1253.84
CLM-003353,PAY-02,PRV-0013,2025-07-12,2721.9,3472.4
CLM-003354,PAY-04,PRV-0015,2025-07-28,1031.9,839.67
CLM-003355,PAY-02,PRV-0032,2025-07-30,3149.01,1726.37
CLM-003356,PAY-05,PRV-0059,2025-07-04,1729.9,745.87
CLM-003357,PAY-01,PRV-0001,2025-07-24,3587.33,539.1
CLM-003358,PAY-03,PRV-0002,2025-07-15,886.42,2595.15
CLM-003359,PAY-03,PRV-0042,2025-07-26,4432.82,3022.36
CLM-003360,PAY-01,PRV-0080,2025-07-27,320.66,2410.41
CLM-003361,PAY-01,PRV-0001,2025-07-06,1762.34,2009.9
CLM-003362,PAY-04,PRV-0042,2025-07-09,3636.89,2152.98
CLM-003363,PAY-01,PRV-0071,2025-07-29,2579.15,2733.22
CLM-003364,PAY-04,PRV-0044,2025-08-13,585.3,1970.71
CLM-003365,PAY-03,PRV-0003,2025-08-09,1509.4,1266.13
CLM-003366,PAY-04,PRV-0007,2025-08-04,284.68,2542.74
CLM-003367,PAY-01,PRV-0018,2025-07-24,4698.33,2329.12
CLM-003368,PAY-04,PRV-0036,2025-08-11,1025.44,4409.95
CLM-003369,PAY-04,PRV-0068,2025-07-12,4987.53,4471.38
CLM-003370,PAY-03,PRV-0063,2025-07-10,2925.5,1941.25
CLM-003371,PAY-02,PRV-0036,2025-07-15,3200.74,1040.5
CLM-003372,PAY-02,PRV-0005,2025-07-20,3043.49,4491.52
CLM-003373,PAY-05,PRV-0013,2025-08-04,1962.06,1024.76
CLM-003374,PAY-04,PRV-0040,2025-08-12,2624.82,2559.76
CLM-003375,PAY-04,PRV-0075,2025-07-27,4647.09,1560.3
CLM-003376,PAY-05,PRV-0013,2025-07-25,4876.94,1071.97
CLM-003377,PAY-04,PRV-0058,2025-07-25,399.38,982.75
CLM-003378,PAY-03,PRV-0057,2025-07-06,4375.28,1543.88
CLM-003379,PAY-02,PRV-0074,2025-08-02,4521.74,740.63
CLM-003380,PAY-04,PRV-0047,2025-08-01,1741.21,972.88
CLM-003381,PAY-05,PRV-0060,2025-07-19,447.53,798.24
CLM-003382,PAY-02,PRV-0053,2025-07-13,4392.13,3454.97
CLM-003383,PAY-03,PRV-0006,2025-07-04,3360.98,4054.93
CLM-003384,PAY-01,PRV-0006,2025-07-23,2351.95,3307.61
CLM-003385,PAY-01,PRV-0051,2025-07-15,3303.55,353.05
CLM-003386,PAY-03,PRV-0072,2025-07-28,3704.47,4385.5
CLM-003387,PAY-05,PRV-0076,2025-07-07,3765.14,760.63
CLM-003388,PAY-04,PRV-0038,2025-07-10,488.15,1265.7
CLM-003389,PAY-03,PRV-0028,2025-07-02,1130.09,4026.87
CLM-003390,PAY-04,PRV-0046,2025-07-06,111.3,732.53
CLM-003391,PAY-03,PRV-0045,2025-07-25,3398.01,848.74
CLM-003392,PAY-02,PRV-0061,2025-07-21,748.31,1694.14
CLM-003393,PAY-04,PRV-0036,2025-08-04,1370.85,1058.66
CLM-003394,PAY-05,PRV-0012,2025-07-01,684.81,3542.6
CLM-003395,PAY-04,PRV-0051,2025-07-05,4621.1,2313.82
CLM-003396,PAY-02,PRV-0060,2025-08-06,3631.75,3952.95
CLM-003397,PAY-02,PRV-0066,2025-08-02,945.81,3943.19
CLM-003398,PAY-01,PRV-0037,2025-07-07,3302.08,1202.44
CLM-003399,PAY-02,PRV-0038,2025-07-26,3150.27,1117.61
CLM-003400,PAY-05,PRV-0037,2025-07-13,2338.55,3029.84
CLM-003401,PAY-05,PRV-0009,2025-08-13,4275.7,2700.31
CLM-003402,PAY-01,PRV-0047,2025-08-11,3479.64,3866.66
CLM-003403,PAY-02,PRV-0006,2025-08-07,758.31,3899.12
CLM-003404,PAY-01,PRV-0064,2025-07-02,1986.38,3120.6
CLM-003405,PAY-05,PRV-0061,2025-08-11,520.38,770.29
CLM-003406,PAY-01,PRV-0008,2025-08-11,3378.13,4343.63
CLM-003407,PAY-02,PRV-0025,2025-07-27,2233.16,221.17
CLM-003408,PAY-03,PRV-0012,2025-07-07,3005.58,4111.0
CLM-003409,PAY-02,PRV-0050,2025-08-06,1117.41,225.53
CLM-003410,PAY-05,PRV-0032,2025-07-16,2546.14,2585.58
CLM-003411,PAY-02,PRV-0006,2025-07-20,2272.62,3889.81
CLM-003412,PAY-04,PRV-0051,2025-08-01,1144.24,3288.09
CLM-003413,PAY-01,PRV-0041,2025-07-24,1685.1,4275.99
CLM-003414,PAY-05,PRV-0066,2025-07-27,1695.26,2605.88
CLM-003415,PAY-05,PRV-0037,2025-07-06,4043.81,2390.6
CLM-003416,PAY-05,PRV-0045,2025-07-05,2487.1,3210.05
CLM-003417,PAY-05,PRV-0029,2025-08-07,1150.94,2290.86
CLM-003418,PAY-02,PRV-0067,2025-07-28,644.56,24.35
CLM-003419,PAY-03,PRV-0038,2025-08-14,3223.15,3667.79
CLM-003420,PAY-01,PRV-0034,2025-08-07,1371.75,3691.3
CLM-003421,PAY-01,PRV-0023,2025-08-14,4813.99,1237.04
CLM-003422,PAY-03,PRV-0027,2025-07-06,2905.44,2699.03
CLM-003423,PAY-01,PRV-0045,2025-08-07,2264.01,2900.96
CLM-003424,PAY-02,PRV-0005,2025-07-08,2040.58,2692.5
CLM-003425,PAY-02,PRV-0003,2025-08-10,3715.54,2041.91
CLM-003426,PAY-01,PRV-0033,2025-08-05,3167.16,1504.19
CLM-003427,PAY-03,PRV-0054,2025-08-08,836.91,2491.14
CLM-003428,PAY-02,PRV-0074,2025-07-06,2149.63,2339.87
CLM-003429,PAY-03,PRV-0018,2025-07-25,209.56,1471.77
CLM-003430,PAY-04,PRV-0070,2025-08-05,4259.31,2553.8
CLM-003431,PAY-04,PRV-0042,2025-07-10,1579.49,1263.82
CLM-003432,PAY-03,PRV-0059,2025-07-08,4954.87,4076.5
CLM-003433,PAY-05,PRV-0076,2025-08-01,1966.45,1913.14
CLM-003434,PAY-02,PRV-0008,2025-08-05,862.14,602.74
CLM-003435,PAY-03,PRV-0033,2025-07-22,4245.15,498.62
CLM-003436,PAY-03,PRV-0070,2025-07-03,4330.01,3891.78
CLM-003437,PAY-05,PRV-0078,2025-07-01,3321.79,2466.8
CLM-003438,PAY-04,PRV-0063,2025-08-04,1084.95,3203.8
CLM-003439,PAY-02,PRV-0013,2025-07-27,413.25,4105.76
CLM-003440,PAY-04,PRV-0048,2025-07-26,4569.97,1454.8
CLM-003441,PAY-02,PRV-0052,2025-07-06,3327.49,908.67
CLM-003442,PAY-02,PRV-0076,2025-07-18,2693.22,1306.61
CLM-003443,PAY-05,PRV-0007,2025-07-31,3598.08,2965.84
CLM-003444,PAY-02,PRV-0014,2025-07-13,3767.45,1602.74
CLM-003445,PAY-05,PRV-0043,2025-07-23,960.75,2252.85
CLM-003446,PAY-02,PRV-0044,2025-07-15,108.34,4212.93
CLM-003447,PAY-05,PRV-0024,2025-07-05,293.28,2360.61
CLM-003448,PAY-02,PRV-0061,2025-07-21,4295.69,1202.24
CLM-003449,PAY-03,PRV-0047,2025-08-01,1288.69,987.19
CLM-003450,PAY-05,PRV-0021,2025-07-12,4064.15,4313.38
CLM-003451,PAY-02,PRV-0054,2025-07-09,2326.65,2181.57
CLM-003452,PAY-04,PRV-0014,2025-07-26,3387.55,2570.58
CLM-003453,PAY-05,PRV-0071,2025-07-08,1538.56,2184.01
CLM-003454,PAY-04,PRV-0059,2025-07-09,4004.99,220.85
CLM-003455,PAY-03,PRV-0058,2025-07-11,3914.2,2079.78
CLM-003456,PAY-05,PRV-0077,2025-07-08,4086.33,997.88
CLM-003457,PAY-02,PRV-0004,2025-07-13,1722.85,1403.09
CLM-003458,PAY-03,PRV-0028,2025-08-02,2498.82,3756.35
CLM-003459,PAY-03,PRV-0006,2025-07-16,4816.2,4234.55
CLM-003460,PAY-02,PRV-0076,2025-08-03,1113.31,2847.04
CLM-003461,PAY-05,PRV-0050,2025-07-01,2148.89,4394.24
CLM-003462,PAY-03,PRV-0004,2025-07-15,3936.05,411.51
CLM-003463,PAY-04,PRV-0072,2025-07-26,1966.77,2114.72
CLM-003464,PAY-05,PRV-0038,2025-07-17,1590.85,1894.83
CLM-003465,PAY-04,PRV-0071,2025-07-01,2724.3,4403.23
CLM-003466,PAY-01,PRV-0047,2025-08-07,2715.06,820.03
CLM-003467,PAY-01,PRV-0064,2025-07-09,3657.19,1261.97
CLM-003468,PAY-03,PRV-0063,2025-07-10,3840.29,2958.84
CLM-003469,PAY-05,PRV-0028,2025-07-23,1788.49,1937.15
CLM-003470,PAY-04,PRV-0043,2025-07-13,4094.3,455.51
CLM-003471,PAY-03,PRV-0008,2025-08-03,2040.01,1226.57
CLM-003472,PAY-05,PRV-0053,2025-07-16,3266.09,4490.86
CLM-003473,PAY-01,PRV-0008,2025-08-03,3704.58,1327.84
CLM-003474,PAY-02,PRV-0018,2025-07-16,362.87,1375.47
CLM-003475,PAY-05,PRV-0010,2025-07-28,1708.91,2054.43
CLM-003476,PAY-01,PRV-0029,2025-07-03,2628.74,1158.32
CLM-003477,PAY-05,PRV-0056,2025-08-04,4599.0,3031.42
CLM-003478,PAY-02,PRV-0023,2025-07-02,1016.07,3437.04
CLM-003479,PAY-04,PRV-0055,2025-08-05,4071.13,4434.38
CLM-003480,PAY-02,PRV-0080,2025-07-25,3524.65,1138.67
CLM-003481,PAY-02,PRV-0067,2025-08-13,2699.94,3147.27
CLM-003482,PAY-01,PRV-0043,2025-08-13,2567.64,2943.01
CLM-003483,PAY-03,PRV-0047,2025-07-14,3018.08,1875.17
CLM-003484,PAY-02,PRV-0044,2025-07-30,780.87,4124.58
CLM-003485,PAY-05,PRV-0044,2025-07-30,3149.6,2167.15
CLM-003486,PAY-03,PRV-0056,2025-07-06,3367.12,3502.51
CLM-003487,PAY-04,PRV-0006,2025-07-04,1332.75,3940.49
CLM-003488,PAY-05,PRV-0050,2025-07-17,3150.23,21.07
CLM-003489,PAY-02,PRV-0046,2025-08-12,1675.32,4418.38
CLM-003490,PAY-05,PRV-0013,2025-07-29,2569.75,3392.02
CLM-003491,PAY-05,PRV-0075,2025-07-05,3830.47,1410.47
CLM-003492,PAY-02,PRV-0069,2025-07-08,1423.72,1166.54
CLM-003493,PAY-02,PRV-0065,2025-08-04,4641.5,2651.28
CLM-003494,PAY-05,PRV-0080,2025-07-24,1664.69,4375.66
CLM-003495,PAY-04,PRV-0079,2025-07-23,2753.61,1280.57
CLM-003496,PAY-05,PRV-0016,2025-07-10,850.26,4331.63
CLM-003497,PAY-03,PRV-0074,2025-07-06,2951.82,1915.93
CLM-003498,PAY-02,PRV-0075,2025-07-28,821.18,1525.51
CLM-003499,PAY-02,PRV-0057,2025-07-07,3824.09,3100.85
CLM-003500,PAY-04,PRV-0031,2025-08-10,4971.98,3651.08
CLM-003501,PAY-03,PRV-0047,2025-07-23,2805.49,2105.77
CLM-003502,PAY-05,PRV-0022,2025-07-06,3610.18,1171.26
CLM-003503,PAY-01,PRV-0048,2025-07-16,845.33,1581.85
CLM-003504,PAY-03,PRV-0043,2025-07-08,3993.14,297.99
CLM-003505,PAY-04,PRV-0001,2025-07-06,4682.64,3764.96
CLM-003506,PAY-03,PRV-0011,2025-08-05,2391.66,2512.91
CLM-003507,PAY-03,PRV-0007,2025-07-15,931.79,2221.52
CLM-003508,PAY-03,PRV-0019,2025-08-09,2549.28,3117.94
CLM-003509,PAY-04,PRV-0079,2025-07-18,133.53,3971.77
CLM-003510,PAY-02,PRV-0024,2025-07-02,2064.31,770.33
CLM-003511,PAY-01,PRV-0067,2025-07-29,4521.76,633.61
CLM-003512,PAY-01,PRV-0021,2025-07-31,123.22,3016.08
CLM-003513,PAY-05,PRV-0004,2025-07-30,777.53,4307.94
CLM-003514,PAY-03,PRV-0077,2025-07-06,1449.01,896.52
CLM-003515,PAY-04,PRV-0040,2025-07-24,3799.57,1566.1
CLM-003516,PAY-02,PRV-0011,2025-07-13,701.26,1242.8
CLM-003517,PAY-02,PRV-0037,2025-07-16,446.79,3406.51
CLM-003518,PAY-04,PRV-0020,2025-08-07,837.99,762.94
CLM-003519,PAY-04,PRV-0074,2025-08-12,2500.46,2363.79
CLM-003520,PAY-05,PRV-0028,2025-07-27,3234.18,3142.61
CLM-003521,PAY-02,PRV-0033,2025-07-09,3679.18,2477.17
CLM-003522,PAY-04,PRV-0015,2025-08-08,3533.37,903.65
CLM-003523,PAY-02,PRV-0040,2025-08-02,3433.7,1746.62
CLM-003524,PAY-05,PRV-0002,2025-07-09,4815.12,2487.17
CLM-003525,PAY-03,PRV-0040,2025-08-07,2027.59,1961.22
CLM-003526,PAY-02,PRV-0076,2025-07-22,4171.34,1358.6
CLM-003527,PAY-04,PRV-0032,2025-07-08,4087.66,38.03
CLM-003528,PAY-01,PRV-0038,2025-07-14,4566.62,4184.32
CLM-003529,PAY-04,PRV-0009,2025-07-12,1964.74,3013.28
CLM-003530,PAY-03,PRV-0010,2025-08-02,406.9,3878.65
CLM-003531,PAY-02,PRV-0028,2025-07-09,599.03,4273.98
CLM-003532,PAY-05,PRV-0028,2025-08-08,4814.83,3491.91
CLM-003533,PAY-01,PRV-0064,2025-07-29,604.5,3128.96
CLM-003534,PAY-05,PRV-0019,2025-07-15,4152.17,929.3
CLM-003535,PAY-04,PRV-0006,2025-07-31,4483.05,282.72
CLM-003536,PAY-04,PRV-0007,2025-07-08,1598.5,1531.2
CLM-003537,PAY-01,PRV-0045,2025-07-27,3482.51,1541.07
CLM-003538,PAY-03,PRV-0049,2025-07-31,3174.67,4324.43
CLM-003539,PAY-04,PRV-0004,2025-08-14,518.83,2135.03
CLM-003540,PAY-04,PRV-0066,2025-07-12,943.56,2882.13
CLM-003541,PAY-05,PRV-0072,2025-07-20,119.28,2080.34
CLM-003542,PAY-04,PRV-0057,2025-08-07,2507.58,3845.16
CLM-003543,PAY-02,PRV-0056,2025-07-27,165.39,4080.61
CLM-003544,PAY-04,PRV-0048,2025-07-27,3666.33,3081.39
CLM-003545,PAY-02,PRV-0012,2025-07-08,2200.27,2570.87
CLM-003546,PAY-03,PRV-0018,2025-07-08,3037.21,1113.64
CLM-003547,PAY-01,PRV-0063,2025-08-04,4406.46,1265.46
CLM-003548,PAY-02,PRV-0056,2025-07-18,1626.99,3715.1
CLM-003549,PAY-02,PRV-0028,2025-07-03,1618.21,2437.47
CLM-003550,PAY-01,PRV-0078,2025-08-05,2149.8,1003.67
CLM-003551,PAY-01,PRV-0047,2025-07-11,1813.0,326.62
CLM-003552,PAY-01,PRV-0032,2025-07-09,3694.87,1295.31
CLM-003553,PAY-03,PRV-0008,2025-07-24,4761.7,3501.55
CLM-003554,PAY-02,PRV-0067,2025-08-06,36.17,1745.96
CLM-003555,PAY-03,PRV-0011,2025-08-03,3986.75,1569.55
CLM-003556,PAY-05,PRV-0043,2025-07-19,4822.69,2280.31
CLM-003557,PAY-04,PRV-0039,2025-07-07,298.97,1488.95
CLM-003558,PAY-05,PRV-0025,2025-08-06,3808.79,1789.42
CLM-003559,PAY-05,PRV-0069,2025-08-10,3439.2,3474.75
CLM-003560,PAY-04,PRV-0080,2025-07-29,1914.63,988.46
CLM-003561,PAY-03,PRV-0047,2025-08-10,4015.03,2235.48
CLM-003562,PAY-02,PRV-0067,2025-07-10,3550.9,2209.27
CLM-003563,PAY-03,PRV-0075,2025-07-08,2095.9,3688.61
CLM-003564,PAY-03,PRV-0045,2025-08-02,2359.39,2427.45
CLM-003565,PAY-03,PRV-0031,2025-07-01,2557.21,1194.15
CLM-003566,PAY-05,PRV-0030,2025-08-06,4936.41,3195.21
CLM-003567,PAY-01,PRV-0043,2025-07-17,2139.88,2062.83
CLM-003568,PAY-04,PRV-0008,2025-07-23,335.87,1020.76
CLM-003569,PAY-05,PRV-0065,2025-08-10,94.01,2030.31
CLM-003570,PAY-05,PRV-0008,2025-08-14,334.63,2217.41
CLM-003571,PAY-03,PRV-0023,2025-07-05,3626.55,1056.64
CLM-003572,PAY-01,PRV-0007,2025-07-17,4194.0,3242.22
CLM-003573,PAY-04,PRV-0074,2025-07-21,4058.35,3493.82
CLM-003574,PAY-03,PRV-0025,2025-07-07,2915.06,3809.22
CLM-003575,PAY-03,PRV-0022,2025-07-08,3763.15,1880.74
CLM-003576,PAY-02,PRV-0016,2025-07-05,4930.63,2675.79
CLM-003577,PAY-01,PRV-0069,2025-07-29,4476.87,3865.74
CLM-003578,PAY-03,PRV-0024,2025-07-25,355.75,2018.87
CLM-003579,PAY-02,PRV-0021,2025-07-10,3916.95,3659.99
CLM-003580,PAY-04,PRV-0055,2025-07-12,1937.47,2681.88
CLM-003581,PAY-02,PRV-0019,2025-08-10,2011.94,1604.38
CLM-003582,PAY-02,PRV-0029,2025-07-13,4109.59,4460.33
CLM-003583,PAY-03,PRV-0010,2025-07-21,3183.73,2656.88
CLM-003584,PAY-02,PRV-0046,2025-07-02,374.08,2747.81
CLM-003585,PAY-04,PRV-0077,2025-08-03,2942.69,3268.4
CLM-003586,PAY-02,PRV-0064,2025-07-13,3094.22,2380.65
CLM-003587,PAY-04,PRV-0047,2025-08-04,1024.93,680.74
CLM-003588,PAY-02,PRV-0003,2025-07-01,2131.82,26.93
CLM-003589,PAY-04,PRV-0018,2025-08-03,910.35,184.45
CLM-003590,PAY-04,PRV-0044,2025-07-30,1673.99,504.05
CLM-003591,PAY-04,PRV-0021,2025-07-07,4074.19,1961.85
CLM-003592,PAY-03,PRV-0029,2025-07-22,3193.76,1136.68
CLM-003593,PAY-03,PRV-0070,2025-08-11,2260.69,499.43
CLM-003594,PAY-01,PRV-0021,2025-07-08,1084.99,1263.49
CLM-003595,PAY-02,PRV-0019,2025-08-11,3939.5,1844.29
CLM-003596,PAY-03,PRV-0015,2025-07-02,677.74,72.35
CLM-003597,PAY-04,PRV-0041,2025-07-09,4314.83,2176.24
CLM-003598,PAY-05,PRV-0004,2025-08-14,1128.7,3319.91
CLM-003599,PAY-03,PRV-0044,2025-07-16,1086.68,3982.33
CLM-003600,PAY-03,PRV-0010,2025-08-04,4818.04,3961.61
CLM-003601,PAY-03,PRV-0057,2025-07-24,1338.15,3603.87
CLM-003602,PAY-03,PRV-0010,2025-07-20,850.17,2880.96
CLM-003603,PAY-01,PRV-0054,2025-07-13,3325.62,2003.26
CLM-003604,PAY-02,PRV-0041,2025-07-24,3321.78,4124.48
CLM-003605,PAY-03,PRV-0012,2025-07-15,3830.44,3596.18
CLM-003606,PAY-03,PRV-0002,2025-07-13,3532.34,844.21
CLM-003607,PAY-04,PRV-0060,2025-08-03,4378.81,567.26
CLM-003608,PAY-02,PRV-0020,2025-07-19,3490.74,1399.53
CLM-003609,PAY-01,PRV-0080,2025-08-03,1410.69,3011.43
CLM-003610,PAY-02,PRV-0062,2025-07-27,4464.72,190.47
CLM-003611,PAY-03,PRV-0038,2025-07-24,738.58,1392.16
CLM-003612,PAY-03,PRV-0011,2025-07-29,4143.61,1683.41
CLM-003613,PAY-02,PRV-0026,2025-07-17,352.18,4421.05
CLM-003614,PAY-02,PRV-0049,2025-08-04,4543.88,3511.12
CLM-003615,PAY-03,PRV-0018,2025-07-31,4318.13,740.4
CLM-003616,PAY-03,PRV-0035,2025-07-12,1697.91,3870.03
CLM-003617,PAY-01,PRV-0022,2025-08-02,1735.56,4392.93
CLM-003618,PAY-02,PRV-0010,2025-08-12,2929.38,4024.23
CLM-003619,PAY-02,PRV-0049,2025-07-13,4560.17,4498.08
CLM-003620,PAY-02,PRV-0027,2025-08-09,3920.62,2365.45
CLM-003621,PAY-05,PRV-0058,2025-07-15,3943.18,530.68
CLM-003622,PAY-04,PRV-0037,2025-07-18,873.71,188.69
CLM-003623,PAY-05,PRV-0012,2025-07-21,3554.61,3033.24
CLM-003624,PAY-05,PRV-0004,2025-07-23,2745.97,673.95
CLM-003625,PAY-01,PRV-0077,2025-08-02,2351.33,2105.68
CLM-003626,PAY-05,PRV-0046,2025-07-17,2452.99,3936.78
CLM-003627,PAY-03,PRV-0038,2025-07-04,3606.71,3843.9
CLM-003628,PAY-05,PRV-0056,2025-07-14,2217.19,3992.07
CLM-003629,PAY-04,PRV-0020,2025-07-14,4590.32,223.78
CLM-003630,PAY-05,PRV-0062,2025-08-09,277.63,3819.74
CLM-003631,PAY-03,PRV-0074,2025-08-08,4729.79,2310.51
CLM-003632,PAY-03,PRV-0079,2025-07-12,1148.31,856.14
CLM-003633,PAY-03,PRV-0045,2025-07-24,1511.8,865.78
CLM-003634,PAY-05,PRV-0076,2025-08-01,655.44,682.26
CLM-003635,PAY-03,PRV-0016,2025-07-28,213.16,2501.21
CLM-003636,PAY-03,PRV-0065,2025-08-05,3296.9,3054.94
CLM-003637,PAY-03,PRV-0069,2025-07-15,791.67,3113.32
CLM-003638,PAY-04,PRV-0063,2025-07-01,355.77,2623.46
CLM-003639,PAY-01,PRV-0069,2025-07-19,2250.28,2001.24
CLM-003640,PAY-01,PRV-0024,2025-07-26,1690.33,2690.31
CLM-003641,PAY-02,PRV-0015,2025-07-26,1144.43,3191.19
CLM-003642,PAY-04,PRV-0038,2025-07-06,1952.12,2869.48
CLM-003643,PAY-05,PRV-0044,2025-07-03,3523.02,2003.1
CLM-003644,PAY-01,PRV-0048,2025-08-01,1543.13,169.4
CLM-003645,PAY-04,PRV-0051,2025-07-05,4857.44,3586.65
CLM-003646,PAY-05,PRV-0036,2025-07-17,3187.02,4101.3
CLM-003647,PAY-03,PRV-0008,2025-08-08,2598.04,2588.45
CLM-003648,PAY-02,PRV-0018,2025-07-30,1517.91,4285.7
CLM-003649,PAY-05,PRV-0072,2025-08-02,3525.76,1263.13
CLM-003650,PAY-05,PRV-0028,2025-07-18,560.48,2649.31
CLM-003651,PAY-04,PRV-0039,2025-07-28,2715.53,2575.04
CLM-003652,PAY-04,PRV-0035,2025-07-08,237.67,4067.51
CLM-003653,PAY-04,PRV-0071,2025-07-16,2084.24,2579.03
CLM-003654,PAY-05,PRV-0057,2025-07-09,1597.99,400.43
CLM-003655,PAY-04,PRV-0028,2025-07-18,231.02,1875.31
CLM-003656,PAY-04,PRV-0063,2025-08-04,4841.89,3706.79
CLM-003657,PAY-01,PRV-0047,2025-08-11,2347.53,2276.41
CLM-003658,PAY-01,PRV-0005,2025-08-14,4430.04,3889.22
CLM-003659,PAY-01,PRV-0023,2025-07-23,4224.21,2137.19
CLM-003660,PAY-02,PRV-0075,2025-08-12,2821.83,242.51
CLM-003661,PAY-03,PRV-0070,2025-08-03,4124.02,3092.29
CLM-003662,PAY-05,PRV-0075,2025-07-12,1728.83,1678.14
CLM-003663,PAY-01,PRV-0006,2025-07-28,3752.46,3414.8
CLM-003664,PAY-05,PRV-0019,2025-07-30,2077.5,3768.76
CLM-003665,PAY-03,PRV-0042,2025-07-18,3499.46,2412.46
CLM-003666,PAY-01,PRV-0017,2025-07-06,394.84,2026.35
CLM-003667,PAY-02,PRV-0024,2025-07-12,1451.87,1968.91
CLM-003668,PAY-03,PRV-0027,2025-07-18,982.93,1464.08
CLM-003669,PAY-04,PRV-0071,2025-07-04,3813.43,3816.17
CLM-003670,PAY-03,PRV-0016,2025-07-24,4026.62,560.76
CLM-003671,PAY-02,PRV-0044,2025-07-09,2055.28,2045.56
CLM-003672,PAY-02,PRV-0069,2025-07-19,4899.76,210.23
CLM-003673,PAY-05,PRV-0054,2025-07-17,3808.7,891.06
CLM-003674,PAY-01,PRV-0046,2025-07-18,3419.28,3030.26
CLM-003675,PAY-04,PRV-0061,2025-08-08,967.06,1501.64
CLM-003676,PAY-01,PRV-0077,2025-07-21,2933.25,2388.41
CLM-003677,PAY-04,PRV-0064,2025-08-04,3466.02,902.31
CLM-003678,PAY-03,PRV-0054,2025-08-04,4617.28,1550.86
CLM-003679,PAY-02,PRV-0066,2025-07-28,2474.59,723.29
CLM-003680,PAY-05,PRV-0031,2025-07-07,855.17,1551.42
CLM-003681,PAY-04,PRV-0061,2025-07-24,4999.9,3370.3
CLM-003682,PAY-01,PRV-0040,2025-08-13,502.12,1704.31
CLM-003683,PAY-02,PRV-0029,2025-07-08,3580.53,1138.66
CLM-003684,PAY-03,PRV-0024,2025-07-05,877.69,2189.17
CLM-003685,PAY-05,PRV-0036,2025-07-10,2673.66,3217.92
CLM-003686,PAY-01,PRV-0058,2025-07-18,711.96,4198.36
CLM-003687,PAY-05,PRV-0011,2025-07-15,2747.66,2683.76
CLM-003688,PAY-03,PRV-0074,2025-07-14,4928.02,906.13
CLM-003689,PAY-03,PRV-0008,2025-07-14,684.69,1175.68
CLM-003690,PAY-05,PRV-0059,2025-07-05,1341.57,2122.95
CLM-003691,PAY-03,PRV-0078,2025-08-12,4767.44,3159.56
CLM-003692,PAY-01,PRV-0049,2025-07-10,3397.11,3635.12
CLM-003693,PAY-02,PRV-0050,2025-08-01,1166.65,2427.1
CLM-003694,PAY-02,PRV-0048,2025-07-22,4157.95,3155.88
CLM-003695,PAY-05,PRV-0036,2025-08-01,2915.04,4261.21
CLM-003696,PAY-01,PRV-0068,2025-07-26,3031.44,2620.75
CLM-003697,PAY-04,PRV-0026,2025-07-23,219.9,1280.21
CLM-003698,PAY-04,PRV-0044,2025-07-19,4414.96,1142.85
CLM-003699,PAY-03,PRV-0013,2025-07-24,709.91,2549.11
CLM-003700,PAY-04,PRV-0060,2025-08-09,1758.89,1558.27
CLM-003701,PAY-05,PRV-0054,2025-07-16,3933.59,3583.33
CLM-003702,PAY-02,PRV-0006,2025-08-11,2384.53,1042.96
CLM-003703,PAY-01,PRV-0004,2025-07-13,4931.88,2573.09
CLM-003704,PAY-04,PRV-0070,2025-07-24,2742.95,3598.07
CLM-003705,PAY-02,PRV-0008,2025-08-10,163.28,3442.01
CLM-003706,PAY-03,PRV-0036,2025-08-13,3456.57,65.35
CLM-003707,PAY-04,PRV-0005,2025-08-08,2061.89,532.84
CLM-003708,PAY-04,PRV-0060,2025-07-10,3578.19,3450.68
CLM-003709,PAY-04,PRV-0060,2025-07-22,4068.06,991.58
CLM-003710,PAY-01,PRV-0068,2025-07-06,2474.76,828.3
CLM-003711,PAY-01,PRV-0033,2025-07-09,1732.21,1918.6
CLM-003712,PAY-05,PRV-0080,2025-08-09,1326.89,4339.92
CLM-003713,PAY-05,PRV-0021,2025-08-02,2571.32,3480.88
CLM-003714,PAY-01,PRV-0014,2025-08-08,1758.05,2487.41
CLM-003715,PAY-04,PRV-0062,2025-07-03,3163.87,2100.24
CLM-003716,PAY-01,PRV-0013,2025-08-10,4903.8,1822.5
CLM-003717,PAY-01,PRV-0069,2025-07-10,3627.48,2423.17
CLM-003718,PAY-02,PRV-0035,2025-07-16,1909.16,195.15
CLM-003719,PAY-05,PRV-0028,2025-07-06,2692.91,890.11
CLM-003720,PAY-04,PRV-0065,2025-07-29,2269.52,3277.52
CLM-003721,PAY-04,PRV-0071,2025-07-07,2287.97,3564.46
CLM-003722,PAY-02,PRV-0049,2025-08-05,3770.93,287.25
CLM-003723,PAY-02,PRV-0031,2025-07-10,4905.43,1931.95
CLM-003724,PAY-01,PRV-0052,2025-07-04,1045.63,114.18
CLM-003725,PAY-02,PRV-0064,2025-07-26,2191.88,4357.56
CLM-003726,PAY-04,PRV-0024,2025-07-23,566.67,149.07
CLM-003727,PAY-04,PRV-0058,2025-07-31,4813.93,2227.26
CLM-003728,PAY-05,PRV-0029,2025-07-18,1858.55,2015.03
CLM-003729,PAY-01,PRV-0017,2025-07-14,3826.3,1121.0
CLM-003730,PAY-05,PRV-0005,2025-07-03,1390.73,143.04
CLM-003731,PAY-04,PRV-0022,2025-07-27,1679.16,2910.22
CLM-003732,PAY-03,PRV-0024,2025-07-02,2406.37,4218.39
CLM-003733,PAY-04,PRV-0047,2025-07-29,2956.14,1508.72
CLM-003734,PAY-01,PRV-0013,2025-07-09,4754.3,1928.84
CLM-003735,PAY-05,PRV-0025,2025-07-05,108.01,649.32
CLM-003736,PAY-05,PRV-0004,2025-08-13,4619.85,1458.5
CLM-003737,PAY-04,PRV-0015,2025-07-08,274.38,3831.88
CLM-003738,PAY-03,PRV-0007,2025-07-12,651.07,2629.4
CLM-003739,PAY-01,PRV-0004,2025-07-01,3530.77,4495.05
CLM-003740,PAY-04,PRV-0051,2025-07-13,1666.91,1299.01
CLM-003741,PAY-02,PRV-0003,2025-07-30,4803.83,478.03
CLM-003742,PAY-05,PRV-0043,2025-07-10,1234.98,2893.33
CLM-003743,PAY-02,PRV-0011,2025-08-07,51.07,299.56
CLM-003744,PAY-03,PRV-0012,2025-07-22,4855.91,3659.78
CLM-003745,PAY-02,PRV-0033,2025-07-05,3616.56,1264.2
CLM-003746,PAY-04,PRV-0023,2025-07-14,4629.08,4245.37
CLM-003747,PAY-02,PRV-0037,2025-07-28,2230.08,3359.6
CLM-003748,PAY-03,PRV-0080,2025-07-16,4455.72,3641.35
CLM-003749,PAY-03,PRV-0060,2025-08-08,4992.02,1235.97
CLM-003750,PAY-01,PRV-0029,2025-07-11,3978.9,3415.96
CLM-003751,PAY-02,PRV-0013,2025-08-12,3348.0,3729.36
CLM-003752,PAY-05,PRV-0038,2025-07-20,3345.65,1630.1
CLM-003753,PAY-05,PRV-0069,2025-07-14,1630.62,4424.76
CLM-003754,PAY-05,PRV-0080,2025-07-16,3001.46,2772.66
CLM-003755,PAY-04,PRV-0017,2025-07-11,240.37,954.4
CLM-003756,PAY-03,PRV-0076,2025-07-03,409.1,3495.52
CLM-003757,PAY-01,PRV-0020,2025-07-12,4245.03,444.19
CLM-003758,PAY-01,PRV-0079,2025-07-16,4720.7,2913.33
CLM-003759,PAY-03,PRV-0024,2025-07-21,2004.83,4135.48
CLM-003760,PAY-04,PRV-0023,2025-08-14,4977.36,239.73
CLM-003761,PAY-01,PRV-0070,2025-08-03,4711.54,1627.91
CLM-003762,PAY-02,PRV-0021,2025-08-10,2260.55,1659.46
CLM-003763,PAY-04,PRV-0023,2025-07-23,2656.73,4142.04
CLM-003764,PAY-01,PRV-0034,2025-07-05,3737.44,3333.28
CLM-003765,PAY-02,PRV-0075,2025-08-10,4708.61,850.15
CLM-003766,PAY-01,PRV-0074,2025-07-03,650.86,1435.2
CLM-003767,PAY-01,PRV-0042,2025-07-21,1490.2,3390.5
CLM-003768,PAY-03,PRV-0009,2025-08-11,4981.62,1976.15
CLM-003769,PAY-04,PRV-0070,2025-07-15,4437.16,765.89
CLM-003770,PAY-03,PRV-0065,2025-07-09,2806.44,2539.54
CLM-003771,PAY-04,PRV-0004,2025-08-12,3157.75,2808.57
CLM-003772,PAY-05,PRV-0008,2025-07-22,4033.53,3062.02
CLM-003773,PAY-05,PRV-0060,2025-07-01,111.28,314.94
CLM-003774,PAY-02,PRV-0025,2025-08-05,2414.95,1649.93
CLM-003775,PAY-03,PRV-0052,2025-07-25,2105.96,3768.4
CLM-003776,PAY-01,PRV-0047,2025-07-15,1977.73,683.09
CLM-003777,PAY-04,PRV-0076,2025-07-28,71.23,746.33
CLM-003778,PAY-04,PRV-0053,2025-08-02,3327.63,3238.17
CLM-003779,PAY-01,PRV-0015,2025-08-03,4837.47,3229.27
CLM-003780,PAY-03,PRV-0055,2025-07-21,4683.06,2332.87
CLM-003781,PAY-05,PRV-0028,2025-07-26,2044.93,980.17
CLM-003782,PAY-05,PRV-0014,2025-08-02,1536.11,3744.32
CLM-003783,PAY-05,PRV-0028,2025-08-08,3943.98,1953.77
CLM-003784,PAY-03,PRV-0015,2025-07-15,2970.22,1164.46
CLM-003785,PAY-04,PRV-0022,2025-07-27,3920.52,3476.78
CLM-003786,PAY-01,PRV-0040,2025-07-29,477.71,723.03
CLM-003787,PAY-03,PRV-0073,2025-07-02,1285.14,3215.55
CLM-003788,PAY-02,PRV-0048,2025-07-31,3952.97,4375.71
CLM-003789,PAY-01,PRV-0020,2025-08-08,2580.49,2739.84
CLM-003790,PAY-02,PRV-0037,2025-07-27,3455.34,499.17
CLM-003791,PAY-03,PRV-0026,2025-08-03,2603.31,3249.66
CLM-003792,PAY-05,PRV-0057,2025-07-19,70.34,710.22
CLM-003793,PAY-03,PRV-0063,2025-08-11,1201.95,402.78
CLM-003794,PAY-05,PRV-0010,2025-07-09,2751.43,2539.22
CLM-003795,PAY-05,PRV-0031,2025-08-03,4775.34,1299.76
CLM-003796,PAY-03,PRV-0018,2025-08-09,3193.82,489.69
CLM-003797,PAY-05,PRV-0041,2025-08-03,4352.85,697.43
CLM-003798,PAY-05,PRV-0066,2025-07-23,4779.9,904.36
CLM-003799,PAY-02,PRV-0060,2025-07-23,1167.08,4369.4
CLM-003800,PAY-05,PRV-0015,2025-08-14,4256.79,573.42
CLM-003801,PAY-03,PRV-0052,2025-07-17,4494.19,1182.25
CLM-003802,PAY-05,PRV-0028,2025-07-18,2148.53,3789.41
CLM-003803,PAY-05,PRV-0030,2025-07-01,1939.03,1541.08
CLM-003804,PAY-04,PRV-0050,2025-07-26,3505.2,4252.68
CLM-003805,PAY-05,PRV-0039,2025-07-15,4841.69,3517.31
CLM-003806,PAY-02,PRV-0025,2025-07-18,2566.62,4036.53
CLM-003807,PAY-04,PRV-0014,2025-07-03,843.19,3799.51
CLM-003808,PAY-02,PRV-0039,2025-07-30,1911.55,286.46
CLM-003809,PAY-02,PRV-0059,2025-07-02,1239.5,40.31
CLM-003810,PAY-03,PRV-0038,2025-07-03,2023.89,1809.04
CLM-003811,PAY-04,PRV-0031,2025-07-07,2190.67,651.95
CLM-003812,PAY-05,PRV-0032,2025-07-11,1542.63,3165.62
CLM-003813,PAY-03,PRV-0051,2025-07-11,2528.07,3079.16
CLM-003814,PAY-03,PRV-0066,2025-07-13,2729.3,4265.17
CLM-003815,PAY-03,PRV-0072,2025-08-04,1879.16,372.51
CLM-003816,PAY-04,PRV-0016,2025-07-20,3736.32,132.57
CLM-003817,PAY-01,PRV-0079,2025-08-02,1578.57,4108.18
CLM-003818,PAY-05,PRV-0038,2025-07-20,4301.51,4492.67
CLM-003819,PAY-02,PRV-0023,2025-08-08,1024.46,4261.57
CLM-003820,PAY-02,PRV-0061,2025-08-14,2061.29,3498.25
CLM-003821,PAY-05,PRV-0028,2025-08-06,2186.54,3871.77
CLM-003822,PAY-01,PRV-0058,2025-07-06,3526.59,1335.65
CLM-003823,PAY-02,PRV-0061,2025-07-04,3799.39,3637.45
CLM-003824,PAY-01,PRV-0019,2025-07-13,4295.97,1827.26
CLM-003825,PAY-04,PRV-0030,2025-07-22,4830.33,3508.08
CLM-003826,PAY-04,PRV-0074,2025-07-22,2489.83,3825.26
CLM-003827,PAY-01,PRV-0056,2025-07-07,1335.27,1049.18
CLM-003828,PAY-01,PRV-0043,2025-08-10,4970.32,2557.48
CLM-003829,PAY-03,PRV-0076,2025-08-08,722.72,1903.45
CLM-003830,PAY-05,PRV-0016,2025-07-22,289.91,20.63
CLM-003831,PAY-01,PRV-0007,2025-08-04,4135.76,3420.43
CLM-003832,PAY-04,PRV-0015,2025-08-07,4501.4,1769.76
CLM-003833,PAY-01,PRV-0008,2025-08-04,2453.82,3793.85
CLM-003834,PAY-02,PRV-0027,2025-07-02,3675.87,1725.21
CLM-003835,PAY-05,PRV-0055,2025-07-02,4785.47,3469.74
CLM-003836,PAY-01,PRV-0037,2025-07-10,810.42,2299.49
CLM-003837,PAY-03,PRV-0050,2025-07-26,905.71,225.38
CLM-003838,PAY-02,PRV-0016,2025-08-05,33.19,1646.98
CLM-003839,PAY-01,PRV-0070,2025-08-11,2987.68,4123.17
CLM-003840,PAY-02,PRV-0031,2025-07-07,3979.43,3533.74
CLM-003841,PAY-03,PRV-0071,2025-07-28,3246.38,1687.64
CLM-003842,PAY-02,PRV-0014,2025-07-11,608.57,2138.61
CLM-003843,PAY-05,PRV-0014,2025-07-29,356.4,3240.04
CLM-003844,PAY-04,PRV-0077,2025-07-31,2692.24,3412.35
CLM-003845,PAY-02,PRV-0025,2025-07-23,55.65,3753.41
CLM-003846,PAY-01,PRV-0062,2025-07-22,3044.91,605.18
CLM-003847,PAY-05,PRV-0072,2025-07-04,4201.81,3486.98
CLM-003848,PAY-02,PRV-0038,2025-07-19,944.18,3236.01
CLM-003849,PAY-01,PRV-0079,2025-07-14,4956.74,2613.84
CLM-003850,PAY-01,PRV-0019,2025-07-31,3145.63,1793.95
CLM-003851,PAY-04,PRV-0057,2025-07-27,1750.23,2518.11
CLM-003852,PAY-05,PRV-0065,2025-07-28,4294.09,642.45
CLM-003853,PAY-05,PRV-0048,2025-07-25,3204.08,2209.64
CLM-003854,PAY-01,PRV-0078,2025-08-08,1876.43,1854.65
CLM-003855,PAY-05,PRV-0008,2025-07-24,4800.17,4192.27
CLM-003856,PAY-05,PRV-0068,2025-08-02,2516.78,3694.5
CLM-003857,PAY-01,PRV-0032,2025-07-25,959.58,744.77
CLM-003858,PAY-04,PRV-0077,2025-08-13,3152.39,1402.64
CLM-003859,PAY-04,PRV-0035,2025-08-08,2223.47,2322.4
CLM-003860,PAY-03,PRV-0074,2025-07-11,4296.89,366.01
CLM-003861,PAY-05,PRV-0051,2025-07-14,3048.43,1081.96
CLM-003862,PAY-03,PRV-0026,2025-08-05,4369.49,1458.32
CLM-003863,PAY-04,PRV-0051,2025-07-30,2298.5,3064.25
CLM-003864,PAY-02,PRV-0057,2025-07-28,4148.4,2131.6
CLM-003865,PAY-02,PRV-0040,2025-07-28,1773.59,3597.01
CLM-003866,PAY-03,PRV-0024,2025-07-21,1746.35,1140.01
CLM-003867,PAY-01,PRV-0010,2025-07-27,2590.25,262.41
CLM-003868,PAY-02,PRV-0069,2025-07-09,1132.12,3784.43
CLM-003869,PAY-02,PRV-0070,2025-08-02,522.43,3158.2
CLM-003870,PAY-04,PRV-0075,2025-07-13,277.44,4017.38
CLM-003871,PAY-04,PRV-0038,2025-07-02,1116.58,2131.46
CLM-003872,PAY-05,PRV-0032,2025-07-03,4806.93,2396.04
CLM-003873,PAY-04,PRV-0045,2025-07-02,1517.66,136.9
CLM-003874,PAY-04,PRV-0067,2025-08-14,4124.02,1684.08
CLM-003875,PAY-03,PRV-0061,2025-07-10,2675.01,1981.51
CLM-003876,PAY-05,PRV-0041,2025-08-01,259.71,2274.88
CLM-003877,PAY-02,PRV-0056,2025-07-30,1174.74,913.65
CLM-003878,PAY-04,PRV-0013,2025-07-22,4619.43,2699.88
CLM-003879,PAY-05,PRV-0029,2025-07-29,3644.11,4251.42
CLM-003880,PAY-04,PRV-0062,2025-07-23,4201.16,476.41
CLM-003881,PAY-02,PRV-0066,2025-07-20,766.2,332.53
CLM-003882,PAY-04,PRV-0031,2025-07-31,90.85,4321.88
CLM-003883,PAY-03,PRV-0026,2025-07-23,1008.95,144.74
CLM-003884,PAY-05,PRV-0015,2025-07-14,1061.02,1513.04
CLM-003885,PAY-02,PRV-0006,2025-07-29,1676.22,4131.53
CLM-003886,PAY-04,PRV-0049,2025-08-13,1092.71,2165.92
CLM-003887,PAY-04,PRV-0061,2025-07-28,120.21,93.94
CLM-003888,PAY-01,PRV-0033,2025-07-13,215.58,4278.54
CLM-003889,PAY-03,PRV-0015,2025-08-11,1865.55,294.33
CLM-003890,PAY-04,PRV-0009,2025-08-06,4321.68,1860.32
CLM-003891,PAY-01,PRV-0078,2025-07-29,1524.68,2146.67
CLM-003892,PAY-03,PRV-0007,2025-07-13,3832.6,869.58
CLM-003893,PAY-04,PRV-0034,2025-07-07,2400.83,2418.41
CLM-003894,PAY-05,PRV-0011,2025-07-01,4043.01,2222.82
CLM-003895,PAY-03,PRV-0046,2025-07-22,1076.77,2648.64
CLM-003896,PAY-02,PRV-0055,2025-07-22,2345.57,2961.77
CLM-003897,PAY-05,PRV-0050,2025-07-19,3038.0,1087.55
CLM-003898,PAY-03,PRV-0057,2025-07-28,1021.14,1400.95
CLM-003899,PAY-04,PRV-0004,2025-07-14,3421.79,1593.45
CLM-003900,PAY-01,PRV-0029,2025-07-31,524.27,2600.23
CLM-003901,PAY-01,PRV-0015,2025-08-13,4420.27,1014.13
CLM-003902,PAY-02,PRV-0013,2025-08-13,1549.17,1168.01
CLM-003903,PAY-01,PRV-0013,2025-08-02,2114.55,4007.31
CLM-003904,PAY-03,PRV-0068,2025-07-12,4333.94,319.87
CLM-003905,PAY-01,PRV-0024,2025-07-10,2874.13,2869.78
CLM-003906,PAY-03,PRV-0030,2025-08-02,889.07,3590.0
CLM-003907,PAY-03,PRV-0005,2025-07-02,3271.48,1636.58
CLM-003908,PAY-01,PRV-0074,2025-07-08,1280.92,2307.42
CLM-003909,PAY-05,PRV-0037,2025-08-08,359.51,237.3
CLM-003910,PAY-02,PRV-0021,2025-07-10,776.21,993.55
CLM-003911,PAY-01,PRV-0020,2025-07-14,1430.01,3203.13
CLM-003912,PAY-01,PRV-0008,2025-07-22,4444.7,2523.37
CLM-003913,PAY-01,PRV-0034,2025-08-03,4052.59,4234.42
CLM-003914,PAY-05,PRV-0080,2025-08-03,2545.42,2105.33
CLM-003915,PAY-04,PRV-0020,2025-07-31,3753.93,737.63
CLM-003916,PAY-01,PRV-0041,2025-07-11,3549.24,609.61
CLM-003917,PAY-03,PRV-0029,2025-07-21,3846.65,321.45
CLM-003918,PAY-04,PRV-0047,2025-07-05,3747.91,3131.77
CLM-003919,PAY-03,PRV-0037,2025-07-15,4074.84,1464.72
CLM-003920,PAY-03,PRV-0042,2025-07-01,2610.51,3179.48
CLM-003921,PAY-03,PRV-0008,2025-07-28,2113.29,1986.85
CLM-003922,PAY-02,PRV-0079,2025-07-12,1513.9,2346.43
CLM-003923,PAY-01,PRV-0047,2025-07-29,989.81,131.2
CLM-003924,PAY-01,PRV-0070,2025-08-06,4717.26,3216.37
CLM-003925,PAY-01,PRV-0079,2025-07-06,3412.43,257.61
CLM-003926,PAY-03,PRV-0048,2025-07-24,2407.35,2056.83
CLM-003927,PAY-02,PRV-0037,2025-08-14,923.73,1942.13
CLM-003928,PAY-05,PRV-0046,2025-08-05,2407.32,2679.45
CLM-003929,PAY-05,PRV-0029,2025-07-20,921.2,3394.8
CLM-003930,PAY-05,PRV-0017,2025-08-05,3241.53,1181.6
CLM-003931,PAY-05,PRV-0041,2025-08-09,296.92,654.24
CLM-003932,PAY-04,PRV-0021,2025-08-06,2493.37,646.52
CLM-003933,PAY-04,PRV-0066,2025-08-08,819.87,4454.88
CLM-003934,PAY-05,PRV-0037,2025-07-02,1317.66,2745.34
CLM-003935,PAY-04,PRV-0016,2025-07-05,4770.94,803.81
CLM-003936,PAY-02,PRV-0013,2025-07-08,3547.95,3217.45
CLM-003937,PAY-04,PRV-0011,2025-07-21,4155.5,523.25
CLM-003938,PAY-02,PRV-0005,2025-08-07,1584.3,326.71
CLM-003939,PAY-01,PRV-0038,2025-07-25,2923.56,877.06
CLM-003940,PAY-03,PRV-0007,2025-07-11,669.09,1058.61
CLM-003941,PAY-04,PRV-0038,2025-08-12,2286.93,1569.65
CLM-003942,PAY-01,PRV-0028,2025-07-20,4458.72,1373.15
CLM-003943,PAY-05,PRV-0016,2025-07-22,177.55,3475.65
CLM-003944,PAY-01,PRV-0079,2025-07-22,2936.51,813.78
CLM-003945,PAY-04,PRV-0076,2025-07-23,1334.12,228.91
CLM-003946,PAY-04,PRV-0002,2025-07-23,215.14,3748.69
CLM-003947,PAY-05,PRV-0053,2025-08-03,2145.28,3489.03
CLM-003948,PAY-01,PRV-0043,2025-07-15,235.5,2774.63
CLM-003949,PAY-01,PRV-0025,2025-07-26,1637.64,144.1
CLM-003950,PAY-01,PRV-0042,2025-07-26,3722.07,4346.92
CLM-003951,PAY-01,PRV-0061,2025-07-09,1432.37,2201.42
CLM-003952,PAY-02,PRV-0068,2025-07-16,4101.71,1962.93
CLM-003953,PAY-04,PRV-0045,2025-07-20,1437.94,4259.22
CLM-003954,PAY-01,PRV-0070,2025-07-09,2678.03,93.67
CLM-003955,PAY-04,PRV-0080,2025-08-09,888.78,1908.61
CLM-003956,PAY-01,PRV-0048,2025-07-25,4907.04,1491.12
CLM-003957,PAY-05,PRV-0036,2025-08-12,4861.58,402.22
CLM-003958,PAY-04,PRV-0061,2025-07-19,2139.78,3557.88
CLM-003959,PAY-03,PRV-0045,2025-07-29,249.16,3508.91
CLM-003960,PAY-01,PRV-0015,2025-07-16,193.54,2742.86
CLM-003961,PAY-05,PRV-0011,2025-07-21,3203.31,823.79
CLM-003962,PAY-04,PRV-0076,2025-08-06,991.15,1294.59
CLM-003963,PAY-02,PRV-0064,2025-07-25,4701.9,219.89
CLM-003964,PAY-01,PRV-0046,2025-07-12,3291.27,2745.27
CLM-003965,PAY-03,PRV-0055,2025-08-07,2299.07,956.47
CLM-003966,PAY-04,PRV-0074,2025-08-11,3686.12,555.85
CLM-003967,PAY-03,PRV-0040,2025-07-24,74.28,2300.07
CLM-003968,PAY-03,PRV-0077,2025-08-07,2302.78,424.08
CLM-003969,PAY-03,PRV-0072,2025-07-15,716.8,4083.17
CLM-003970,PAY-03,PRV-0051,2025-07-12,2453.37,1164.76
CLM-003971,PAY-03,PRV-0008,2025-07-17,3924.15,1898.11
CLM-003972,PAY-05,PRV-0041,2025-07-11,1589.11,3939.83
CLM-003973,PAY-04,PRV-0077,2025-07-28,1829.65,1234.49
CLM-003974,PAY-01,PRV-0013,2025-08-06,1516.2,2538.47
CLM-003975,PAY-05,PRV-0009,2025-07-11,4482.67,4434.26
CLM-003976,PAY-03,PRV-0021,2025-08-05,2616.31,3468.38
CLM-003977,PAY-02,PRV-0012,2025-07-04,1788.24,3614.89
CLM-003978,PAY-02,PRV-0010,2025-07-04,4120.92,904.12
CLM-003979,PAY-05,PRV-0024,2025-08-09,1397.81,1867.07
CLM-003980,PAY-02,PRV-0079,2025-07-31,1723.9,2025.04
CLM-003981,PAY-03,PRV-0079,2025-07-25,3752.37,3903.39
CLM-003982,PAY-05,PRV-0040,2025-07-22,3609.76,3708.22
CLM-003983,PAY-04,PRV-0004,2025-07-03,323.58,3844.06
CLM-003984,PAY-02,PRV-0069,2025-08-10,3131.98,3304.36
CLM-003985,PAY-04,PRV-0041,2025-07-01,3109.21,699.9
CLM-003986,PAY-01,PRV-0023,2025-07-09,4132.17,1075.94
CLM-003987,PAY-01,PRV-0004,2025-07-09,3403.29,2108.18
CLM-003988,PAY-03,PRV-0038,2025-07-17,4860.65,1296.34
CLM-003989,PAY-05,PRV-0001,2025-08-06,4741.32,2676.23
CLM-003990,PAY-02,PRV-0067,2025-07-29,3886.3,3075.87
CLM-003991,PAY-01,PRV-0011,2025-07-08,3187.94,2522.71
CLM-003992,PAY-03,PRV-0053,2025-07-09,1276.8,2450.76
CLM-003993,PAY-04,PRV-0007,2025-07-14,3789.85,3282.3
CLM-003994,PAY-02,PRV-0048,2025-07-26,4117.08,1049.76
CLM-003995,PAY-01,PRV-0018,2025-07-18,3161.71,4308.03
CLM-003996,PAY-04,PRV-0050,2025-07-08,4919.21,2083.7
CLM-003997,PAY-04,PRV-0014,2025-07-11,382.95,1641.46
CLM-003998,PAY-03,PRV-0023,2025-08-04,4828.87,2749.68
CLM-003999,PAY-02,PRV-0040,2025-07-03,4471.95,1521.65
CLM-004000,PAY-01,PRV-0042,2025-07-22,4011.92,1152.63
CLM-004001,PAY-02,PRV-0073,2025-08-07,2541.1,4200.39
CLM-004002,PAY-01,PRV-0026,2025-07-31,3968.13,2435.02
CLM-004003,PAY-03,PRV-0062,2025-07-29,2041.53,4203.98
CLM-004004,PAY-03,PRV-0078,2025-08-05,389.16,3685.25
CLM-004005,PAY-05,PRV-0020,2025-08-07,1319.19,635.23
CLM-004006,PAY-05,PRV-0027,2025-07-29,1645.11,4047.04
CLM-004007,PAY-02,PRV-0018,2025-07-18,4103.6,4449.56
CLM-004008,PAY-05,PRV-0059,2025-07-28,2539.24,911.97
CLM-004009,PAY-02,PRV-0035,2025-07-16,4452.68,20.48
CLM-004010,PAY-04,PRV-0007,2025-08-04,3680.49,3177.37
CLM-004011,PAY-03,PRV-0007,2025-08-01,2552.2,4412.13
CLM-004012,PAY-02,PRV-0029,2025-07-04,3991.33,1733.68
CLM-004013,PAY-02,PRV-0028,2025-07-01,680.74,2335.27
CLM-004014,PAY-03,PRV-0027,2025-07-09,2063.53,3322.84
CLM-004015,PAY-02,PRV-0071,2025-07-01,2488.33,3380.1
CLM-004016,PAY-04,PRV-0057,2025-07-09,3006.79,3100.94
CLM-004017,PAY-01,PRV-0058,2025-07-03,2692.5,3542.12
CLM-004018,PAY-02,PRV-0027,2025-07-30,78.37,3523.19
CLM-004019,PAY-01,PRV-0002,2025-08-04,4201.29,4011.38
CLM-004020,PAY-01,PRV-0054,2025-07-25,1287.92,385.68
CLM-004021,PAY-01,PRV-0072,2025-07-21,4402.23,1862.26
CLM-004022,PAY-04,PRV-0001,2025-07-18,3148.68,4487.63
CLM-004023,PAY-01,PRV-0033,2025-08-11,1162.15,4277.6
CLM-004024,PAY-04,PRV-0007,2025-08-13,4880.45,2278.75
CLM-004025,PAY-04,PRV-0023,2025-08-05,498.22,3898.13
CLM-004026,PAY-03,PRV-0032,2025-07-07,3822.75,4409.76
CLM-004027,PAY-04,PRV-0057,2025-08-08,4332.89,2879.3
CLM-004028,PAY-02,PRV-0031,2025-07-22,2734.3,3919.63
CLM-004029,PAY-04,PRV-0021,2025-08-12,1978.09,3002.37
CLM-004030,PAY-02,PRV-0073,2025-07-24,4940.93,551.51
CLM-004031,PAY-05,PRV-0014,2025-08-08,2008.19,879.99
CLM-004032,PAY-01,PRV-0064,2025-07-29,1022.8,3291.52
CLM-004033,PAY-05,PRV-0028,2025-07-29,3897.11,1482.32
CLM-004034,PAY-04,PRV-0012,2025-08-06,1403.34,4167.91
CLM-004035,PAY-01,PRV-0056,2025-08-10,3379.14,196.19
CLM-004036,PAY-03,PRV-0022,2025-07-10,2411.26,1523.84
CLM-004037,PAY-02,PRV-0036,2025-07-14,2567.58,3474.04
CLM-004038,PAY-04,PRV-0045,2025-08-10,4348.99,3548.62
CLM-004039,PAY-03,PRV-0078,2025-08-05,354.18,134.87
CLM-004040,PAY-02,PRV-0037,2025-07-11,1408.5,1425.83
CLM-004041,PAY-05,PRV-0045,2025-07-11,3191.19,328.19
CLM-004042,PAY-03,PRV-0045,2025-07-17,760.6,164.32
CLM-004043,PAY-02,PRV-0034,2025-07-11,1243.98,3631.59
CLM-004044,PAY-01,PRV-0068,2025-08-01,1975.48,475.23
CLM-004045,PAY-01,PRV-0009,2025-07-19,4020.65,934.11
CLM-004046,PAY-02,PRV-0047,2025-07-02,3912.81,3747.39
CLM-004047,PAY-01,PRV-0074,2025-07-20,3294.58,2923.59
CLM-004048,PAY-03,PRV-0003,2025-07-31,557.86,4038.55
CLM-004049,PAY-04,PRV-0064,2025-07-16,2466.86,951.72
CLM-004050,PAY-03,PRV-0012,2025-07-10,1055.12,3300.32
CLM-004051,PAY-04,PRV-0068,2025-07-17,4265.27,1663.65
CLM-004052,PAY-04,PRV-0009,2025-08-08,4314.99,3421.38
CLM-004053,PAY-01,PRV-0079,2025-08-10,3602.56,1048.61
CLM-004054,PAY-02,PRV-0041,2025-07-08,1074.29,417.14
CLM-004055,PAY-05,PRV-0020,2025-08-12,3746.73,2885.36
CLM-004056,PAY-04,PRV-0021,2025-08-13,3488.63,1859.72
CLM-004057,PAY-05,PRV-0001,2025-07-12,1728.46,2472.18
CLM-004058,PAY-04,PRV-0023,2025-07-08,1230.25,2643.5
CLM-004059,PAY-05,PRV-0037,2025-08-12,1172.68,3601.55
CLM-004060,PAY-04,PRV-0051,2025-08-05,2709.7,1908.19
CLM-004061,PAY-05,PRV-0014,2025-07-30,2102.7,4317.14
CLM-004062,PAY-04,PRV-0069,2025-08-02,3753.0,103.84
CLM-004063,PAY-04,PRV-0031,2025-07-01,1773.75,496.4
CLM-004064,PAY-02,PRV-0034,2025-07-26,4136.16,2638.59
CLM-004065,PAY-05,PRV-0074,2025-07-28,422.41,2137.28
CLM-004066,PAY-04,PRV-0080,2025-07-01,469.74,185.69
CLM-004067,PAY-04,PRV-0070,2025-07-10,1140.02,2108.92
CLM-004068,PAY-03,PRV-0047,2025-07-06,4525.35,4165.68
CLM-004069,PAY-03,PRV-0012,2025-08-09,588.54,1233.95
CLM-004070,PAY-03,PRV-0063,2025-07-09,166.53,2447.69
CLM-004071,PAY-05,PRV-0052,2025-07-31,3014.86,4095.41
CLM-004072,PAY-03,PRV-0029,2025-07-05,4058.02,3499.37
CLM-004073,PAY-01,PRV-0060,2025-07-19,967.96,896.53
CLM-004074,PAY-02,PRV-0062,2025-07-11,3682.64,1125.65
CLM-004075,PAY-01,PRV-0065,2025-08-09,566.98,2350.32
CLM-004076,PAY-05,PRV-0002,2025-07-12,484.01,2344.7
CLM-004077,PAY-02,PRV-0050,2025-07-17,667.73,1655.62
CLM-004078,PAY-01,PRV-0025,2025-08-01,1913.87,1658.7
CLM-004079,PAY-03,PRV-0030,2025-07-13,851.24,1429.06
CLM-004080,PAY-05,PRV-0072,2025-07-05,3128.55,3264.85
CLM-004081,PAY-05,PRV-0079,2025-08-11,2493.33,4423.03
CLM-004082,PAY-05,PRV-0064,2025-07-29,1478.11,286.48
CLM-004083,PAY-03,PRV-0073,2025-08-06,2177.06,920.57
CLM-004084,PAY-05,PRV-0013,2025-07-18,335.96,1015.91
CLM-004085,PAY-05,PRV-0051,2025-07-04,1007.45,1768.17
CLM-004086,PAY-01,PRV-0071,2025-08-11,4121.33,48.64
CLM-004087,PAY-01,PRV-0006,2025-08-05,1462.27,4383.18
CLM-004088,PAY-01,PRV-0050,2025-07-22,2452.28,4086.65
CLM-004089,PAY-01,PRV-0080,2025-07-15,2774.48,1432.94
CLM-004090,PAY-04,PRV-0050,2025-07-03,1234.17,1399.9
CLM-004091,PAY-02,PRV-0046,2025-07-10,1277.4,1193.05
CLM-004092,PAY-02,PRV-0071,2025-08-11,555.9,4311.08
CLM-004093,PAY-04,PRV-0025,2025-08-09,1833.37,4293.98
CLM-004094,PAY-05,PRV-0039,2025-08-06,1065.82,784.48
CLM-004095,PAY-01,PRV-0047,2025-08-02,1088.75,1320.64
CLM-004096,PAY-04,PRV-0002,2025-07-23,3030.93,1465.83
CLM-004097,PAY-03,PRV-0043,2025-07-21,461.41,1658.42
CLM-004098,PAY-05,PRV-0018,2025-07-02,81.03,3157.53
CLM-004099,PAY-03,PRV-0065,2025-08-05,983.95,2229.57
CLM-004100,PAY-02,PRV-0050,2025-07-03,2848.78,2121.87
CLM-004101,PAY-04,PRV-0032,2025-07-23,507.19,3002.38
CLM-004102,PAY-03,PRV-0007,2025-08-05,4159.33,1603.24
CLM-004103,PAY-02,PRV-0033,2025-07-30,2467.12,3779.91
CLM-004104,PAY-02,PRV-0038,2025-08-11,2457.24,1914.32
CLM-004105,PAY-05,PRV-0065,2025-08-08,3853.47,4375.34
CLM-004106,PAY-01,PRV-0047,2025-08-10,4646.07,2900.47
CLM-004107,PAY-05,PRV-0076,2025-07-23,4693.17,1342.78
CLM-004108,PAY-05,PRV-0038,2025-07-02,3604.98,231.97
CLM-004109,PAY-04,PRV-0032,2025-08-09,1731.76,758.27
CLM-004110,PAY-05,PRV-0068,2025-07-02,1283.81,944.54
CLM-004111,PAY-05,PRV-0032,2025-08-08,1595.47,3914.79
CLM-004112,PAY-02,PRV-0019,2025-07-05,4372.36,73.1
CLM-004113,PAY-04,PRV-0056,2025-08-04,2034.25,2562.56
CLM-004114,PAY-04,PRV-0038,2025-07-02,4992.88,278.41
CLM-004115,PAY-02,PRV-0068,2025-07-13,2591.09,4195.76
CLM-004116,PAY-05,PRV-0077,2025-07-31,683.64,2309.1
CLM-004117,PAY-03,PRV-0010,2025-08-13,3197.21,4457.47
CLM-004118,PAY-05,PRV-0002,2025-07-08,2234.19,768.35
CLM-004119,PAY-04,PRV-0064,2025-07-04,4366.04,909.09
CLM-004120,PAY-04,PRV-0043,2025-08-04,3019.54,790.58
CLM-004121,PAY-02,PRV-0007,2025-07-14,3402.57,1939.39
CLM-004122,PAY-04,PRV-0079,2025-08-08,4339.76,1495.07
CLM-004123,PAY-01,PRV-0030,2025-07-07,602.16,2224.73
CLM-004124,PAY-05,PRV-0052,2025-07-19,3606.35,2829.04
CLM-004125,PAY-02,PRV-0015,2025-08-12,2278.62,1336.0
CLM-004126,PAY-01,PRV-0013,2025-08-01,1819.95,476.13
CLM-004127,PAY-05,PRV-0054,2025-07-15,714.21,1659.25
CLM-004128,PAY-01,PRV-0025,2025-07-31,1750.61,111.5
CLM-004129,PAY-03,PRV-0003,2025-07-22,4278.03,4430.26
CLM-004130,PAY-03,PRV-0061,2025-07-06,1230.54,3386.66
CLM-004131,PAY-01,PRV-0014,2025-08-04,2567.79,685.08
CLM-004132,PAY-01,PRV-0053,2025-07-20,3426.24,1159.11
CLM-004133,PAY-03,PRV-0015,2025-07-16,2852.96,579.42
CLM-004134,PAY-02,PRV-0054,2025-07-16,85.05,1496.07
CLM-004135,PAY-03,PRV-0016,2025-07-08,4921.54,612.27
CLM-004136,PAY-03,PRV-0057,2025-07-20,616.28,714.73
CLM-004137,PAY-02,PRV-0055,2025-08-01,1652.35,2594.91
CLM-004138,PAY-03,PRV-0036,2025-08-03,869.19,2777.28
CLM-004139,PAY-05,PRV-0010,2025-07-07,4841.02,4339.27
CLM-004140,PAY-03,PRV-0040,2025-07-12,4011.22,3409.52
CLM-004141,PAY-01,PRV-0035,2025-07-21,1715.86,748.99
CLM-004142,PAY-05,PRV-0035,2025-07-01,4170.35,4170.87
CLM-004143,PAY-02,PRV-0049,2025-08-02,1179.97,1049.57
CLM-004144,PAY-01,PRV-0006,2025-07-07,4766.57,1163.25
CLM-004145,PAY-04,PRV-0036,2025-07-18,2010.42,234.46
CLM-004146,PAY-04,PRV-0001,2025-07-23,1540.55,1758.21
CLM-004147,PAY-04,PRV-0053,2025-07-15,4437.73,537.82
CLM-004148,PAY-01,PRV-0061,2025-07-09,574.88,2651.53
CLM-004149,PAY-05,PRV-0028,2025-07-17,4501.68,2948.8
CLM-004150,PAY-05,PRV-0027,2025-07-16,3528.83,2318.48
CLM-004151,PAY-02,PRV-0041,2025-08-01,1352.47,459.1
CLM-004152,PAY-02,PRV-0050,2025-07-01,732.44,3019.48
CLM-004153,PAY-02,PRV-0067,2025-07-21,478.31,4087.92
CLM-004154,PAY-04,PRV-0015,2025-07-21,899.57,1257.73
CLM-004155,PAY-02,PRV-0035,2025-07-30,2463.0,2071.02
CLM-004156,PAY-03,PRV-0050,2025-07-11,4130.34,3181.37
CLM-004157,PAY-03,PRV-0036,2025-07-26,2435.19,1736.1
CLM-004158,PAY-05,PRV-0067,2025-07-07,3555.55,2210.91
CLM-004159,PAY-05,PRV-0078,2025-08-10,3600.9,1299.21
CLM-004160,PAY-04,PRV-0044,2025-07-15,3841.71,2420.17
CLM-004161,PAY-03,PRV-0062,2025-07-26,1594.82,4022.55
CLM-004162,PAY-04,PRV-0043,2025-07-07,2982.05,3552.57
CLM-004163,PAY-05,PRV-0072,2025-08-05,167.8,4119.27
CLM-004164,PAY-01,PRV-0013,2025-07-25,1977.2,3320.04
CLM-004165,PAY-02,PRV-0018,2025-07-25,1873.75,3719.02
CLM-004166,PAY-05,PRV-0027,2025-07-24,577.57,2433.52
CLM-004167,PAY-04,PRV-0060,2025-07-14,1027.54,4438.21
CLM-004168,PAY-05,PRV-0010,2025-07-26,196.52,442.31
CLM-004169,PAY-02,PRV-0012,2025-07-24,4113.76,1518.35
CLM-004170,PAY-01,PRV-0061,2025-08-01,4305.13,2498.5
CLM-004171,PAY-03,PRV-0070,2025-08-14,4513.37,3584.79
CLM-004172,PAY-03,PRV-0031,2025-07-06,3934.48,2825.72
CLM-004173,PAY-04,PRV-0006,2025-07-14,3979.58,228.5
CLM-004174,PAY-05,PRV-0017,2025-08-14,4280.87,2552.68
CLM-004175,PAY-03,PRV-0041,2025-08-03,3043.33,3646.46
CLM-004176,PAY-02,PRV-0028,2025-07-22,401.84,938.31
CLM-004177,PAY-04,PRV-0036,2025-08-09,4560.15,1284.4
CLM-004178,PAY-03,PRV-0024,2025-08-07,1011.55,2839.06
CLM-004179,PAY-02,PRV-0002,2025-08-12,1130.29,947.16
CLM-004180,PAY-03,PRV-0045,2025-07-02,124.97,3936.2
CLM-004181,PAY-05,PRV-0027,2025-07-30,4864.92,281.62
CLM-004182,PAY-05,PRV-0040,2025-08-13,3780.51,3113.21
CLM-004183,PAY-05,PRV-0040,2025-08-05,345.59,3161.76
CLM-004184,PAY-05,PRV-0052,2025-07-26,4535.24,963.14
CLM-004185,PAY-02,PRV-0021,2025-08-06,1634.15,3668.49
CLM-004186,PAY-03,PRV-0072,2025-07-13,4696.27,94.11
CLM-004187,PAY-01,PRV-0064,2025-07-30,2318.29,2425.55
CLM-004188,PAY-02,PRV-0013,2025-08-09,3684.52,2375.09
CLM-004189,PAY-02,PRV-0033,2025-07-15,3728.2,64.17
CLM-004190,PAY-05,PRV-0074,2025-07-20,3432.53,286.21
CLM-004191,PAY-03,PRV-0058,2025-07-28,1376.85,2507.02
CLM-004192,PAY-03,PRV-0041,2025-08-03,2411.47,1828.37
CLM-004193,PAY-01,PRV-0060,2025-08-04,2195.65,4399.85
CLM-004194,PAY-01,PRV-0006,2025-07-14,3348.74,1676.59
CLM-004195,PAY-04,PRV-0058,2025-08-12,1435.28,1605.33
CLM-004196,PAY-03,PRV-0076,2025-07-31,3119.71,1223.69
CLM-004197,PAY-04,PRV-0005,2025-07-02,4446.79,1285.54
CLM-004198,PAY-02,PRV-0031,2025-07-15,393.21,300.41
CLM-004199,PAY-05,PRV-0004,2025-08-08,2020.11,3988.52
CLM-004200,PAY-01,PRV-0066,2025-07-25,647.52,703.02
CLM-004201,PAY-05,PRV-0010,2025-07-21,1206.24,606.13
CLM-004202,PAY-02,PRV-0071,2025-08-06,589.83,1930.01
CLM-004203,PAY-02,PRV-0077,2025-08-05,565.36,2253.83
CLM-004204,PAY-01,PRV-0002,2025-07-24,1841.38,1666.97
CLM-004205,PAY-02,PRV-0023,2025-08-08,3604.23,3190.96
CLM-004206,PAY-05,PRV-0037,2025-08-02,3086.46,839.41
CLM-004207,PAY-05,PRV-0010,2025-07-29,3860.83,2184.87
CLM-004208,PAY-02,PRV-0058,2025-07-31,2425.49,570.62
CLM-004209,PAY-01,PRV-0034,2025-07-12,3247.92,2414.48
CLM-004210,PAY-01,PRV-0076,2025-07-11,387.86,618.26
CLM-004211,PAY-02,PRV-0042,2025-07-09,1157.45,1752.18
CLM-004212,PAY-01,PRV-0054,2025-07-06,3116.65,4254.7
CLM-004213,PAY-02,PRV-0068,2025-07-30,2245.03,551.1
CLM-004214,PAY-02,PRV-0056,2025-07-01,3043.45,3492.24
CLM-004215,PAY-01,PRV-0064,2025-08-14,4467.16,4287.54
CLM-004216,PAY-04,PRV-0067,2025-07-08,2493.59,709.65
CLM-004217,PAY-03,PRV-0018,2025-07-12,1258.27,4353.74
CLM-004218,PAY-03,PRV-0042,2025-08-14,361.46,2744.87
CLM-004219,PAY-02,PRV-0035,2025-07-06,1185.75,188.58
CLM-004220,PAY-01,PRV-0062,2025-07-30,4141.94,1807.14
CLM-004221,PAY-02,PRV-0012,2025-07-16,3706.27,2478.11
CLM-004222,PAY-03,PRV-0074,2025-08-10,2781.6,314.93
CLM-004223,PAY-02,PRV-0011,2025-07-13,3253.55,3723.28
CLM-004224,PAY-04,PRV-0021,2025-07-13,1193.97,2780.66
CLM-004225,PAY-01,PRV-0077,2025-08-12,46.72,3980.78
CLM-004226,PAY-03,PRV-0045,2025-07-25,558.35,414.82
CLM-004227,PAY-05,PRV-0046,2025-07-13,2143.06,1743.7
CLM-004228,PAY-02,PRV-0037,2025-07-24,2660.36,449.77
CLM-004229,PAY-05,PRV-0057,2025-07-24,2994.3,2378.83
CLM-004230,PAY-04,PRV-0009,2025-07-06,3665.58,3665.18
CLM-004231,PAY-03,PRV-0005,2025-07-07,4626.74,4057.21
CLM-004232,PAY-01,PRV-0042,2025-07-31,1545.66,3406.59
CLM-004233,PAY-03,PRV-0021,2025-07-19,1720.36,3123.67
CLM-004234,PAY-03,PRV-0065,2025-07-12,2069.31,2221.92
CLM-004235,PAY-04,PRV-0017,2025-08-11,3380.71,3167.61
CLM-004236,PAY-03,PRV-0078,2025-08-09,3089.3,2589.04
CLM-004237,PAY-03,PRV-0060,2025-07-20,2283.35,477.5
CLM-004238,PAY-02,PRV-0041,2025-07-15,3313.43,2533.6
CLM-004239,PAY-02,PRV-0071,2025-08-14,4739.17,2179.99
CLM-004240,PAY-03,PRV-0059,2025-07-17,253.93,2030.55
CLM-004241,PAY-04,PRV-0057,2025-07-01,2085.29,260.21
CLM-004242,PAY-03,PRV-0066,2025-08-09,1476.99,2390.54
CLM-004243,PAY-03,PRV-0021,2025-07-10,4556.0,1950.03
CLM-004244,PAY-01,PRV-0060,2025-07-03,2073.84,3817.43
CLM-004245,PAY-04,PRV-0065,2025-08-01,3744.39,3969.23
CLM-004246,PAY-04,PRV-0075,2025-07-02,3988.01,3174.2
CLM-004247,PAY-05,PRV-0063,2025-08-06,4393.92,3784.7
CLM-004248,PAY-05,PRV-0051,2025-07-16,2848.66,4398.24
CLM-004249,PAY-04,PRV-0067,2025-08-09,3653.71,639.55
CLM-004250,PAY-03,PRV-0032,2025-08-06,2585.95,1211.4
CLM-004251,PAY-05,PRV-0054,2025-07-12,1390.23,1828.67
CLM-004252,PAY-01,PRV-0011,2025-07-01,2039.77,2404.06
CLM-004253,PAY-01,PRV-0029,2025-08-04,4866.77,4316.35
CLM-004254,PAY-03,PRV-0029,2025-07-27,2014.92,3855.57
CLM-004255,PAY-03,PRV-0042,2025-07-27,4267.56,3243.83
CLM-004256,PAY-05,PRV-0055,2025-07-06,4300.63,729.33
CLM-004257,PAY-03,PRV-0006,2025-07-09,1838.66,3975.29
CLM-004258,PAY-03,PRV-0004,2025-07-10,3387.1,2618.2
CLM-004259,PAY-05,PRV-0051,2025-07-13,3877.8,189.11
CLM-004260,PAY-01,PRV-0069,2025-07-11,2756.83,1980.6
CLM-004261,PAY-05,PRV-0022,2025-07-02,3802.31,719.86
CLM-004262,PAY-02,PRV-0051,2025-07-14,1226.91,1857.61
CLM-004263,PAY-01,PRV-0003,2025-07-18,3507.01,2946.72
CLM-004264,PAY-03,PRV-0057,2025-07-18,117.22,1379.27
CLM-004265,PAY-05,PRV-0072,2025-08-01,939.04,2814.59
CLM-004266,PAY-01,PRV-0041,2025-07-06,508.76,3961.57
CLM-004267,PAY-05,PRV-0035,2025-07-21,4475.47,1042.61
CLM-004268,PAY-04,PRV-0032,2025-07-03,2653.21,104.35
CLM-004269,PAY-01,PRV-0059,2025-07-27,3442.69,845.34
CLM-004270,PAY-04,PRV-0075,2025-07-24,1408.84,3342.67
CLM-004271,PAY-04,PRV-0034,2025-07-12,4448.09,3790.7
CLM-004272,PAY-04,PRV-0042,2025-08-08,3316.58,732.55
CLM-004273,PAY-01,PRV-0058,2025-07-09,2498.51,884.45
CLM-004274,PAY-05,PRV-0074,2025-07-11,1474.53,3613.19
CLM-004275,PAY-01,PRV-0044,2025-07-10,4164.44,2869.53
CLM-004276,PAY-03,PRV-0064,2025-07-09,2573.94,2297.73
CLM-004277,PAY-01,PRV-0044,2025-08-13,1327.83,2556.25
CLM-004278,PAY-04,PRV-0025,2025-07-04,3459.45,2483.42
CLM-004279,PAY-03,PRV-0071,2025-07-28,118.5,1433.35
CLM-004280,PAY-05,PRV-0043,2025-07-02,4804.87,1133.68
CLM-004281,PAY-02,PRV-0045,2025-07-24,1719.13,4112.08
CLM-004282,PAY-05,PRV-0032,2025-08-09,3987.17,1402.81
CLM-004283,PAY-02,PRV-0050,2025-07-25,3801.69,2425.55
CLM-004284,PAY-04,PRV-0037,2025-07-13,1341.59,3862.32
CLM-004285,PAY-04,PRV-0054,2025-08-14,4236.45,4303.63
CLM-004286,PAY-04,PRV-0077,2025-07-15,1175.56,1147.55
CLM-004287,PAY-04,PRV-0044,2025-07-08,1100.64,2975.66
CLM-004288,PAY-02,PRV-0029,2025-08-03,222.32,4051.35
CLM-004289,PAY-02,PRV-0022,2025-07-15,4366.8,2028.59
CLM-004290,PAY-01,PRV-0075,2025-07-23,925.22,3869.05
CLM-004291,PAY-04,PRV-0073,2025-07-06,2344.38,2157.18
CLM-004292,PAY-03,PRV-0042,2025-07-29,1276.8,2844.17
CLM-004293,PAY-04,PRV-0011,2025-08-11,2544.67,1613.5
CLM-004294,PAY-02,PRV-0044,2025-07-07,202.36,2196.91
CLM-004295,PAY-01,PRV-0053,2025-07-07,616.04,172.12
CLM-004296,PAY-03,PRV-0008,2025-08-05,298.3,3814.2
CLM-004297,PAY-01,PRV-0039,2025-07-01,1608.41,3574.89
CLM-004298,PAY-05,PRV-0061,2025-07-21,2897.49,3633.82
CLM-004299,PAY-04,PRV-0050,2025-07-14,416.81,3286.64
CLM-004300,PAY-03,PRV-0023,2025-07-09,3402.61,4352.58
CLM-004301,PAY-02,PRV-0057,2025-08-06,4537.68,72.82
CLM-004302,PAY-03,PRV-0071,2025-07-14,4523.44,210.64
CLM-004303,PAY-03,PRV-0017,2025-08-13,3151.09,3021.9
CLM-004304,PAY-05,PRV-0074,2025-08-03,3515.84,671.64
CLM-004305,PAY-03,PRV-0013,2025-07-19,1062.65,1904.01
CLM-004306,PAY-05,PRV-0040,2025-07-22,679.27,136.25
CLM-004307,PAY-04,PRV-0024,2025-07-29,1156.52,1901.81
CLM-004308,PAY-05,PRV-0061,2025-07-08,2315.0,1591.73
CLM-004309,PAY-03,PRV-0014,2025-08-02,65.43,3726.24
CLM-004310,PAY-01,PRV-0019,2025-07-18,1843.09,1701.26
CLM-004311,PAY-01,PRV-0055,2025-07-16,1808.76,184.87
CLM-004312,PAY-04,PRV-0065,2025-07-08,3124.54,2921.65
CLM-004313,PAY-01,PRV-0046,2025-07-18,4815.24,2849.55
CLM-004314,PAY-05,PRV-0079,2025-07-07,3737.54,124.19
CLM-004315,PAY-02,PRV-0065,2025-07-02,3822.86,3971.25
CLM-004316,PAY-03,PRV-0066,2025-08-13,57.78,3772.37
CLM-004317,PAY-02,PRV-0011,2025-08-10,3788.47,2253.8
CLM-004318,PAY-05,PRV-0001,2025-07-06,4754.08,3142.54
CLM-004319,PAY-01,PRV-0024,2025-08-08,1534.95,784.06
CLM-004320,PAY-02,PRV-0068,2025-07-04,1780.96,3170.09
CLM-004321,PAY-05,PRV-0055,2025-08-04,4111.88,1380.69
CLM-004322,PAY-03,PRV-0027,2025-08-06,3061.09,1951.01
CLM-004323,PAY-03,PRV-0029,2025-08-08,354.16,804.14
CLM-004324,PAY-02,PRV-0042,2025-07-05,290.42,2179.32
CLM-004325,PAY-03,PRV-0023,2025-07-03,4407.74,286.87
CLM-004326,PAY-01,PRV-0001,2025-07-08,1790.37,4124.64
CLM-004327,PAY-05,PRV-0058,2025-07-28,3165.54,2325.21
CLM-004328,PAY-02,PRV-0034,2025-07-21,4501.36,1319.17
CLM-004329,PAY-01,PRV-0009,2025-07-23,4614.06,457.0
CLM-004330,PAY-03,PRV-0065,2025-07-23,3955.0,1098.87
CLM-004331,PAY-04,PRV-0043,2025-07-23,3520.61,2988.2
CLM-004332,PAY-05,PRV-0042,2025-07-16,4323.02,1834.31
CLM-004333,PAY-01,PRV-0017,2025-07-08,785.31,3543.38
CLM-004334,PAY-02,PRV-0068,2025-07-11,634.06,765.8
CLM-004335,PAY-01,PRV-0027,2025-07-14,3029.67,2129.39
CLM-004336,PAY-04,PRV-0008,2025-07-22,4697.67,2297.52
CLM-004337,PAY-03,PRV-0017,2025-08-13,2929.6,2372.66
CLM-004338,PAY-01,PRV-0050,2025-07-09,229.32,4306.62
CLM-004339,PAY-01,PRV-0019,2025-07-15,2116.02,3154.92
CLM-004340,PAY-02,PRV-0064,2025-08-08,3475.49,4385.27
CLM-004341,PAY-03,PRV-0010,2025-08-08,3366.3,855.98
CLM-004342,PAY-02,PRV-0077,2025-07-02,4012.35,52.34
CLM-004343,PAY-03,PRV-0057,2025-07-01,4024.44,654.99
CLM-004344,PAY-04,PRV-0002,2025-07-06,410.57,1535.48
CLM-004345,PAY-04,PRV-0062,2025-07-03,731.26,4329.15
CLM-004346,PAY-03,PRV-0016,2025-07-03,4762.59,1805.27
CLM-004347,PAY-03,PRV-0066,2025-07-13,2037.53,4220.32
CLM-004348,PAY-03,PRV-0036,2025-07-16,4602.15,2682.04
CLM-004349,PAY-04,PRV-0033,2025-08-08,3325.17,3696.08
CLM-004350,PAY-04,PRV-0026,2025-08-03,2568.62,1831.85
CLM-004351,PAY-03,PRV-0065,2025-07-14,1653.72,427.79
CLM-004352,PAY-02,PRV-0058,2025-07-12,437.95,1665.22
CLM-004353,PAY-02,PRV-0010,2025-08-09,331.01,3714.65
CLM-004354,PAY-05,PRV-0068,2025-08-12,4494.2,2007.97
CLM-004355,PAY-02,PRV-0061,2025-08-02,2169.35,2785.93
CLM-004356,PAY-02,PRV-0029,2025-08-14,2708.77,4257.93
CLM-004357,PAY-05,PRV-0017,2025-07-06,1654.11,1187.71
CLM-004358,PAY-01,PRV-0045,2025-07-10,222.34,3681.02
CLM-004359,PAY-04,PRV-0021,2025-07-01,1674.13,65.07
CLM-004360,PAY-05,PRV-0005,2025-07-10,4560.06,346.78
CLM-004361,PAY-03,PRV-0070,2025-08-06,2567.03,2123.31
CLM-004362,PAY-05,PRV-0060,2025-08-14,324.13,919.28
CLM-004363,PAY-01,PRV-0053,2025-07-19,2269.27,3905.72
CLM-004364,PAY-05,PRV-0016,2025-07-23,4420.85,1644.91
CLM-004365,PAY-04,PRV-0017,2025-08-09,4294.05,2491.94
CLM-004366,PAY-05,PRV-0025,2025-08-09,3054.06,3615.93
CLM-004367,PAY-02,PRV-0072,2025-08-04,3678.67,2736.29
CLM-004368,PAY-01,PRV-0071,2025-08-04,4393.78,394.67
CLM-004369,PAY-05,PRV-0048,2025-07-19,4796.65,1482.85
CLM-004370,PAY-03,PRV-0075,2025-07-27,3448.28,4404.07
CLM-004371,PAY-04,PRV-0020,2025-07-07,2616.84,1584.73
CLM-004372,PAY-01,PRV-0042,2025-08-10,2665.06,1539.31
CLM-004373,PAY-05,PRV-0078,2025-07-14,1047.9,2902.79
CLM-004374,PAY-04,PRV-0002,2025-07-21,1783.15,4132.17
CLM-004375,PAY-05,PRV-0070,2025-08-09,4088.03,2604.64
CLM-004376,PAY-03,PRV-0072,2025-08-11,3753.75,3410.84
CLM-004377,PAY-05,PRV-0023,2025-08-03,3959.89,817.76
CLM-004378,PAY-03,PRV-0064,2025-07-28,4427.85,1794.91
CLM-004379,PAY-01,PRV-0061,2025-07-27,1910.21,1807.11
CLM-004380,PAY-01,PRV-0032,2025-07-30,3887.18,1007.91
CLM-004381,PAY-04,PRV-0044,2025-07-23,2249.89,3153.86
CLM-004382,PAY-03,PRV-0009,2025-07-01,673.96,1933.76
CLM-004383,PAY-03,PRV-0022,2025-07-09,1843.06,4228.71
CLM-004384,PAY-02,PRV-0010,2025-07-29,3013.12,1771.15
CLM-004385,PAY-05,PRV-0038,2025-07-12,2374.92,2626.13
CLM-004386,PAY-04,PRV-0014,2025-08-06,700.39,2178.79
CLM-004387,PAY-04,PRV-0051,2025-07-19,2522.27,2747.99
CLM-004388,PAY-05,PRV-0073,2025-07-04,566.73,2751.92
CLM-004389,PAY-03,PRV-0022,2025-08-07,1839.36,2902.93
CLM-004390,PAY-02,PRV-0048,2025-07-17,1826.56,3913.66
CLM-004391,PAY-05,PRV-0045,2025-07-17,1389.39,3383.0
CLM-004392,PAY-05,PRV-0033,2025-07-23,4764.97,2663.19
CLM-004393,PAY-03,PRV-0047,2025-08-09,3083.37,2098.76
CLM-004394,PAY-04,PRV-0030,2025-07-27,980.72,1727.34
CLM-004395,PAY-04,PRV-0020,2025-07-25,4015.88,111.13
CLM-004396,PAY-05,PRV-0017,2025-07-11,2521.06,2515.77
CLM-004397,PAY-02,PRV-0064,2025-07-10,36.26,459.5
CLM-004398,PAY-02,PRV-0013,2025-08-11,88.61,3080.55
CLM-004399,PAY-01,PRV-0011,2025-07-27,1073.01,3283.39
CLM-004400,PAY-03,PRV-0020,2025-08-05,2981.91,1295.74
CLM-004401,PAY-03,PRV-0057,2025-07-06,3617.07,226.89
CLM-004402,PAY-04,PRV-0006,2025-07-15,2321.88,1606.26
CLM-004403,PAY-04,PRV-0053,2025-07-03,2505.94,66.67
CLM-004404,PAY-04,PRV-0071,2025-08-14,1079.98,2528.55
CLM-004405,PAY-03,PRV-0005,2025-07-07,1297.61,706.92
CLM-004406,PAY-03,PRV-0005,2025-08-02,448.3,484.49
CLM-004407,PAY-02,PRV-0014,2025-07-19,4425.24,740.76
CLM-004408,PAY-05,PRV-0045,2025-08-06,2572.22,1458.02
CLM-004409,PAY-01,PRV-0049,2025-07-17,1854.66,3509.93
CLM-004410,PAY-02,PRV-0072,2025-07-31,989.4,3497.8
CLM-004411,PAY-03,PRV-0025,2025-08-03,4781.68,3637.41
CLM-004412,PAY-03,PRV-0010,2025-07-10,3993.42,989.5
CLM-004413,PAY-01,PRV-0059,2025-07-14,3679.38,3548.63
CLM-004414,PAY-05,PRV-0066,2025-07-30,4515.91,1412.79
CLM-004415,PAY-01,PRV-0074,2025-08-03,1701.41,1521.34
CLM-004416,PAY-05,PRV-0013,2025-07-02,1692.87,3247.36
CLM-004417,PAY-02,PRV-0061,2025-08-11,2810.71,1027.93
CLM-004418,PAY-04,PRV-0001,2025-07-23,2464.04,2912.94
CLM-004419,PAY-05,PRV-0079,2025-07-30,986.32,2277.18
CLM-004420,PAY-01,PRV-0030,2025-07-02,4529.49,3153.85
CLM-004421,PAY-02,PRV-0042,2025-07-10,1226.34,1986.74
CLM-004422,PAY-03,PRV-0002,2025-07-12,3469.8,2655.24
CLM-004423,PAY-03,PRV-0077,2025-08-08,2048.77,436.05
CLM-004424,PAY-01,PRV-0044,2025-07-16,3909.32,1094.44
CLM-004425,PAY-01,PRV-0062,2025-07-18,1923.93,4302.78
CLM-004426,PAY-01,PRV-0075,2025-08-13,2905.63,3987.25
CLM-004427,PAY-02,PRV-0029,2025-07-19,414.96,26.12
CLM-004428,PAY-05,PRV-0015,2025-08-06,1320.9,2295.71
CLM-004429,PAY-02,PRV-0029,2025-08-14,1854.83,997.72
CLM-004430,PAY-03,PRV-0012,2025-07-24,4505.92,466.77
CLM-004431,PAY-05,PRV-0006,2025-07-19,2342.0,235.3
CLM-004432,PAY-04,PRV-0056,2025-07-05,4890.52,2715.48
CLM-004433,PAY-05,PRV-0047,2025-07-28,3940.48,4372.69
CLM-004434,PAY-01,PRV-0064,2025-08-13,1727.18,4200.55
CLM-004435,PAY-03,PRV-0012,2025-07-27,937.51,2725.28
CLM-004436,PAY-05,PRV-0001,2025-07-07,3210.8,4134.52
CLM-004437,PAY-05,PRV-0033,2025-07-09,4224.26,2296.13
CLM-004438,PAY-05,PRV-0026,2025-07-07,3383.18,2892.42
CLM-004439,PAY-04,PRV-0078,2025-08-10,2307.86,29.73
CLM-004440,PAY-04,PRV-0024,2025-07-12,558.85,808.54
CLM-004441,PAY-05,PRV-0023,2025-07-11,4467.4,457.28
CLM-004442,PAY-04,PRV-0008,2025-07-27,153.57,3748.51
CLM-004443,PAY-04,PRV-0008,2025-08-10,1906.98,1744.2
CLM-004444,PAY-02,PRV-0078,2025-07-11,3703.37,1546.84
CLM-004445,PAY-03,PRV-0043,2025-07-13,680.55,1564.22
CLM-004446,PAY-03,PRV-0062,2025-07-10,4338.61,417.35
CLM-004447,PAY-03,PRV-0045,2025-08-04,4170.8,4083.5
CLM-004448,PAY-04,PRV-0027,2025-08-06,4770.88,1726.23
CLM-004449,PAY-05,PRV-0002,2025-07-09,3036.15,4387.12
CLM-004450,PAY-02,PRV-0020,2025-07-07,4119.48,3818.11
CLM-004451,PAY-02,PRV-0007,2025-08-01,219.59,1298.64
CLM-004452,PAY-02,PRV-0026,2025-07-31,2771.21,2728.21
CLM-004453,PAY-02,PRV-0050,2025-08-08,4027.29,455.59
CLM-004454,PAY-04,PRV-0024,2025-07-22,1919.84,2308.38
CLM-004455,PAY-04,PRV-0041,2025-07-28,2574.46,40.2
CLM-004456,PAY-01,PRV-0023,2025-07-03,4678.77,3551.69
CLM-004457,PAY-04,PRV-0018,2025-07-24,1360.14,1876.81
CLM-004458,PAY-04,PRV-0017,2025-07-16,4160.53,2463.05
CLM-004459,PAY-05,PRV-0026,2025-07-01,1627.75,125.35
CLM-004460,PAY-02,PRV-0064,2025-07-24,353.19,2275.87
CLM-004461,PAY-02,PRV-0001,2025-08-07,515.03,2517.93
CLM-004462,PAY-05,PRV-0024,2025-07-30,4813.43,701.24
CLM-004463,PAY-05,PRV-0024,2025-07-13,3035.72,3769.87
CLM-004464,PAY-01,PRV-0003,2025-07-26,2519.95,1135.38
CLM-004465,PAY-01,PRV-0061,2025-07-18,1874.9,3601.01
CLM-004466,PAY-04,PRV-0075,2025-07-26,3323.97,2166.84
CLM-004467,PAY-03,PRV-0046,2025-08-01,1650.61,3755.56
CLM-004468,PAY-02,PRV-0001,2025-07-18,605.61,3872.16
CLM-004469,PAY-05,PRV-0021,2025-07-06,1320.76,1109.41
CLM-004470,PAY-04,PRV-0053,2025-07-24,1965.59,3050.11
CLM-004471,PAY-02,PRV-0010,2025-07-02,1160.95,1614.02
CLM-004472,PAY-04,PRV-0039,2025-08-06,4354.68,3649.75
CLM-004473,PAY-05,PRV-0003,2025-08-10,4996.3,3100.55
CLM-004474,PAY-01,PRV-0052,2025-07-20,3995.61,4268.78
CLM-004475,PAY-04,PRV-0035,2025-07-21,4152.09,2918.65
CLM-004476,PAY-03,PRV-0017,2025-07-13,4637.26,1966.5
CLM-004477,PAY-04,PRV-0040,2025-07-03,1865.27,344.76
CLM-004478,PAY-05,PRV-0049,2025-08-08,1923.67,65.38
CLM-004479,PAY-02,PRV-0045,2025-07-28,2357.24,2223.02
CLM-004480,PAY-01,PRV-0015,2025-07-11,3932.82,2600.14
CLM-004481,PAY-01,PRV-0076,2025-08-02,651.97,1718.48
CLM-004482,PAY-02,PRV-0054,2025-07-24,4538.97,309.16
CLM-004483,PAY-02,PRV-0045,2025-07-23,4895.61,1031.83
CLM-004484,PAY-01,PRV-0015,2025-07-21,3724.08,2566.21
CLM-004485,PAY-02,PRV-0036,2025-07-06,1898.14,86.36
CLM-004486,PAY-01,PRV-0050,2025-08-03,4079.35,1186.47
CLM-004487,PAY-01,PRV-0004,2025-07-02,608.13,3073.26
CLM-004488,PAY-04,PRV-0036,2025-07-14,3826.7,2472.99
CLM-004489,PAY-05,PRV-0077,2025-07-12,1944.24,1270.13
CLM-004490,PAY-01,PRV-0079,2025-07-14,2715.2,1406.01
CLM-004491,PAY-01,PRV-0052,2025-07-21,3929.59,4078.14
CLM-004492,PAY-02,PRV-0032,2025-07-10,1947.16,3368.65
CLM-004493,PAY-01,PRV-0070,2025-08-10,1608.17,529.34
CLM-004494,PAY-02,PRV-0018,2025-08-02,2018.02,320.55
CLM-004495,PAY-04,PRV-0011,2025-08-08,4046.15,3382.36
CLM-004496,PAY-03,PRV-0035,2025-07-24,4480.74,1459.97
CLM-004497,PAY-01,PRV-0015,2025-08-11,1317.39,3601.61
CLM-004498,PAY-02,PRV-0071,2025-08-14,4674.15,3375.53
CLM-004499,PAY-02,PRV-0062,2025-07-25,1522.01,3183.44
CLM-004500,PAY-05,PRV-0068,2025-08-11,931.55,1562.58
CLM-004501,PAY-01,PRV-0070,2025-07-28,4698.72,275.11
CLM-004502,PAY-02,PRV-0066,2025-07-31,3228.49,2423.15
CLM-004503,PAY-05,PRV-0007,2025-07-21,3104.49,1017.13
CLM-004504,PAY-03,PRV-0012,2025-08-03,2448.22,2767.95
CLM-004505,PAY-01,PRV-0017,2025-07-10,1901.62,1509.31
CLM-004506,PAY-05,PRV-0065,2025-07-30,4395.92,305.45
CLM-004507,PAY-01,PRV-0069,2025-07-17,4206.26,3211.09
CLM-004508,PAY-05,PRV-0041,2025-07-10,2281.96,3279.31
CLM-004509,PAY-02,PRV-0043,2025-07-21,2711.27,3785.83
CLM-004510,PAY-03,PRV-0046,2025-08-06,4903.71,4390.07
CLM-004511,PAY-04,PRV-0058,2025-08-08,1683.52,3253.32
CLM-004512,PAY-03,PRV-0052,2025-07-26,1112.21,627.21
CLM-004513,PAY-03,PRV-0071,2025-07-04,4900.7,3395.42
CLM-004514,PAY-05,PRV-0011,2025-07-31,4074.34,1833.44
CLM-004515,PAY-02,PRV-0051,2025-07-24,4628.03,2509.06
CLM-004516,PAY-03,PRV-0063,2025-07-30,1413.22,906.68
CLM-004517,PAY-05,PRV-0035,2025-07-18,3205.74,2529.8
CLM-004518,PAY-01,PRV-0058,2025-07-23,48.73,2631.15
CLM-004519,PAY-04,PRV-0002,2025-08-07,1854.14,452.51
CLM-004520,PAY-05,PRV-0055,2025-08-05,2737.59,3093.25
CLM-004521,PAY-05,PRV-0070,2025-08-11,2153.67,244.02
CLM-004522,PAY-05,PRV-0070,2025-08-03,2190.59,3388.83
CLM-004523,PAY-03,PRV-0002,2025-07-28,156.8,2476.9
CLM-004524,PAY-04,PRV-0058,2025-07-12,2033.76,2524.61
CLM-004525,PAY-02,PRV-0008,2025-07-24,1802.1,2681.81
CLM-004526,PAY-04,PRV-0039,2025-07-29,45.23,2161.33
CLM-004527,PAY-05,PRV-0037,2025-08-10,727.94,1155.34
CLM-004528,PAY-02,PRV-0038,2025-08-06,2944.68,2266.95
CLM-004529,PAY-02,PRV-0030,2025-07-09,4656.71,2256.44
CLM-004530,PAY-02,PRV-0030,2025-08-08,4839.51,3507.56
CLM-004531,PAY-05,PRV-0053,2025-08-10,4503.89,3896.43
CLM-004532,PAY-02,PRV-0073,2025-07-26,4069.45,1118.29
CLM-004533,PAY-04,PRV-0036,2025-07-23,922.62,30.68
CLM-004534,PAY-02,PRV-0043,2025-07-21,4946.3,4195.7
CLM-004535,PAY-05,PRV-0031,2025-08-08,1134.44,3141.88
CLM-004536,PAY-03,PRV-0072,2025-07-29,3638.57,2824.79
CLM-004537,PAY-05,PRV-0066,2025-07-10,3986.33,1746.35
CLM-004538,PAY-02,PRV-0026,2025-07-14,1728.86,3673.07
CLM-004539,PAY-02,PRV-0061,2025-07-12,1644.15,3817.16
CLM-004540,PAY-05,PRV-0003,2025-07-19,585.98,389.04
CLM-004541,PAY-04,PRV-0019,2025-08-05,3830.27,3335.06
CLM-004542,PAY-02,PRV-0017,2025-08-10,1222.92,2566.57
CLM-004543,PAY-01,PRV-0021,2025-08-07,2577.96,3943.91
CLM-004544,PAY-02,PRV-0017,2025-07-18,909.16,1044.19
CLM-004545,PAY-05,PRV-0077,2025-07-27,1920.08,2540.81
CLM-004546,PAY-04,PRV-0041,2025-07-01,862.18,1926.75
CLM-004547,PAY-01,PRV-0017,2025-08-08,1035.74,803.67
CLM-004548,PAY-01,PRV-0046,2025-07-16,4362.12,3662.54
CLM-004549,PAY-02,PRV-0030,2025-08-03,728.1,2083.31
CLM-004550,PAY-04,PRV-0037,2025-08-03,2032.7,4288.94
CLM-004551,PAY-01,PRV-0056,2025-07-19,3582.74,3071.5
CLM-004552,PAY-03,PRV-0066,2025-08-01,3879.45,2141.98
CLM-004553,PAY-02,PRV-0075,2025-08-10,1185.53,2363.45
CLM-004554,PAY-01,PRV-0010,2025-07-22,4452.13,2356.54
CLM-004555,PAY-05,PRV-0031,2025-07-20,4407.04,127.4
CLM-004556,PAY-03,PRV-0014,2025-07-23,3931.11,2853.55
CLM-004557,PAY-05,PRV-0019,2025-07-30,1854.51,4289.29
CLM-004558,PAY-02,PRV-0072,2025-08-13,2605.2,1195.81
CLM-004559,PAY-05,PRV-0024,2025-07-03,804.33,886.08
CLM-004560,PAY-01,PRV-0057,2025-07-15,4116.92,1287.68
CLM-004561,PAY-05,PRV-0004,2025-07-18,353.64,668.6
CLM-004562,PAY-02,PRV-0022,2025-08-10,70.05,4437.05
CLM-004563,PAY-03,PRV-0054,2025-07-14,4703.65,4357.21
CLM-004564,PAY-01,PRV-0077,2025-07-25,2747.1,2885.61
CLM-004565,PAY-01,PRV-0036,2025-07-10,514.83,3587.89
CLM-004566,PAY-03,PRV-0002,2025-08-06,3065.56,3482.1
CLM-004567,PAY-04,PRV-0039,2025-07-04,655.09,3989.32
CLM-004568,PAY-01,PRV-0078,2025-07-02,4431.53,2716.61
CLM-004569,PAY-02,PRV-0013,2025-07-14,2058.22,3421.13
CLM-004570,PAY-02,PRV-0002,2025-08-06,647.88,3537.15
CLM-004571,PAY-05,PRV-0010,2025-07-29,1047.99,3673.32
CLM-004572,PAY-01,PRV-0007,2025-07-07,4376.9,2807.72
CLM-004573,PAY-05,PRV-0064,2025-07-17,2428.21,2073.39
CLM-004574,PAY-03,PRV-0047,2025-07-24,4257.28,133.75
CLM-004575,PAY-05,PRV-0020,2025-07-12,315.37,2352.14
CLM-004576,PAY-01,PRV-0063,2025-07-30,4815.62,2640.91
CLM-004577,PAY-02,PRV-0031,2025-07-03,2009.14,3093.56
CLM-004578,PAY-05,PRV-0025,2025-07-20,4945.83,676.6
CLM-004579,PAY-05,PRV-0008,2025-07-19,117.76,3473.02
CLM-004580,PAY-04,PRV-0036,2025-07-21,725.23,3715.73
CLM-004581,PAY-05,PRV-0072,2025-07-25,1265.29,4243.61
CLM-004582,PAY-02,PRV-0077,2025-08-06,1380.97,1598.02
CLM-004583,PAY-03,PRV-0066,2025-07-29,2307.21,1905.51
CLM-004584,PAY-05,PRV-0010,2025-07-02,4055.19,1937.33
CLM-004585,PAY-05,PRV-0028,2025-07-22,4947.7,2442.83
CLM-004586,PAY-01,PRV-0054,2025-08-12,3820.64,919.56
CLM-004587,PAY-04,PRV-0015,2025-08-07,1605.99,987.47
CLM-004588,PAY-04,PRV-0057,2025-07-14,48.06,678.08
CLM-004589,PAY-05,PRV-0023,2025-07-30,4707.13,1528.47
CLM-004590,PAY-02,PRV-0041,2025-07-28,1871.99,3028.57
CLM-004591,PAY-03,PRV-0072,2025-08-05,1193.38,1305.56
CLM-004592,PAY-01,PRV-0043,2025-07-31,2462.62,2744.55
CLM-004593,PAY-02,PRV-0065,2025-08-03,908.03,2048.88
CLM-004594,PAY-03,PRV-0058,2025-07-23,3613.38,3476.69
CLM-004595,PAY-01,PRV-0022,2025-07-25,616.52,4334.79
CLM-004596,PAY-01,PRV-0076,2025-08-14,3823.92,3215.7
CLM-004597,PAY-05,PRV-0008,2025-07-19,4593.13,4281.77
CLM-004598,PAY-04,PRV-0006,2025-07-21,1130.41,3576.39
CLM-004599,PAY-05,PRV-0061,2025-07-25,2104.42,996.09
CLM-004600,PAY-04,PRV-0053,2025-07-28,4110.57,3633.86
CLM-004601,PAY-03,PRV-0020,2025-07-06,2043.95,3109.29
CLM-004602,PAY-02,PRV-0004,2025-08-02,4742.12,4306.46
CLM-004603,PAY-02,PRV-0036,2025-07-26,4981.17,741.98
CLM-004604,PAY-01,PRV-0019,2025-07-25,3807.39,1619.81
CLM-004605,PAY-03,PRV-0054,2025-07-08,3911.41,1095.89
CLM-004606,PAY-01,PRV-0021,2025-07-01,510.75,1374.84
CLM-004607,PAY-04,PRV-0031,2025-07-06,1813.5,222.51
CLM-004608,PAY-03,PRV-0038,2025-07-04,2213.69,3527.92
CLM-004609,PAY-01,PRV-0044,2025-07-18,3328.07,3936.57
CLM-004610,PAY-03,PRV-0046,2025-08-12,4561.82,614.22
CLM-004611,PAY-02,PRV-0019,2025-08-06,4794.69,1030.84
CLM-004612,PAY-02,PRV-0062,2025-07-20,2929.79,3447.25
CLM-004613,PAY-05,PRV-0038,2025-07-23,1375.37,1500.77
CLM-004614,PAY-03,PRV-0070,2025-08-06,2864.62,2013.81
CLM-004615,PAY-03,PRV-0046,2025-08-07,2415.33,659.6
CLM-004616,PAY-02,PRV-0027,2025-08-10,3215.05,4003.48
CLM-004617,PAY-02,PRV-0072,2025-08-03,4522.29,40.05
CLM-004618,PAY-04,PRV-0053,2025-07-22,1634.33,352.17
CLM-004619,PAY-04,PRV-0075,2025-08-10,413.32,519.9
CLM-004620,PAY-02,PRV-0032,2025-07-31,3920.87,3943.55
CLM-004621,PAY-04,PRV-0061,2025-08-14,4252.27,1551.02
CLM-004622,PAY-01,PRV-0050,2025-07-26,114.28,1970.47
CLM-004623,PAY-04,PRV-0036,2025-07-23,411.12,4434.6
CLM-004624,PAY-05,PRV-0033,2025-07-10,2720.9,3527.01
CLM-004625,PAY-03,PRV-0006,2025-07-08,589.17,397.53
CLM-004626,PAY-02,PRV-0028,2025-07-21,1672.75,791.12
CLM-004627,PAY-02,PRV-0064,2025-07-14,3699.19,806.52
CLM-004628,PAY-03,PRV-0064,2025-08-05,1181.24,2778.72
CLM-004629,PAY-04,PRV-0046,2025-07-07,1711.59,985.94
CLM-004630,PAY-01,PRV-0035,2025-07-02,105.28,118.61
CLM-004631,PAY-02,PRV-0019,2025-08-03,1632.35,3555.05
CLM-004632,PAY-02,PRV-0006,2025-07-25,1248.87,1536.53
CLM-004633,PAY-05,PRV-0005,2025-08-12,3264.36,1697.34
CLM-004634,PAY-01,PRV-0071,2025-07-14,3310.58,155.83
CLM-004635,PAY-02,PRV-0074,2025-07-28,1083.15,2717.47
CLM-004636,PAY-02,PRV-0060,2025-07-04,4113.95,1833.14
CLM-004637,PAY-02,PRV-0063,2025-07-11,4227.72,3948.23
CLM-004638,PAY-04,PRV-0050,2025-07-29,1925.44,2856.93
CLM-004639,PAY-01,PRV-0038,2025-07-17,2075.03,1774.66
CLM-004640,PAY-04,PRV-0007,2025-08-02,67.56,4333.53
CLM-004641,PAY-04,PRV-0041,2025-08-12,2438.63,2058.34
CLM-004642,PAY-04,PRV-0080,2025-08-12,2156.78,3556.71
CLM-004643,PAY-01,PRV-0031,2025-07-03,712.0,4376.68
CLM-004644,PAY-03,PRV-0059,2025-08-14,520.0,2631.18
CLM-004645,PAY-03,PRV-0064,2025-07-26,4151.11,4213.78
CLM-004646,PAY-05,PRV-0057,2025-08-08,734.0,48.98
CLM-004647,PAY-02,PRV-0022,2025-07-21,1545.73,1735.49
CLM-004648,PAY-01,PRV-0079,2025-08-01,3904.95,2051.35
CLM-004649,PAY-02,PRV-0012,2025-08-11,3035.89,1745.34
CLM-004650,PAY-04,PRV-0032,2025-07-23,3851.68,3822.05
CLM-004651,PAY-02,PRV-0008,2025-07-18,1058.13,1019.99
CLM-004652,PAY-05,PRV-0011,2025-07-04,2623.56,1786.13
CLM-004653,PAY-03,PRV-0073,2025-07-20,2207.42,1232.61
CLM-004654,PAY-02,PRV-0001,2025-07-28,3256.75,393.0
CLM-004655,PAY-02,PRV-0062,2025-07-22,1845.82,613.08
CLM-004656,PAY-03,PRV-0022,2025-07-13,268.79,4117.08
CLM-004657,PAY-01,PRV-0003,2025-07-24,4730.45,4254.6
CLM-004658,PAY-04,PRV-0010,2025-07-26,4026.6,3139.59
CLM-004659,PAY-04,PRV-0067,2025-07-14,2205.09,3955.99
CLM-004660,PAY-03,PRV-0038,2025-08-05,898.73,2875.35
CLM-004661,PAY-05,PRV-0044,2025-08-12,831.14,4410.74
CLM-004662,PAY-02,PRV-0046,2025-08-14,4125.57,3842.23
CLM-004663,PAY-05,PRV-0069,2025-08-12,546.45,1270.93
CLM-004664,PAY-03,PRV-0004,2025-07-16,735.75,1655.56
CLM-004665,PAY-04,PRV-0075,2025-07-04,874.02,2714.05
CLM-004666,PAY-01,PRV-0078,2025-08-06,2655.12,4249.37
CLM-004667,PAY-01,PRV-0059,2025-08-08,45.13,1508.7
CLM-004668,PAY-05,PRV-0044,2025-07-19,4184.62,2431.69
CLM-004669,PAY-03,PRV-0031,2025-07-07,4663.0,3074.13
CLM-004670,PAY-03,PRV-0077,2025-07-22,861.41,24.0
CLM-004671,PAY-05,PRV-0034,2025-07-20,2186.96,1159.51
CLM-004672,PAY-03,PRV-0057,2025-07-23,2433.62,4194.66
CLM-004673,PAY-02,PRV-0009,2025-07-13,2939.5,536.93
CLM-004674,PAY-05,PRV-0036,2025-07-02,3352.73,4427.64
CLM-004675,PAY-02,PRV-0024,2025-07-03,1859.8,3387.24
CLM-004676,PAY-02,PRV-0068,2025-07-17,1886.06,4113.39
CLM-004677,PAY-01,PRV-0018,2025-07-15,1242.78,2818.21
CLM-004678,PAY-04,PRV-0072,2025-07-05,2334.05,3688.08
CLM-004679,PAY-02,PRV-0001,2025-08-07,678.23,558.04
CLM-004680,PAY-05,PRV-0061,2025-07-04,3080.04,149.86
CLM-004681,PAY-05,PRV-0016,2025-08-09,3073.68,373.92
CLM-004682,PAY-01,PRV-0025,2025-07-11,2808.17,4319.87
CLM-004683,PAY-01,PRV-0053,2025-07-07,79.32,4312.69
CLM-004684,PAY-03,PRV-0034,2025-08-12,2708.95,1334.14
CLM-004685,PAY-03,PRV-0005,2025-07-23,4705.42,2875.51
CLM-004686,PAY-04,PRV-0057,2025-07-14,4998.97,1682.46
CLM-004687,PAY-05,PRV-0017,2025-07-29,4444.54,64.85
CLM-004688,PAY-03,PRV-0072,2025-07-14,2302.83,2250.71
CLM-004689,PAY-01,PRV-0032,2025-07-13,1042.02,1870.24
CLM-004690,PAY-01,PRV-0012,2025-08-07,2862.42,3039.57
CLM-004691,PAY-01,PRV-0039,2025-07-16,3375.92,1973.83
CLM-004692,PAY-03,PRV-0047,2025-07-08,3910.61,3649.5
CLM-004693,PAY-02,PRV-0001,2025-07-29,4968.02,782.94
CLM-004694,PAY-05,PRV-0008,2025-07-05,1248.71,670.84
CLM-004695,PAY-01,PRV-0062,2025-07-18,2396.92,1816.58
CLM-004696,PAY-04,PRV-0004,2025-07-09,1183.96,712.85
CLM-004697,PAY-05,PRV-0017,2025-07-10,2798.11,1756.77
CLM-004698,PAY-02,PRV-0048,2025-07-08,3811.71,4368.09
CLM-004699,PAY-03,PRV-0055,2025-07-26,4185.45,2171.95
CLM-004700,PAY-02,PRV-0055,2025-07-24,3267.17,571.87
CLM-004701,PAY-01,PRV-0051,2025-07-03,3850.46,4035.23
CLM-004702,PAY-05,PRV-0063,2025-07-12,1323.06,3911.76
CLM-004703,PAY-05,PRV-0030,2025-07-01,2083.65,3344.69
CLM-004704,PAY-02,PRV-0063,2025-07-12,3854.52,825.14
CLM-004705,PAY-03,PRV-0078,2025-07-27,202.64,1653.46
CLM-004706,PAY-01,PRV-0042,2025-08-11,4787.29,2808.39
CLM-004707,PAY-03,PRV-0056,2025-08-08,2631.28,2980.27
CLM-004708,PAY-03,PRV-0059,2025-07-03,3346.85,2758.05
CLM-004709,PAY-01,PRV-0044,2025-08-09,4979.14,4464.83
CLM-004710,PAY-05,PRV-0036,2025-08-07,1579.4,3586.23
CLM-004711,PAY-03,PRV-0031,2025-07-14,1253.49,3899.59
CLM-004712,PAY-03,PRV-0041,2025-08-01,784.93,4044.85
CLM-004713,PAY-05,PRV-0010,2025-08-02,2782.36,4301.36
CLM-004714,PAY-01,PRV-0068,2025-07-02,3237.68,856.24
CLM-004715,PAY-05,PRV-0061,2025-08-03,2516.27,2444.64
CLM-004716,PAY-03,PRV-0026,2025-07-07,4470.81,4466.93
CLM-004717,PAY-05,PRV-0064,2025-07-16,2552.94,1326.21
CLM-004718,PAY-02,PRV-0055,2025-07-01,386.74,94.6
CLM-004719,PAY-05,PRV-0013,2025-08-14,336.17,4394.0
CLM-004720,PAY-02,PRV-0053,2025-07-15,2802.59,688.84
CLM-004721,PAY-01,PRV-0013,2025-07-27,2413.37,4123.95
CLM-004722,PAY-05,PRV-0033,2025-07-29,879.66,3489.12
CLM-004723,PAY-04,PRV-0079,2025-07-18,2849.75,3247.21
CLM-004724,PAY-04,PRV-0063,2025-07-25,3837.05,4146.87
CLM-004725,PAY-05,PRV-0063,2025-07-03,94.35,982.84
CLM-004726,PAY-04,PRV-0003,2025-08-06,3386.29,1424.3
CLM-004727,PAY-04,PRV-0020,2025-08-02,4438.44,3993.02
CLM-004728,PAY-03,PRV-0061,2025-07-29,4984.78,407.3
CLM-004729,PAY-02,PRV-0018,2025-08-02,1635.05,34.16
CLM-004730,PAY-03,PRV-0073,2025-08-04,3230.21,1479.97
CLM-004731,PAY-05,PRV-0076,2025-07-03,4023.02,4313.61
CLM-004732,PAY-02,PRV-0078,2025-07-06,533.94,78.3
CLM-004733,PAY-03,PRV-0042,2025-07-12,2132.79,4399.08
CLM-004734,PAY-02,PRV-0071,2025-07-22,208.7,3661.33
CLM-004735,PAY-01,PRV-0036,2025-07-10,3151.11,2720.04
CLM-004736,PAY-03,PRV-0028,2025-08-04,4351.56,3947.29
CLM-004737,PAY-04,PRV-0058,2025-08-07,262.01,2237.13
CLM-004738,PAY-01,PRV-0061,2025-07-17,4886.83,1690.2
CLM-004739,PAY-04,PRV-0075,2025-07-21,498.06,3034.42
CLM-004740,PAY-01,PRV-0014,2025-07-21,2702.41,249.29
CLM-004741,PAY-02,PRV-0009,2025-07-08,3381.27,3781.88
CLM-004742,PAY-01,PRV-0008,2025-07-01,539.95,616.98
CLM-004743,PAY-05,PRV-0072,2025-08-08,4870.46,4166.99
CLM-004744,PAY-04,PRV-0052,2025-07-17,1145.76,1373.27
CLM-004745,PAY-02,PRV-0072,2025-07-26,2855.21,3045.9
CLM-004746,PAY-05,PRV-0055,2025-07-25,1112.52,3162.31
CLM-004747,PAY-03,PRV-0069,2025-07-05,2953.8,4004.77
CLM-004748,PAY-01,PRV-0033,2025-07-15,4898.65,2918.11
CLM-004749,PAY-03,PRV-0033,2025-08-11,4625.0,3460.56
CLM-004750,PAY-05,PRV-0065,2025-08-10,3429.25,1982.4
CLM-004751,PAY-02,PRV-0032,2025-07-04,3447.81,1183.73
CLM-004752,PAY-02,PRV-0004,2025-08-12,1089.23,2475.65
CLM-004753,PAY-05,PRV-0077,2025-07-01,661.66,3727.44
CLM-004754,PAY-01,PRV-0066,2025-07-06,4789.33,3295.3
CLM-004755,PAY-02,PRV-0064,2025-07-11,1541.81,3202.05
CLM-004756,PAY-01,PRV-0072,2025-07-12,306.48,1869.56
CLM-004757,PAY-03,PRV-0018,2025-08-03,3076.83,1888.32
CLM-004758,PAY-03,PRV-0036,2025-07-17,1882.92,829.61
CLM-004759,PAY-05,PRV-0020,2025-07-02,3386.79,215.77
CLM-004760,PAY-05,PRV-0060,2025-07-17,2478.07,407.57
CLM-004761,PAY-03,PRV-0079,2025-07-04,266.12,2518.49
CLM-004762,PAY-03,PRV-0045,2025-07-24,1293.83,2339.76
CLM-004763,PAY-04,PRV-0078,2025-08-12,3991.85,4015.37
CLM-004764,PAY-05,PRV-0033,2025-08-08,3583.98,21.48
CLM-004765,PAY-01,PRV-0075,2025-08-06,1940.04,4460.26
CLM-004766,PAY-01,PRV-0021,2025-08-05,4849.8,1917.48
CLM-004767,PAY-04,PRV-0002,2025-07-24,4261.85,2510.17
CLM-004768,PAY-01,PRV-0022,2025-08-01,4559.27,3770.29
CLM-004769,PAY-03,PRV-0066,2025-07-21,2551.02,4113.21
CLM-004770,PAY-01,PRV-0064,2025-07-13,567.24,3536.33
CLM-004771,PAY-05,PRV-0026,2025-07-27,577.44,791.78
CLM-004772,PAY-05,PRV-0068,2025-08-11,3484.16,2230.3
CLM-004773,PAY-05,PRV-0021,2025-07-07,1113.3,1310.68
CLM-004774,PAY-04,PRV-0002,2025-07-26,1052.77,1911.54
CLM-004775,PAY-04,PRV-0017,2025-07-24,350.54,1359.43
CLM-004776,PAY-04,PRV-0076,2025-07-05,2547.49,3792.61
CLM-004777,PAY-05,PRV-0036,2025-07-30,708.68,2776.56
CLM-004778,PAY-05,PRV-0027,2025-08-12,1953.96,1526.27
CLM-004779,PAY-01,PRV-0036,2025-07-06,1021.84,2364.51
CLM-004780,PAY-02,PRV-0036,2025-07-24,3716.75,2474.72
CLM-004781,PAY-05,PRV-0013,2025-07-24,4555.55,4146.9
CLM-004782,PAY-01,PRV-0079,2025-07-31,3937.43,4038.73
CLM-004783,PAY-01,PRV-0062,2025-07-27,1701.56,2748.3
CLM-004784,PAY-05,PRV-0020,2025-07-04,2813.34,366.04
CLM-004785,PAY-01,PRV-0034,2025-07-07,3423.21,2079.21
CLM-004786,PAY-01,PRV-0022,2025-08-12,3797.27,2155.79
CLM-004787,PAY-02,PRV-0020,2025-08-05,398.84,2845.17
CLM-004788,PAY-02,PRV-0075,2025-07-13,1870.28,2906.99
CLM-004789,PAY-01,PRV-0079,2025-07-25,2088.25,1147.53
CLM-004790,PAY-01,PRV-0037,2025-07-19,2818.39,2869.58
CLM-004791,PAY-04,PRV-0058,2025-07-26,2235.99,481.39
CLM-004792,PAY-05,PRV-0073,2025-08-04,4052.83,413.92
CLM-004793,PAY-02,PRV-0031,2025-08-09,3650.51,2902.98
CLM-004794,PAY-02,PRV-0069,2025-07-14,2015.08,750.03
CLM-004795,PAY-03,PRV-0060,2025-07-23,1942.4,1127.6
CLM-004796,PAY-02,PRV-0056,2025-08-05,4076.71,1556.47
CLM-004797,PAY-04,PRV-0044,2025-07-14,1328.92,1765.4
CLM-004798,PAY-02,PRV-0061,2025-07-21,137.92,4062.29
CLM-004799,PAY-01,PRV-0075,2025-07-05,4975.21,2051.19
CLM-004800,PAY-02,PRV-0067,2025-07-19,1876.56,3958.99
CLM-004801,PAY-03,PRV-0016,2025-07-05,1484.01,498.71
CLM-004802,PAY-05,PRV-0041,2025-07-24,1852.52,655.69
CLM-004803,PAY-03,PRV-0024,2025-07-05,3682.58,671.45
CLM-004804,PAY-03,PRV-0016,2025-07-24,2038.22,3532.72
CLM-004805,PAY-01,PRV-0056,2025-08-07,1151.37,2168.62
CLM-004806,PAY-01,PRV-0064,2025-07-04,3096.27,1410.18
CLM-004807,PAY-05,PRV-0015,2025-08-11,1634.83,2968.25
CLM-004808,PAY-04,PRV-0028,2025-07-30,4135.86,1009.5
CLM-004809,PAY-04,PRV-0063,2025-07-18,4405.23,1780.8
CLM-004810,PAY-04,PRV-0012,2025-07-29,2634.28,3905.13
CLM-004811,PAY-04,PRV-0038,2025-08-08,1020.39,3976.42
CLM-004812,PAY-02,PRV-0036,2025-07-07,4065.46,4029.99
CLM-004813,PAY-01,PRV-0008,2025-07-08,1499.46,2245.96
CLM-004814,PAY-02,PRV-0011,2025-08-04,3058.04,2555.88
CLM-004815,PAY-04,PRV-0026,2025-08-06,4566.8,2133.02
CLM-004816,PAY-01,PRV-0007,2025-07-01,2585.34,2455.35
CLM-004817,PAY-04,PRV-0008,2025-08-02,3780.03,918.54
CLM-004818,PAY-03,PRV-0077,2025-08-13,752.73,1607.86
CLM-004819,PAY-02,PRV-0045,2025-08-01,113.03,2176.16
CLM-004820,PAY-05,PRV-0011,2025-08-13,550.49,426.94
CLM-004821,PAY-04,PRV-0038,2025-07-07,4618.68,1677.69
CLM-004822,PAY-02,PRV-0044,2025-07-05,2428.42,453.83
CLM-004823,PAY-01,PRV-0077,2025-07-13,4497.6,3885.22
CLM-004824,PAY-04,PRV-0023,2025-07-05,355.21,2108.59
CLM-004825,PAY-04,PRV-0045,2025-07-12,3762.09,1283.54
CLM-004826,PAY-02,PRV-0005,2025-07-23,2760.21,3556.18
CLM-004827,PAY-04,PRV-0041,2025-07-18,2684.42,2896.45
CLM-004828,PAY-01,PRV-0006,2025-07-05,3048.28,1896.9
CLM-004829,PAY-03,PRV-0032,2025-07-27,2925.96,2460.65
CLM-004830,PAY-04,PRV-0003,2025-07-28,4310.39,3636.08
CLM-004831,PAY-03,PRV-0077,2025-08-03,2478.47,1853.94
CLM-004832,PAY-04,PRV-0063,2025-07-28,2839.62,3666.29
CLM-004833,PAY-02,PRV-0024,2025-07-27,654.7,531.31
CLM-004834,PAY-04,PRV-0047,2025-07-14,2804.74,1076.54
CLM-004835,PAY-01,PRV-0067,2025-07-13,2060.43,4342.28
CLM-004836,PAY-05,PRV-0033,2025-07-27,1016.13,3076.21
CLM-004837,PAY-03,PRV-0019,2025-07-13,2369.5,1399.38
CLM-004838,PAY-02,PRV-0075,2025-08-06,3704.29,3209.86
CLM-004839,PAY-04,PRV-0036,2025-07-29,3915.9,3156.86
CLM-004840,PAY-03,PRV-0008,2025-07-24,3700.21,2975.36
CLM-004841,PAY-05,PRV-0006,2025-07-15,3859.73,3966.98
CLM-004842,PAY-02,PRV-0006,2025-07-08,4535.3,877.92
CLM-004843,PAY-04,PRV-0005,2025-07-13,792.13,1583.9
CLM-004844,PAY-05,PRV-0060,2025-08-03,4683.96,359.49
CLM-004845,PAY-02,PRV-0015,2025-08-14,541.76,1120.46
CLM-004846,PAY-03,PRV-0036,2025-07-20,1778.59,3170.15
CLM-004847,PAY-02,PRV-0044,2025-07-06,617.88,686.33
CLM-004848,PAY-04,PRV-0019,2025-07-21,2409.28,284.28
CLM-004849,PAY-05,PRV-0021,2025-07-12,4143.6,2184.28
CLM-004850,PAY-01,PRV-0059,2025-07-18,3582.99,2335.2
CLM-004851,PAY-02,PRV-0073,2025-08-13,2813.24,4451.15
CLM-004852,PAY-05,PRV-0077,2025-07-01,897.65,4499.41
CLM-004853,PAY-05,PRV-0061,2025-07-24,2309.65,3425.3
CLM-004854,PAY-04,PRV-0060,2025-07-22,3214.24,3134.77
CLM-004855,PAY-02,PRV-0063,2025-07-17,1207.62,2605.51
CLM-004856,PAY-02,PRV-0009,2025-08-09,176.47,68.56
CLM-004857,PAY-04,PRV-0028,2025-07-04,358.08,3559.15
CLM-004858,PAY-02,PRV-0011,2025-07-29,3435.9,3682.54
CLM-004859,PAY-05,PRV-0048,2025-07-27,2241.24,1706.98
CLM-004860,PAY-04,PRV-0038,2025-08-04,4305.72,1347.1
CLM-004861,PAY-03,PRV-0067,2025-08-01,3411.76,3620.73
CLM-004862,PAY-04,PRV-0058,2025-08-03,3986.22,3766.31
CLM-004863,PAY-02,PRV-0063,2025-07-29,535.61,3049.49
CLM-004864,PAY-04,PRV-0080,2025-07-30,989.05,3687.95
CLM-004865,PAY-05,PRV-0049,2025-07-18,1448.77,1345.93
CLM-004866,PAY-01,PRV-0054,2025-07-20,3809.53,3017.91
CLM-004867,PAY-03,PRV-0069,2025-08-05,2167.35,2120.14
CLM-004868,PAY-05,PRV-0060,2025-07-14,687.76,635.37
CLM-004869,PAY-05,PRV-0064,2025-07-04,191.25,2714.75
CLM-004870,PAY-05,PRV-0014,2025-07-13,1478.82,1830.94
CLM-004871,PAY-02,PRV-0071,2025-08-11,1651.31,1032.51
CLM-004872,PAY-05,PRV-0064,2025-07-13,1710.8,3561.08
CLM-004873,PAY-01,PRV-0067,2025-07-30,3195.45,2048.78
CLM-004874,PAY-01,PRV-0023,2025-07-06,4752.35,3386.63
CLM-004875,PAY-04,PRV-0073,2025-08-13,277.91,3693.32
CLM-004876,PAY-03,PRV-0060,2025-08-06,1556.7,3438.96
CLM-004877,PAY-05,PRV-0009,2025-08-05,3439.97,492.33
CLM-004878,PAY-01,PRV-0078,2025-07-14,1939.37,715.24
CLM-004879,PAY-01,PRV-0049,2025-07-14,1980.28,4118.47
CLM-004880,PAY-01,PRV-0019,2025-07-29,2023.88,4082.59
CLM-004881,PAY-02,PRV-0059,2025-07-08,269.57,3165.92
CLM-004882,PAY-04,PRV-0053,2025-07-07,3334.18,659.07
CLM-004883,PAY-02,PRV-0070,2025-07-25,1119.24,542.42
CLM-004884,PAY-04,PRV-0033,2025-08-11,627.08,2072.41
CLM-004885,PAY-03,PRV-0006,2025-07-31,4243.4,3427.39
CLM-004886,PAY-05,PRV-0005,2025-07-31,928.02,3493.88
CLM-004887,PAY-01,PRV-0078,2025-08-12,4691.54,4092.7
CLM-004888,PAY-03,PRV-0066,2025-07-26,1246.67,2151.15
CLM-004889,PAY-03,PRV-0061,2025-08-04,4733.08,1924.52
CLM-004890,PAY-01,PRV-0066,2025-08-13,2201.14,2368.32
CLM-004891,PAY-02,PRV-0011,2025-07-24,4190.41,917.42
CLM-004892,PAY-02,PRV-0048,2025-07-15,2154.74,3232.76
CLM-004893,PAY-02,PRV-0006,2025-07-18,1788.34,1180.45
CLM-004894,PAY-03,PRV-0032,2025-08-01,4920.07,4343.89
CLM-004895,PAY-04,PRV-0057,2025-08-13,3287.22,1487.74
CLM-004896,PAY-04,PRV-0042,2025-07-09,1769.98,3663.31
CLM-004897,PAY-04,PRV-0041,2025-07-05,3353.4,3855.97
CLM-004898,PAY-03,PRV-0039,2025-08-13,4909.91,2831.28
CLM-004899,PAY-02,PRV-0056,2025-08-02,3765.51,1868.11
CLM-004900,PAY-01,PRV-0030,2025-08-08,1597.37,433.38
CLM-004901,PAY-02,PRV-0065,2025-07-30,2197.73,3151.32
CLM-004902,PAY-04,PRV-0079,2025-08-04,194.8,2499.68
CLM-004903,PAY-05,PRV-0060,2025-08-07,3417.37,2569.4
CLM-004904,PAY-04,PRV-0071,2025-07-23,3067.36,1131.98
CLM-004905,PAY-01,PRV-0003,2025-07-13,4377.4,509.09
CLM-004906,PAY-03,PRV-0062,2025-07-30,2478.77,1395.82
CLM-004907,PAY-03,PRV-0038,2025-07-31,940.34,3551.58
CLM-004908,PAY-02,PRV-0005,2025-08-13,1856.34,2141.53
CLM-004909,PAY-03,PRV-0005,2025-07-14,3943.79,2334.84
CLM-004910,PAY-04,PRV-0010,2025-07-07,2957.91,3707.29
CLM-004911,PAY-04,PRV-0053,2025-08-05,4253.6,509.89
CLM-004912,PAY-01,PRV-0072,2025-07-27,34.35,4248.53
CLM-004913,PAY-05,PRV-0074,2025-07-15,3235.41,1949.77
CLM-004914,PAY-01,PRV-0013,2025-07-15,3155.96,3557.37
CLM-004915,PAY-03,PRV-0012,2025-07-04,4283.62,2191.52
CLM-004916,PAY-01,PRV-0055,2025-07-21,2486.45,3487.52
CLM-004917,PAY-02,PRV-0067,2025-07-30,2874.85,2469.84
CLM-004918,PAY-03,PRV-0007,2025-07-18,1905.09,3020.57
CLM-004919,PAY-04,PRV-0058,2025-07-14,4717.9,3512.39
CLM-004920,PAY-04,PRV-0017,2025-07-19,3895.97,4470.17
CLM-004921,PAY-04,PRV-0009,2025-07-14,3313.8,3230.63
CLM-004922,PAY-03,PRV-0003,2025-08-06,545.9,2682.54
CLM-004923,PAY-02,PRV-0018,2025-07-28,2958.15,2944.13
CLM-004924,PAY-02,PRV-0018,2025-07-22,692.52,1789.06
CLM-004925,PAY-01,PRV-0054,2025-07-02,3172.44,3350.55
CLM-004926,PAY-01,PRV-0056,2025-07-03,343.24,1301.69
CLM-004927,PAY-04,PRV-0066,2025-08-03,4765.19,3923.48
CLM-004928,PAY-05,PRV-0054,2025-07-19,3504.29,2317.85
CLM-004929,PAY-02,PRV-0010,2025-08-03,481.01,2607.03
CLM-004930,PAY-05,PRV-0024,2025-07-21,1506.52,2366.51
CLM-004931,PAY-05,PRV-0077,2025-08-01,3661.87,1781.95
CLM-004932,PAY-04,PRV-0058,2025-07-08,2984.87,3188.28
CLM-004933,PAY-05,PRV-0001,2025-07-20,1905.47,379.94
CLM-004934,PAY-03,PRV-0007,2025-07-29,658.66,568.17
CLM-004935,PAY-05,PRV-0047,2025-07-31,1311.03,50.79
CLM-004936,PAY-03,PRV-0011,2025-07-24,4607.15,243.43
CLM-004937,PAY-01,PRV-0078,2025-08-06,4489.75,3931.6
CLM-004938,PAY-02,PRV-0002,2025-07-03,4424.29,3971.81
CLM-004939,PAY-01,PRV-0042,2025-07-06,138.11,3877.62
CLM-004940,PAY-01,PRV-0001,2025-08-02,4988.35,1506.85
CLM-004941,PAY-03,PRV-0013,2025-07-01,3909.35,777.04
CLM-004942,PAY-03,PRV-0014,2025-07-18,2349.0,2225.23
CLM-004943,PAY-03,PRV-0077,2025-07-27,2080.9,1894.32
CLM-004944,PAY-02,PRV-0047,2025-07-30,4040.72,3192.15
CLM-004945,PAY-03,PRV-0078,2025-07-20,3403.09,4271.35
CLM-004946,PAY-05,PRV-0056,2025-07-26,4254.42,1063.24
CLM-004947,PAY-05,PRV-0040,2025-07-01,2028.9,2746.51
CLM-004948,PAY-04,PRV-0001,2025-07-04,3787.83,4317.9
CLM-004949,PAY-05,PRV-0027,2025-08-05,576.25,2164.56
CLM-004950,PAY-05,PRV-0065,2025-07-07,4351.66,2738.34
CLM-004951,PAY-02,PRV-0016,2025-08-07,4459.8,1151.75
CLM-004952,PAY-04,PRV-0011,2025-07-26,2977.0,379.48
CLM-004953,PAY-05,PRV-0079,2025-08-12,4026.42,3498.81
CLM-004954,PAY-03,PRV-0027,2025-07-10,4507.69,1020.13
CLM-004955,PAY-02,PRV-0001,2025-07-08,3017.97,4337.02
CLM-004956,PAY-04,PRV-0025,2025-07-03,4950.7,1545.36
CLM-004957,PAY-02,PRV-0079,2025-07-15,4926.53,1604.09
CLM-004958,PAY-02,PRV-0073,2025-08-03,1604.6,3147.76
CLM-004959,PAY-03,PRV-0065,2025-07-26,4745.78,338.41
CLM-004960,PAY-05,PRV-0039,2025-07-09,1268.65,1100.77
CLM-004961,PAY-04,PRV-0075,2025-07-07,1483.12,2347.5
CLM-004962,PAY-03,PRV-0021,2025-07-06,334.69,1311.45
CLM-004963,PAY-04,PRV-0043,2025-07-13,1949.6,39.16
CLM-004964,PAY-01,PRV-0050,2025-08-14,2317.0,362.72
CLM-004965,PAY-03,PRV-0058,2025-07-29,3084.07,1944.95
CLM-004966,PAY-04,PRV-0051,2025-08-02,3947.22,976.71
CLM-004967,PAY-03,PRV-0043,2025-07-11,1304.43,39.2
CLM-004968,PAY-05,PRV-0040,2025-08-10,4339.72,2606.22
CLM-004969,PAY-04,PRV-0022,2025-08-01,733.69,3001.19
CLM-004970,PAY-03,PRV-0018,2025-08-05,1196.36,3748.67
CLM-004971,PAY-03,PRV-0080,2025-08-07,2974.8,1718.38
CLM-004972,PAY-02,PRV-0014,2025-08-03,3446.94,2235.3
CLM-004973,PAY-05,PRV-0068,2025-07-17,2034.74,3907.53
CLM-004974,PAY-01,PRV-0079,2025-07-21,3355.66,652.82
CLM-004975,PAY-03,PRV-0035,2025-07-22,1655.83,2283.84
CLM-004976,PAY-05,PRV-0065,2025-07-03,1661.53,765.4
CLM-004977,PAY-01,PRV-0048,2025-08-08,2657.71,3369.99
CLM-004978,PAY-02,PRV-0051,2025-08-09,4964.37,501.02
CLM-004979,PAY-01,PRV-0028,2025-07-07,4615.49,3783.49
CLM-004980,PAY-02,PRV-0064,2025-07-22,2934.92,1602.6
CLM-004981,PAY-04,PRV-0055,2025-08-12,1150.72,1947.73
CLM-004982,PAY-05,PRV-0029,2025-07-23,328.47,4004.16
CLM-004983,PAY-02,PRV-0008,2025-07-14,2144.75,1473.32
CLM-004984,PAY-02,PRV-0014,2025-07-05,2588.67,1011.91
CLM-004985,PAY-05,PRV-0057,2025-07-30,3530.59,3132.68
CLM-004986,PAY-05,PRV-0079,2025-08-07,2052.92,2229.76
CLM-004987,PAY-03,PRV-0059,2025-07-26,2273.79,3556.48
CLM-004988,PAY-04,PRV-0004,2025-07-28,3686.66,532.89
CLM-004989,PAY-03,PRV-0020,2025-08-10,1352.37,2490.72
CLM-004990,PAY-04,PRV-0065,2025-07-01,3640.26,4175.8
CLM-004991,PAY-03,PRV-0007,2025-07-23,2733.73,3167.13
CLM-004992,PAY-03,PRV-0032,2025-07-04,851.39,4019.47
CLM-004993,PAY-05,PRV-0009,2025-07-13,752.65,1521.04
CLM-004994,PAY-01,PRV-0066,2025-07-12,1260.57,1852.96
CLM-004995,PAY-05,PRV-0057,2025-08-10,1624.48,1355.28
CLM-004996,PAY-02,PRV-0006,2025-08-08,4697.96,1152.19
CLM-004997,PAY-04,PRV-0030,2025-07-27,4325.08,2808.94
CLM-004998,PAY-05,PRV-0013,2025-07-20,724.42,4453.94
CLM-004999,PAY-02,PRV-0004,2025-08-05,3946.08,1522.34
CLM-005000,PAY-05,PRV-0020,2025-08-12,1472.04,4362.06
CLM-005001,PAY-04,PRV-0016,2025-07-05,2811.04,3913.84
CLM-005002,PAY-01,PRV-0080,2025-08-07,3492.23,4096.12
CLM-005003,PAY-02,PRV-0042,2025-07-28,1931.26,2614.06
CLM-005004,PAY-03,PRV-0061,2025-08-14,1520.31,3740.92
CLM-005005,PAY-01,PRV-0021,2025-07-13,1762.58,3773.16
CLM-005006,PAY-05,PRV-0040,2025-07-09,3105.81,4058.99
CLM-005007,PAY-03,PRV-0070,2025-07-24,722.19,3777.5
CLM-005008,PAY-04,PRV-0067,2025-07-16,4514.6,4487.01
CLM-005009,PAY-02,PRV-0018,2025-07-20,1845.05,1898.94
CLM-005010,PAY-02,PRV-0078,2025-07-30,3068.45,3003.12
CLM-005011,PAY-04,PRV-0009,2025-07-20,4010.38,2919.29
CLM-005012,PAY-04,PRV-0043,2025-07-21,2147.97,1547.35
CLM-005013,PAY-04,PRV-0010,2025-07-23,344.37,3880.59
CLM-005014,PAY-01,PRV-0036,2025-07-23,2325.72,1369.32
CLM-005015,PAY-04,PRV-0006,2025-07-09,4433.68,3412.11
CLM-005016,PAY-03,PRV-0079,2025-07-02,1734.31,627.61
CLM-005017,PAY-04,PRV-0022,2025-08-14,2507.44,1543.34
CLM-005018,PAY-05,PRV-0078,2025-08-01,1967.06,436.28
CLM-005019,PAY-02,PRV-0041,2025-07-10,2200.42,225.39
CLM-005020,PAY-05,PRV-0061,2025-08-13,54.8,3788.63
CLM-005021,PAY-05,PRV-0061,2025-08-13,1660.84,1057.25
CLM-005022,PAY-01,PRV-0017,2025-07-17,2356.99,802.08
CLM-005023,PAY-02,PRV-0047,2025-07-04,592.66,3135.2
CLM-005024,PAY-01,PRV-0020,2025-07-04,4253.29,3511.27
CLM-005025,PAY-01,PRV-0005,2025-07-05,2758.69,540.96
CLM-005026,PAY-04,PRV-0040,2025-07-12,309.25,1167.65
CLM-005027,PAY-04,PRV-0077,2025-08-01,3046.71,3842.36
CLM-005028,PAY-02,PRV-0027,2025-07-11,2403.49,3018.31
CLM-005029,PAY-04,PRV-0048,2025-07-14,2093.38,2793.89
CLM-005030,PAY-01,PRV-0064,2025-07-09,1381.82,3817.82
CLM-005031,PAY-01,PRV-0045,2025-08-14,3838.48,1578.7
CLM-005032,PAY-02,PRV-0059,2025-07-31,1946.42,4035.99
CLM-005033,PAY-02,PRV-0005,2025-07-28,3771.65,66.98
CLM-005034,PAY-04,PRV-0015,2025-07-10,3119.89,3395.27
CLM-005035,PAY-03,PRV-0017,2025-07-18,4360.27,1807.74
CLM-005036,PAY-03,PRV-0057,2025-08-07,99.49,1160.37
CLM-005037,PAY-02,PRV-0060,2025-08-10,655.99,2922.59
CLM-005038,PAY-03,PRV-0061,2025-07-11,4939.1,2102.95
CLM-005039,PAY-03,PRV-0025,2025-08-11,2886.63,1548.71
CLM-005040,PAY-02,PRV-0051,2025-07-13,3776.04,2159.19
CLM-005041,PAY-05,PRV-0020,2025-08-13,3321.23,81.3
CLM-005042,PAY-03,PRV-0025,2025-08-13,2246.87,3249.9
CLM-005043,PAY-05,PRV-0040,2025-07-19,4542.21,4150.05
CLM-005044,PAY-02,PRV-0003,2025-07-27,300.97,1404.94
CLM-005045,PAY-04,PRV-0064,2025-07-13,599.9,4401.54
CLM-005046,PAY-02,PRV-0076,2025-07-05,4651.41,1423.45
CLM-005047,PAY-04,PRV-0012,2025-07-13,342.22,2524.66
CLM-005048,PAY-01,PRV-0063,2025-07-03,1597.64,3547.63
CLM-005049,PAY-02,PRV-0040,2025-07-03,4986.86,3936.93
CLM-005050,PAY-05,PRV-0033,2025-07-09,332.94,820.0
CLM-005051,PAY-01,PRV-0047,2025-07-04,111.5,740.2
CLM-005052,PAY-05,PRV-0041,2025-08-11,3065.65,3893.6
CLM-005053,PAY-01,PRV-0019,2025-08-13,158.32,869.97
CLM-005054,PAY-03,PRV-0072,2025-08-03,488.48,1601.65
CLM-005055,PAY-01,PRV-0028,2025-07-20,2523.68,1954.43
CLM-005056,PAY-04,PRV-0078,2025-07-09,2385.33,2312.43
CLM-005057,PAY-05,PRV-0022,2025-07-05,3631.53,1739.37
CLM-005058,PAY-02,PRV-0062,2025-07-05,4772.14,3174.42
CLM-005059,PAY-05,PRV-0040,2025-08-03,4627.1,3862.68
CLM-005060,PAY-02,PRV-0056,2025-07-21,3717.98,4388.36
CLM-005061,PAY-04,PRV-0075,2025-08-12,1093.28,2588.48
CLM-005062,PAY-04,PRV-0048,2025-08-03,1308.43,3695.96
CLM-005063,PAY-05,PRV-0047,2025-07-01,1853.73,2953.36
CLM-005064,PAY-03,PRV-0024,2025-07-26,4786.56,234.29
CLM-005065,PAY-03,PRV-0073,2025-08-01,4981.44,1668.88
CLM-005066,PAY-05,PRV-0050,2025-08-14,3967.88,4468.1
CLM-005067,PAY-02,PRV-0001,2025-07-14,4455.75,1848.9
CLM-005068,PAY-03,PRV-0046,2025-07-07,3642.1,2309.05
CLM-005069,PAY-04,PRV-0038,2025-07-07,4915.95,2745.22
CLM-005070,PAY-05,PRV-0077,2025-07-03,1202.34,2483.73
CLM-005071,PAY-02,PRV-0075,2025-08-09,2074.22,3452.36
CLM-005072,PAY-02,PRV-0025,2025-07-09,3704.44,3047.5
CLM-005073,PAY-01,PRV-0042,2025-07-12,3805.23,725.81
CLM-005074,PAY-04,PRV-0079,2025-07-25,2337.18,2366.51
CLM-005075,PAY-03,PRV-0043,2025-07-09,3373.02,619.21
CLM-005076,PAY-01,PRV-0074,2025-07-09,897.8,2278.54
CLM-005077,PAY-02,PRV-0012,2025-07-23,949.02,3198.82
CLM-005078,PAY-04,PRV-0030,2025-07-06,3000.26,904.97
CLM-005079,PAY-05,PRV-0042,2025-07-23,4189.73,4122.76
CLM-005080,PAY-02,PRV-0064,2025-08-04,77.99,2052.87
CLM-005081,PAY-03,PRV-0077,2025-07-27,2662.18,2173.97
CLM-005082,PAY-04,PRV-0075,2025-07-13,437.21,2106.33
CLM-005083,PAY-05,PRV-0019,2025-07-26,781.09,1068.01
CLM-005084,PAY-05,PRV-0051,2025-07-06,225.72,2106.18
CLM-005085,PAY-05,PRV-0038,2025-07-03,4803.42,3621.93
CLM-005086,PAY-04,PRV-0010,2025-07-02,3092.28,4341.0
CLM-005087,PAY-01,PRV-0045,2025-07-19,437.72,449.35
CLM-005088,PAY-01,PRV-0038,2025-08-10,4703.69,2718.7
CLM-005089,PAY-02,PRV-0009,2025-07-25,2573.98,2230.49
CLM-005090,PAY-02,PRV-0072,2025-07-31,3646.28,1242.89
CLM-005091,PAY-05,PRV-0073,2025-07-20,2340.44,2996.97
CLM-005092,PAY-03,PRV-0037,2025-08-13,1968.93,3648.78
CLM-005093,PAY-02,PRV-0027,2025-07-15,4598.41,945.89
CLM-005094,PAY-05,PRV-0048,2025-07-29,1505.5,2883.44
CLM-005095,PAY-05,PRV-0042,2025-07-09,4801.78,3695.76
CLM-005096,PAY-05,PRV-0004,2025-07-28,655.15,252.57
CLM-005097,PAY-03,PRV-0006,2025-07-26,4914.17,141.0
CLM-005098,PAY-04,PRV-0014,2025-07-25,163.39,3511.72
CLM-005099,PAY-02,PRV-0064,2025-08-03,4315.31,396.52
CLM-005100,PAY-01,PRV-0063,2025-08-04,3386.5,844.59
CLM-005101,PAY-04,PRV-0073,2025-07-04,1297.11,4092.82
CLM-005102,PAY-05,PRV-0003,2025-07-16,3696.95,88.42
CLM-005103,PAY-05,PRV-0064,2025-07-02,4955.76,4256.03
CLM-005104,PAY-01,PRV-0019,2025-07-19,1674.03,3845.87
CLM-005105,PAY-05,PRV-0078,2025-08-13,3395.69,4420.05
CLM-005106,PAY-04,PRV-0005,2025-07-23,1583.4,723.02
CLM-005107,PAY-05,PRV-0076,2025-08-11,2077.76,2615.9
CLM-005108,PAY-03,PRV-0070,2025-08-08,2023.59,377.57
CLM-005109,PAY-02,PRV-0066,2025-07-17,4487.84,1602.86
CLM-005110,PAY-01,PRV-0020,2025-07-10,4283.8,2447.33
CLM-005111,PAY-04,PRV-0045,2025-08-14,1249.47,3427.35
CLM-005112,PAY-05,PRV-0050,2025-08-03,1429.88,61.38
CLM-005113,PAY-01,PRV-0037,2025-08-03,3962.33,2891.4
CLM-005114,PAY-05,PRV-0027,2025-07-17,4833.97,3363.79
CLM-005115,PAY-03,PRV-0014,2025-08-12,4578.47,2308.42
CLM-005116,PAY-01,PRV-0040,2025-07-13,3559.52,4413.16
CLM-005117,PAY-03,PRV-0038,2025-07-13,1447.45,4499.46
CLM-005118,PAY-01,PRV-0064,2025-07-19,823.36,4065.13
CLM-005119,PAY-01,PRV-0074,2025-07-06,2233.19,2107.71
CLM-005120,PAY-03,PRV-0074,2025-07-23,3855.44,2260.91
CLM-005121,PAY-04,PRV-0054,2025-07-21,4821.01,2648.75
CLM-005122,PAY-03,PRV-0039,2025-08-11,1036.09,1668.33
CLM-005123,PAY-03,PRV-0012,2025-08-01,4264.15,3342.63
CLM-005124,PAY-03,PRV-0003,2025-07-02,2619.61,717.65
CLM-005125,PAY-03,PRV-0068,2025-07-29,4154.76,2083.15
CLM-005126,PAY-03,PRV-0007,2025-08-12,3860.29,318.39
CLM-005127,PAY-01,PRV-0030,2025-07-21,2242.34,4002.22
CLM-005128,PAY-01,PRV-0001,2025-08-09,255.96,512.89
CLM-005129,PAY-04,PRV-0030,2025-07-19,2312.65,421.34
CLM-005130,PAY-02,PRV-0023,2025-08-13,4354.58,1027.33
CLM-005131,PAY-01,PRV-0050,2025-07-31,4583.22,4145.35
CLM-005132,PAY-05,PRV-0040,2025-07-18,3624.13,260.14
CLM-005133,PAY-05,PRV-0040,2025-07-30,962.4,4194.07
CLM-005134,PAY-04,PRV-0049,2025-08-06,3636.22,3260.9
CLM-005135,PAY-04,PRV-0052,2025-07-21,1983.06,3979.24
CLM-005136,PAY-02,PRV-0016,2025-07-28,1132.01,756.73
CLM-005137,PAY-01,PRV-0062,2025-08-12,3651.25,1936.15
CLM-005138,PAY-04,PRV-0065,2025-07-31,2235.03,199.99
CLM-005139,PAY-04,PRV-0049,2025-07-04,1113.94,1039.9
CLM-005140,PAY-03,PRV-0065,2025-07-16,2108.8,4071.32
CLM-005141,PAY-05,PRV-0016,2025-08-12,4750.53,1896.41
CLM-005142,PAY-03,PRV-0020,2025-07-09,4589.3,4306.91
CLM-005143,PAY-01,PRV-0065,2025-07-23,1614.33,838.13
CLM-005144,PAY-02,PRV-0019,2025-07-26,2443.04,2517.93
CLM-005145,PAY-03,PRV-0080,2025-07-14,4377.4,3934.5
CLM-005146,PAY-03,PRV-0014,2025-08-13,3648.45,2297.79
CLM-005147,PAY-01,PRV-0017,2025-07-06,3835.09,1330.71
CLM-005148,PAY-01,PRV-0026,2025-08-09,256.67,3550.24
CLM-005149,PAY-04,PRV-0069,2025-08-12,4049.81,4472.4
CLM-005150,PAY-02,PRV-0001,2025-07-31,1478.01,1914.05
CLM-005151,PAY-04,PRV-0023,2025-07-11,556.59,836.94
CLM-005152,PAY-02,PRV-0071,2025-08-10,147.18,4117.98
CLM-005153,PAY-05,PRV-0019,2025-08-13,3087.79,1244.24
CLM-005154,PAY-05,PRV-0034,2025-07-18,4197.33,2877.76
CLM-005155,PAY-03,PRV-0045,2025-08-03,4032.99,4102.66
CLM-005156,PAY-03,PRV-0066,2025-07-21,3991.73,2863.11
CLM-005157,PAY-05,PRV-0007,2025-08-12,2232.22,1604.34
CLM-005158,PAY-02,PRV-0020,2025-08-12,1249.3,1920.55
CLM-005159,PAY-02,PRV-0034,2025-08-14,1739.25,3215.65
CLM-005160,PAY-02,PRV-0021,2025-07-28,1894.68,2315.13
CLM-005161,PAY-01,PRV-0056,2025-07-17,1896.45,727.92
CLM-005162,PAY-04,PRV-0068,2025-07-05,2672.81,639.59
CLM-005163,PAY-03,PRV-0077,2025-07-23,4635.19,1011.23
CLM-005164,PAY-04,PRV-0046,2025-07-06,4179.35,812.87
CLM-005165,PAY-02,PRV-0017,2025-07-23,830.28,456.15
CLM-005166,PAY-05,PRV-0013,2025-07-25,3116.79,889.93
CLM-005167,PAY-02,PRV-0019,2025-07-26,2105.12,1404.25
CLM-005168,PAY-01,PRV-0003,2025-08-14,3586.81,3631.62
CLM-005169,PAY-03,PRV-0044,2025-07-15,3457.22,4057.51
CLM-005170,PAY-01,PRV-0055,2025-07-08,1331.32,1396.69
CLM-005171,PAY-01,PRV-0065,2025-07-30,441.24,4221.2
CLM-005172,PAY-05,PRV-0076,2025-08-07,2901.99,1009.39
CLM-005173,PAY-03,PRV-0063,2025-08-02,3238.5,1334.39
CLM-005174,PAY-01,PRV-0060,2025-07-27,871.93,611.64
CLM-005175,PAY-03,PRV-0065,2025-07-02,2879.67,1330.06
CLM-005176,PAY-02,PRV-0009,2025-07-30,4609.53,1660.11
CLM-005177,PAY-02,PRV-0022,2025-07-27,4423.78,813.97
CLM-005178,PAY-03,PRV-0062,2025-07-06,200.72,1724.14
CLM-005179,PAY-01,PRV-0027,2025-08-14,143.83,1526.68
CLM-005180,PAY-03,PRV-0018,2025-08-13,3379.03,2059.59
CLM-005181,PAY-02,PRV-0047,2025-08-02,1368.0,2032.63
CLM-005182,PAY-03,PRV-0038,2025-08-02,1068.06,3978.92
CLM-005183,PAY-03,PRV-0021,2025-08-09,2065.21,2978.56
CLM-005184,PAY-02,PRV-0057,2025-07-12,3905.0,223.42
CLM-005185,PAY-05,PRV-0061,2025-07-05,1819.83,2604.06
CLM-005186,PAY-02,PRV-0062,2025-07-15,1923.34,1872.06
CLM-005187,PAY-03,PRV-0025,2025-07-07,3748.32,385.6
CLM-005188,PAY-05,PRV-0016,2025-07-30,2057.08,1523.73
CLM-005189,PAY-04,PRV-0057,2025-07-12,793.53,4325.77
CLM-005190,PAY-03,PRV-0013,2025-07-01,3708.97,3002.3
CLM-005191,PAY-02,PRV-0036,2025-08-14,1369.91,1381.57
CLM-005192,PAY-04,PRV-0062,2025-07-14,3556.87,1312.17
CLM-005193,PAY-05,PRV-0048,2025-07-22,4432.82,3877.85
CLM-005194,PAY-02,PRV-0057,2025-07-08,2689.44,2762.45
CLM-005195,PAY-03,PRV-0055,2025-07-26,1682.51,1742.42
CLM-005196,PAY-05,PRV-0032,2025-07-01,2861.81,4336.0
CLM-005197,PAY-02,PRV-0013,2025-07-27,3001.67,616.01
CLM-005198,PAY-02,PRV-0054,2025-07-29,2098.38,3845.43
CLM-005199,PAY-01,PRV-0044,2025-07-29,2813.43,4306.42
CLM-005200,PAY-03,PRV-0026,2025-08-01,3282.31,3706.55
CLM-005201,PAY-05,PRV-0066,2025-07-20,902.97,4045.04
CLM-005202,PAY-03,PRV-0004,2025-07-21,1100.51,4427.3
CLM-005203,PAY-04,PRV-0038,2025-07-07,2640.6,4040.93
CLM-005204,PAY-03,PRV-0002,2025-07-22,4463.48,2960.0
CLM-005205,PAY-03,PRV-0016,2025-07-11,1334.95,2876.07
CLM-005206,PAY-02,PRV-0037,2025-07-10,852.45,4201.43
CLM-005207,PAY-03,PRV-0005,2025-07-14,1890.86,1161.36
CLM-005208,PAY-04,PRV-0013,2025-07-23,2605.13,4486.15
CLM-005209,PAY-03,PRV-0005,2025-08-04,1191.39,1355.26
CLM-005210,PAY-05,PRV-0032,2025-07-13,809.39,683.66
CLM-005211,PAY-01,PRV-0027,2025-07-03,3879.46,1190.03
CLM-005212,PAY-04,PRV-0001,2025-07-31,4952.36,639.77
CLM-005213,PAY-05,PRV-0004,2025-08-02,4274.62,3128.3
CLM-005214,PAY-01,PRV-0038,2025-07-24,1983.1,1176.3
CLM-005215,PAY-05,PRV-0023,2025-07-07,1681.15,1436.77
CLM-005216,PAY-05,PRV-0029,2025-08-03,667.3,3131.69
CLM-005217,PAY-05,PRV-0055,2025-08-07,93.12,2423.39
CLM-005218,PAY-02,PRV-0073,2025-08-14,4377.05,1813.19
CLM-005219,PAY-01,PRV-0025,2025-08-12,1128.08,269.61
CLM-005220,PAY-05,PRV-0036,2025-07-03,3120.42,1152.87
CLM-005221,PAY-04,PRV-0008,2025-07-11,348.68,2725.0
CLM-005222,PAY-04,PRV-0059,2025-07-27,2566.83,1206.1
CLM-005223,PAY-01,PRV-0077,2025-07-09,2230.33,1793.58
CLM-005224,PAY-02,PRV-0017,2025-07-13,4676.12,1371.98
CLM-005225,PAY-05,PRV-0028,2025-07-06,1353.93,1646.66
CLM-005226,PAY-05,PRV-0013,2025-07-28,1661.49,400.77
CLM-005227,PAY-02,PRV-0034,2025-08-06,538.83,2369.0
CLM-005228,PAY-05,PRV-0011,2025-07-24,4122.78,1266.68
CLM-005229,PAY-05,PRV-0032,2025-08-06,1043.55,4332.05
CLM-005230,PAY-03,PRV-0069,2025-07-08,858.45,2238.66
CLM-005231,PAY-01,PRV-0055,2025-07-17,2699.0,843.03
CLM-005232,PAY-05,PRV-0025,2025-07-30,580.58,2758.13
CLM-005233,PAY-04,PRV-0041,2025-07-14,2928.55,1902.06
CLM-005234,PAY-05,PRV-0058,2025-07-29,1952.25,3776.37
CLM-005235,PAY-04,PRV-0034,2025-08-09,423.84,1785.33
CLM-005236,PAY-03,PRV-0042,2025-07-16,1440.73,4396.76
CLM-005237,PAY-02,PRV-0024,2025-08-08,4014.91,501.98
CLM-005238,PAY-03,PRV-0077,2025-07-25,604.83,73.25
CLM-005239,PAY-03,PRV-0015,2025-07-22,35.31,875.77
CLM-005240,PAY-05,PRV-0044,2025-07-10,3579.4,2205.49
CLM-005241,PAY-04,PRV-0058,2025-07-29,2122.67,1511.18
CLM-005242,PAY-05,PRV-0055,2025-07-10,361.5,4475.39
CLM-005243,PAY-02,PRV-0052,2025-07-23,3342.88,2803.05
CLM-005244,PAY-02,PRV-0042,2025-08-06,4629.02,2085.47
CLM-005245,PAY-02,PRV-0028,2025-07-25,3388.79,512.17
CLM-005246,PAY-05,PRV-0005,2025-07-08,4618.95,2584.46
CLM-005247,PAY-01,PRV-0055,2025-07-30,3096.77,3608.3
CLM-005248,PAY-02,PRV-0067,2025-07-15,1007.39,2388.42
CLM-005249,PAY-04,PRV-0065,2025-07-31,2714.17,860.99
CLM-005250,PAY-04,PRV-0014,2025-08-03,322.17,2455.87
CLM-005251,PAY-01,PRV-0046,2025-07-27,3913.43,1825.38
CLM-005252,PAY-02,PRV-0041,2025-07-22,4447.84,4419.85
CLM-005253,PAY-05,PRV-0055,2025-08-01,523.7,956.7
CLM-005254,PAY-01,PRV-0073,2025-07-22,3568.5,717.82
CLM-005255,PAY-02,PRV-0079,2025-07-09,1580.19,2459.81
CLM-005256,PAY-01,PRV-0007,2025-07-11,351.25,3359.35
CLM-005257,PAY-05,PRV-0050,2025-08-12,2819.13,2161.83
CLM-005258,PAY-03,PRV-0029,2025-07-06,3573.5,390.81
CLM-005259,PAY-01,PRV-0055,2025-07-13,4950.53,331.57
CLM-005260,PAY-05,PRV-0064,2025-07-17,3844.68,1864.73
CLM-005261,PAY-05,PRV-0043,2025-07-30,3274.36,1476.92
CLM-005262,PAY-01,PRV-0060,2025-07-27,3548.15,1520.87
CLM-005263,PAY-02,PRV-0074,2025-07-22,1887.29,692.55
CLM-005264,PAY-02,PRV-0009,2025-07-27,3647.72,1975.17
CLM-005265,PAY-05,PRV-0006,2025-07-24,1280.32,3417.66
CLM-005266,PAY-01,PRV-0011,2025-07-06,4873.18,4200.52
CLM-005267,PAY-05,PRV-0051,2025-07-19,4232.17,2867.56
CLM-005268,PAY-02,PRV-0061,2025-07-16,2986.42,1278.99
CLM-005269,PAY-01,PRV-0048,2025-07-19,2045.02,1726.99
CLM-005270,PAY-01,PRV-0009,2025-07-03,1977.51,4117.96
CLM-005271,PAY-05,PRV-0043,2025-07-03,95.82,764.16
CLM-005272,PAY-03,PRV-0040,2025-07-01,4760.2,787.47
CLM-005273,PAY-04,PRV-0070,2025-07-01,488.26,1560.12
CLM-005274,PAY-03,PRV-0079,2025-07-05,1718.14,986.77
CLM-005275,PAY-05,PRV-0017,2025-08-08,1754.95,567.05
CLM-005276,PAY-05,PRV-0068,2025-08-14,1382.86,2738.0
CLM-005277,PAY-03,PRV-0043,2025-08-05,946.4,2241.09
CLM-005278,PAY-05,PRV-0064,2025-08-02,4616.25,1379.51
CLM-005279,PAY-04,PRV-0047,2025-08-12,3495.23,2043.82
CLM-005280,PAY-03,PRV-0051,2025-07-13,3172.69,1852.9
CLM-005281,PAY-02,PRV-0021,2025-08-04,290.48,2947.27
CLM-005282,PAY-02,PRV-0026,2025-07-31,1347.22,1537.64
CLM-005283,PAY-05,PRV-0053,2025-07-09,2769.64,3170.72
CLM-005284,PAY-04,PRV-0003,2025-07-16,3329.9,173.13
CLM-005285,PAY-02,PRV-0073,2025-07-02,617.25,2408.33
CLM-005286,PAY-03,PRV-0013,2025-08-07,703.3,779.15
CLM-005287,PAY-02,PRV-0025,2025-08-06,890.49,2392.37
CLM-005288,PAY-02,PRV-0001,2025-07-19,3027.26,3864.56
CLM-005289,PAY-03,PRV-0064,2025-07-25,3802.21,469.04
CLM-005290,PAY-02,PRV-0005,2025-07-10,1236.58,690.22
CLM-005291,PAY-03,PRV-0074,2025-07-30,893.41,4012.77
CLM-005292,PAY-05,PRV-0005,2025-08-12,3029.31,2582.38
CLM-005293,PAY-02,PRV-0046,2025-07-23,677.53,353.17
CLM-005294,PAY-02,PRV-0076,2025-08-01,3593.98,2258.97
CLM-005295,PAY-01,PRV-0047,2025-08-07,4295.84,2223.34
CLM-005296,PAY-02,PRV-0005,2025-07-01,2668.39,2122.2
CLM-005297,PAY-05,PRV-0077,2025-07-01,3488.06,2897.98
CLM-005298,PAY-01,PRV-0069,2025-08-14,4368.69,1488.55
CLM-005299,PAY-05,PRV-0067,2025-07-08,1873.7,542.16
CLM-005300,PAY-05,PRV-0077,2025-07-13,3825.76,137.72
CLM-005301,PAY-05,PRV-0065,2025-07-17,2660.89,530.15
CLM-005302,PAY-04,PRV-0072,2025-07-03,3486.21,2158.87
CLM-005303,PAY-02,PRV-0002,2025-08-04,2206.08,3392.58
CLM-005304,PAY-02,PRV-0051,2025-08-09,3100.45,2008.78
CLM-005305,PAY-04,PRV-0032,2025-07-01,2899.8,3401.24
CLM-005306,PAY-01,PRV-0069,2025-08-05,2907.85,1394.76
CLM-005307,PAY-03,PRV-0056,2025-07-03,1415.02,745.31
CLM-005308,PAY-04,PRV-0003,2025-07-07,3854.62,380.6
CLM-005309,PAY-04,PRV-0009,2025-07-01,4948.2,1268.93
CLM-005310,PAY-01,PRV-0001,2025-08-14,2788.88,3753.86
CLM-005311,PAY-03,PRV-0079,2025-07-21,4597.66,2676.3
CLM-005312,PAY-01,PRV-0004,2025-07-06,3803.71,2542.67
CLM-005313,PAY-04,PRV-0011,2025-07-01,2150.02,1492.46
CLM-005314,PAY-05,PRV-0051,2025-08-07,642.43,1332.97
CLM-005315,PAY-02,PRV-0059,2025-07-26,2938.76,1081.95
CLM-005316,PAY-04,PRV-0077,2025-07-15,3216.16,1261.54
CLM-005317,PAY-03,PRV-0014,2025-07-16,4079.48,1029.66
CLM-005318,PAY-02,PRV-0072,2025-07-24,594.38,383.99
CLM-005319,PAY-05,PRV-0057,2025-07-03,4640.95,1172.84
CLM-005320,PAY-03,PRV-0050,2025-07-26,2027.02,2456.52
CLM-005321,PAY-01,PRV-0022,2025-08-12,532.02,2167.0
CLM-005322,PAY-05,PRV-0037,2025-07-21,4386.54,3746.91
CLM-005323,PAY-01,PRV-0051,2025-07-27,2184.2,2548.63
CLM-005324,PAY-01,PRV-0011,2025-08-10,2340.27,3320.48
CLM-005325,PAY-01,PRV-0001,2025-07-30,581.91,1114.36
CLM-005326,PAY-02,PRV-0020,2025-07-23,2073.33,1200.09
CLM-005327,PAY-02,PRV-0063,2025-07-08,3292.41,1485.74
CLM-005328,PAY-02,PRV-0057,2025-07-18,1852.95,772.54
CLM-005329,PAY-05,PRV-0071,2025-07-15,1188.88,106.97
CLM-005330,PAY-04,PRV-0052,2025-07-05,2794.46,3247.14
CLM-005331,PAY-01,PRV-0034,2025-07-15,2447.03,953.17
CLM-005332,PAY-02,PRV-0049,2025-07-29,1334.26,2937.9
CLM-005333,PAY-04,PRV-0035,2025-07-15,4660.77,1207.88
CLM-005334,PAY-03,PRV-0046,2025-07-14,2150.36,1199.25
CLM-005335,PAY-05,PRV-0044,2025-08-10,2077.39,1452.73
CLM-005336,PAY-01,PRV-0003,2025-07-14,4289.78,559.03
CLM-005337,PAY-04,PRV-0060,2025-07-18,866.44,4139.55
CLM-005338,PAY-01,PRV-0062,2025-07-29,2667.38,3107.74
CLM-005339,PAY-01,PRV-0025,2025-07-11,678.78,1536.17
CLM-005340,PAY-05,PRV-0061,2025-08-14,336.06,452.61
CLM-005341,PAY-03,PRV-0007,2025-07-20,4091.18,399.24
CLM-005342,PAY-03,PRV-0078,2025-07-04,3047.06,3050.55
CLM-005343,PAY-05,PRV-0061,2025-08-14,4653.77,4450.81
CLM-005344,PAY-03,PRV-0055,2025-07-10,4981.98,2028.07
CLM-005345,PAY-02,PRV-0059,2025-07-15,1700.57,869.24
CLM-005346,PAY-05,PRV-0017,2025-08-13,3840.28,57.87
CLM-005347,PAY-03,PRV-0009,2025-07-10,3652.28,1730.26
CLM-005348,PAY-03,PRV-0053,2025-07-14,1333.99,2423.58
CLM-005349,PAY-05,PRV-0053,2025-07-20,3256.84,2825.97
CLM-005350,PAY-01,PRV-0052,2025-07-14,1284.76,318.8
CLM-005351,PAY-04,PRV-0071,2025-07-29,1164.01,21.76
CLM-005352,PAY-02,PRV-0052,2025-07-05,571.82,4431.6
CLM-005353,PAY-01,PRV-0015,2025-08-12,929.07,1511.28
CLM-005354,PAY-05,PRV-0033,2025-08-04,3020.17,849.41
CLM-005355,PAY-01,PRV-0027,2025-08-11,4135.35,1025.66
CLM-005356,PAY-05,PRV-0045,2025-07-11,970.03,3181.3
CLM-005357,PAY-05,PRV-0042,2025-08-10,3412.97,2657.76
CLM-005358,PAY-04,PRV-0020,2025-08-12,2696.29,601.48
CLM-005359,PAY-02,PRV-0075,2025-07-17,3181.68,2727.88
CLM-005360,PAY-05,PRV-0074,2025-07-30,280.51,1761.59
CLM-005361,PAY-03,PRV-0021,2025-08-08,3136.07,4427.26
CLM-005362,PAY-02,PRV-0045,2025-08-05,766.5,1203.78
CLM-005363,PAY-05,PRV-0077,2025-07-27,3940.9,1279.19
CLM-005364,PAY-02,PRV-0005,2025-08-01,4895.21,635.85
CLM-005365,PAY-03,PRV-0062,2025-07-23,1111.99,914.54
CLM-005366,PAY-03,PRV-0049,2025-07-26,4991.33,3648.2
CLM-005367,PAY-01,PRV-0004,2025-08-13,503.1,1257.56
CLM-005368,PAY-01,PRV-0075,2025-07-03,509.01,2516.01
CLM-005369,PAY-05,PRV-0061,2025-08-13,2939.27,2585.59
CLM-005370,PAY-01,PRV-0004,2025-08-03,2638.44,3978.35
CLM-005371,PAY-01,PRV-0061,2025-07-10,2458.68,3467.13
CLM-005372,PAY-05,PRV-0009,2025-07-21,1375.42,4190.38
CLM-005373,PAY-03,PRV-0014,2025-07-09,1853.69,2264.18
CLM-005374,PAY-03,PRV-0078,2025-08-11,2503.78,164.1
CLM-005375,PAY-05,PRV-0053,2025-07-30,2349.32,2103.58
CLM-005376,PAY-04,PRV-0011,2025-07-01,4719.04,2088.51
CLM-005377,PAY-04,PRV-0039,2025-08-12,4607.95,2097.68
CLM-005378,PAY-05,PRV-0059,2025-07-15,3900.25,677.45
CLM-005379,PAY-04,PRV-0072,2025-08-01,1867.3,3220.58
CLM-005380,PAY-05,PRV-0055,2025-07-17,2070.54,4436.33
CLM-005381,PAY-05,PRV-0052,2025-07-31,279.47,1222.69
CLM-005382,PAY-01,PRV-0008,2025-08-06,3268.42,1371.04
CLM-005383,PAY-02,PRV-0003,2025-08-07,1884.92,3870.95
CLM-005384,PAY-01,PRV-0036,2025-07-12,973.94,2045.39
CLM-005385,PAY-05,PRV-0056,2025-08-01,1282.9,211.58
CLM-005386,PAY-02,PRV-0011,2025-07-31,2298.6,4397.91
CLM-005387,PAY-02,PRV-0070,2025-07-16,916.03,660.5
CLM-005388,PAY-02,PRV-0004,2025-07-31,698.72,154.11
CLM-005389,PAY-02,PRV-0068,2025-07-05,144.81,3288.29
CLM-005390,PAY-02,PRV-0049,2025-08-07,4178.84,1635.4
CLM-005391,PAY-02,PRV-0009,2025-07-13,1529.61,1414.86
CLM-005392,PAY-02,PRV-0051,2025-07-30,2235.07,1150.74
CLM-005393,PAY-05,PRV-0027,2025-08-04,2050.29,2717.67
CLM-005394,PAY-02,PRV-0011,2025-07-14,285.75,4136.76
CLM-005395,PAY-05,PRV-0071,2025-08-04,4534.99,1929.32
CLM-005396,PAY-03,PRV-0034,2025-08-05,370.13,2367.07
CLM-005397,PAY-04,PRV-0074,2025-07-16,1564.12,306.94
CLM-005398,PAY-01,PRV-0007,2025-08-05,81.83,2839.27
CLM-005399,PAY-04,PRV-0059,2025-07-08,3731.62,3613.19
CLM-005400,PAY-04,PRV-0047,2025-08-02,4711.69,303.19
CLM-005401,PAY-04,PRV-0018,2025-07-30,1518.55,3458.3
CLM-005402,PAY-04,PRV-0074,2025-07-06,1517.53,1223.16
CLM-005403,PAY-02,PRV-0015,2025-07-01,3218.7,1506.62
CLM-005404,PAY-05,PRV-0074,2025-07-14,1873.78,1279.55
CLM-005405,PAY-04,PRV-0021,2025-07-20,2033.93,2947.76
CLM-005406,PAY-03,PRV-0058,2025-08-07,3326.66,2714.03
CLM-005407,PAY-01,PRV-0053,2025-08-02,4858.3,4309.26
CLM-005408,PAY-05,PRV-0027,2025-07-10,4951.33,1296.5
CLM-005409,PAY-04,PRV-0016,2025-08-07,1535.01,4146.73
CLM-005410,PAY-04,PRV-0012,2025-08-05,3213.78,2766.97
CLM-005411,PAY-03,PRV-0059,2025-08-11,499.5,1369.81
CLM-005412,PAY-01,PRV-0016,2025-08-06,1191.71,226.21
CLM-005413,PAY-04,PRV-0009,2025-07-08,1192.11,3543.81
CLM-005414,PAY-04,PRV-0073,2025-07-28,2317.56,3498.63
CLM-005415,PAY-04,PRV-0050,2025-07-27,3938.63,2536.1
CLM-005416,PAY-02,PRV-0011,2025-07-05,2617.69,3531.03
CLM-005417,PAY-01,PRV-0028,2025-08-10,3514.08,4473.07
CLM-005418,PAY-03,PRV-0008,2025-07-08,1119.38,1241.47
CLM-005419,PAY-02,PRV-0016,2025-08-13,3544.07,2054.51
CLM-005420,PAY-04,PRV-0045,2025-07-18,3404.38,2312.96
CLM-005421,PAY-04,PRV-0047,2025-08-10,1715.95,4410.84
CLM-005422,PAY-03,PRV-0074,2025-08-03,1901.07,3165.37
CLM-005423,PAY-04,PRV-0036,2025-08-12,4746.56,1868.02
CLM-005424,PAY-01,PRV-0078,2025-08-12,3179.18,3164.1
CLM-005425,PAY-05,PRV-0022,2025-07-10,373.62,1336.87
CLM-005426,PAY-02,PRV-0033,2025-08-05,4445.78,3270.38
CLM-005427,PAY-04,PRV-0003,2025-07-03,336.39,2434.09
CLM-005428,PAY-03,PRV-0067,2025-08-09,2486.24,1097.91
CLM-005429,PAY-05,PRV-0071,2025-07-15,916.91,4193.05
CLM-005430,PAY-05,PRV-0009,2025-08-02,3534.12,2310.75
CLM-005431,PAY-05,PRV-0036,2025-07-13,4507.58,4284.88
CLM-005432,PAY-04,PRV-0004,2025-07-09,361.64,661.22
CLM-005433,PAY-05,PRV-0059,2025-08-01,4943.9,1263.52
CLM-005434,PAY-04,PRV-0073,2025-08-11,949.56,44.75
CLM-005435,PAY-03,PRV-0015,2025-07-10,2943.36,26.43
CLM-005436,PAY-03,PRV-0065,2025-07-28,4577.38,1232.76
CLM-005437,PAY-01,PRV-0005,2025-07-22,601.73,1846.85
CLM-005438,PAY-04,PRV-0001,2025-08-04,2383.06,766.64
CLM-005439,PAY-04,PRV-0053,2025-07-06,819.26,388.95
CLM-005440,PAY-04,PRV-0044,2025-08-11,432.28,1571.38
CLM-005441,PAY-03,PRV-0043,2025-08-03,3005.65,602.11
CLM-005442,PAY-02,PRV-0039,2025-07-04,3022.47,3708.06
CLM-005443,PAY-02,PRV-0028,2025-07-01,2255.91,4020.77
CLM-005444,PAY-04,PRV-0032,2025-07-26,3305.84,1736.34
CLM-005445,PAY-01,PRV-0039,2025-07-30,3865.11,745.24
CLM-005446,PAY-02,PRV-0024,2025-07-02,1712.73,1486.85
CLM-005447,PAY-04,PRV-0021,2025-07-10,1854.59,3668.42
CLM-005448,PAY-04,PRV-0067,2025-08-05,3056.22,2998.91
CLM-005449,PAY-04,PRV-0062,2025-07-24,2403.23,2028.38
CLM-005450,PAY-04,PRV-0071,2025-08-09,319.75,1135.21
CLM-005451,PAY-02,PRV-0040,2025-07-26,2454.41,1810.29
CLM-005452,PAY-02,PRV-0009,2025-07-06,2220.47,4118.69
CLM-005453,PAY-05,PRV-0003,2025-07-24,1200.85,2395.79
CLM-005454,PAY-02,PRV-0004,2025-07-03,2386.78,3138.16
CLM-005455,PAY-03,PRV-0041,2025-07-25,2200.7,4302.81
CLM-005456,PAY-01,PRV-0016,2025-07-09,155.45,732.69
CLM-005457,PAY-05,PRV-0026,2025-08-02,2634.19,2740.45
CLM-005458,PAY-02,PRV-0060,2025-08-07,4692.91,4050.49
CLM-005459,PAY-02,PRV-0040,2025-07-19,1486.13,1325.91
CLM-005460,PAY-05,PRV-0033,2025-07-15,642.07,3766.09
CLM-005461,PAY-05,PRV-0071,2025-07-05,3539.02,3613.1
CLM-005462,PAY-02,PRV-0007,2025-07-11,4787.79,1039.72
CLM-005463,PAY-01,PRV-0011,2025-07-31,4260.78,1497.14
CLM-005464,PAY-05,PRV-0080,2025-07-17,4045.95,1598.09
CLM-005465,PAY-04,PRV-0002,2025-07-12,4114.89,4276.08
CLM-005466,PAY-05,PRV-0014,2025-07-04,4226.65,1681.92
CLM-005467,PAY-05,PRV-0026,2025-08-08,323.59,4230.74
CLM-005468,PAY-04,PRV-0038,2025-07-30,470.48,2577.87
CLM-005469,PAY-02,PRV-0069,2025-07-17,1701.32,2404.09
CLM-005470,PAY-02,PRV-0059,2025-07-04,1017.45,2926.57
CLM-005471,PAY-04,PRV-0004,2025-07-07,145.72,382.62
CLM-005472,PAY-01,PRV-0005,2025-07-12,4076.58,43.87
CLM-005473,PAY-04,PRV-0001,2025-07-06,1088.81,1396.6
CLM-005474,PAY-02,PRV-0044,2025-07-29,118.5,192.72
CLM-005475,PAY-05,PRV-0037,2025-07-02,4547.1,2478.49
CLM-005476,PAY-05,PRV-0034,2025-08-01,4536.82,1992.45
CLM-005477,PAY-01,PRV-0041,2025-07-12,3787.93,4084.98
CLM-005478,PAY-02,PRV-0072,2025-07-11,1064.71,791.63
CLM-005479,PAY-05,PRV-0010,2025-07-19,4799.51,719.47
CLM-005480,PAY-04,PRV-0072,2025-07-12,719.28,3848.54
CLM-005481,PAY-03,PRV-0057,2025-07-20,4393.75,1968.84
CLM-005482,PAY-04,PRV-0056,2025-07-31,253.17,3190.08
CLM-005483,PAY-05,PRV-0021,2025-07-20,2707.08,3270.17
CLM-005484,PAY-02,PRV-0061,2025-07-07,1953.53,4312.51
CLM-005485,PAY-04,PRV-0072,2025-07-27,3068.84,258.84
CLM-005486,PAY-03,PRV-0017,2025-08-08,2138.4,814.22
CLM-005487,PAY-01,PRV-0047,2025-08-12,4592.81,4482.37
CLM-005488,PAY-01,PRV-0025,2025-07-01,4103.23,187.06
CLM-005489,PAY-02,PRV-0066,2025-08-09,2199.65,2313.12
CLM-005490,PAY-05,PRV-0031,2025-07-01,1521.92,1075.4
CLM-005491,PAY-05,PRV-0041,2025-07-19,70.24,3248.24
CLM-005492,PAY-01,PRV-0046,2025-07-12,1195.51,3490.95
CLM-005493,PAY-05,PRV-0022,2025-08-10,614.87,157.98
CLM-005494,PAY-01,PRV-0013,2025-07-10,2935.93,3846.45
CLM-005495,PAY-02,PRV-0004,2025-07-21,2662.36,1050.71
CLM-005496,PAY-01,PRV-0029,2025-07-20,4020.13,2775.63
CLM-005497,PAY-04,PRV-0075,2025-08-09,2304.3,1579.9
CLM-005498,PAY-01,PRV-0053,2025-07-23,1879.4,2796.85
CLM-005499,PAY-03,PRV-0079,2025-07-28,2780.54,1988.9
CLM-005500,PAY-01,PRV-0010,2025-08-10,4863.67,956.97
CLM-005501,PAY-05,PRV-0002,2025-07-08,3890.51,3821.93
CLM-005502,PAY-04,PRV-0037,2025-07-22,2539.85,4356.44
CLM-005503,PAY-01,PRV-0007,2025-07-23,1593.72,4308.81
CLM-005504,PAY-05,PRV-0033,2025-07-07,1065.67,1831.08
CLM-005505,PAY-02,PRV-0002,2025-08-09,2971.4,3950.04
CLM-005506,PAY-03,PRV-0048,2025-07-09,4239.13,2278.36
CLM-005507,PAY-04,PRV-0042,2025-07-17,4849.06,152.53
CLM-005508,PAY-01,PRV-0007,2025-08-06,2849.36,245.52
CLM-005509,PAY-02,PRV-0034,2025-07-04,604.45,3701.56
CLM-005510,PAY-03,PRV-0031,2025-08-01,2809.27,1115.47
CLM-005511,PAY-02,PRV-0018,2025-07-12,2041.88,3694.75
CLM-005512,PAY-03,PRV-0079,2025-07-21,3928.69,1311.75
CLM-005513,PAY-02,PRV-0042,2025-08-03,4280.61,1281.15
CLM-005514,PAY-04,PRV-0062,2025-07-01,4531.01,3254.2
CLM-005515,PAY-02,PRV-0079,2025-08-13,2861.32,3652.5
CLM-005516,PAY-05,PRV-0019,2025-07-18,2456.62,1025.17
CLM-005517,PAY-03,PRV-0060,2025-07-11,1019.24,2076.03
CLM-005518,PAY-01,PRV-0029,2025-07-21,1576.4,3039.41
CLM-005519,PAY-01,PRV-0038,2025-07-21,4319.57,4467.93
CLM-005520,PAY-05,PRV-0061,2025-07-11,4927.72,632.01
CLM-005521,PAY-02,PRV-0080,2025-07-10,3914.11,3117.7
CLM-005522,PAY-05,PRV-0078,2025-08-12,952.58,628.9
CLM-005523,PAY-03,PRV-0067,2025-07-13,1098.81,3901.26
CLM-005524,PAY-04,PRV-0009,2025-07-26,4330.0,1214.4
CLM-005525,PAY-03,PRV-0021,2025-08-03,707.48,3167.57
CLM-005526,PAY-02,PRV-0004,2025-07-30,4515.29,1127.2
CLM-005527,PAY-01,PRV-0042,2025-07-06,410.07,3585.01
CLM-005528,PAY-02,PRV-0075,2025-08-13,4532.64,1981.99
CLM-005529,PAY-01,PRV-0076,2025-08-03,4892.77,1857.95
CLM-005530,PAY-02,PRV-0004,2025-07-27,453.21,206.22
CLM-005531,PAY-01,PRV-0061,2025-07-11,4969.88,2130.8
CLM-005532,PAY-03,PRV-0012,2025-07-02,3384.3,2796.13
CLM-005533,PAY-05,PRV-0015,2025-07-19,4398.39,67.96
CLM-005534,PAY-01,PRV-0028,2025-08-14,1589.41,1214.77
CLM-005535,PAY-04,PRV-0068,2025-07-12,3869.13,3770.28
CLM-005536,PAY-03,PRV-0069,2025-08-06,4079.2,3910.54
CLM-005537,PAY-01,PRV-0064,2025-07-03,129.08,3661.51
CLM-005538,PAY-04,PRV-0026,2025-07-02,2654.55,1865.78
CLM-005539,PAY-01,PRV-0041,2025-07-08,747.25,485.58
CLM-005540,PAY-04,PRV-0059,2025-07-10,66.11,4226.8
CLM-005541,PAY-05,PRV-0077,2025-07-01,1502.81,2742.17
CLM-005542,PAY-02,PRV-0036,2025-07-13,2311.47,2583.29
CLM-005543,PAY-01,PRV-0024,2025-08-11,2165.83,3961.93
CLM-005544,PAY-03,PRV-0005,2025-07-16,4497.73,2852.19
CLM-005545,PAY-04,PRV-0012,2025-07-25,4934.05,795.13
CLM-005546,PAY-02,PRV-0078,2025-07-11,358.24,3069.69
CLM-005547,PAY-01,PRV-0018,2025-08-01,4319.37,4145.16
CLM-005548,PAY-02,PRV-0011,2025-07-04,3448.89,3120.95
CLM-005549,PAY-01,PRV-0005,2025-07-28,2696.54,1804.41
CLM-005550,PAY-01,PRV-0055,2025-08-11,2195.55,86.33
CLM-005551,PAY-02,PRV-0041,2025-07-17,2406.47,2415.06
CLM-005552,PAY-05,PRV-0055,2025-08-06,1895.55,1390.53
CLM-005553,PAY-05,PRV-0022,2025-08-13,4907.47,3345.14
CLM-005554,PAY-04,PRV-0012,2025-08-04,757.83,3033.56
CLM-005555,PAY-05,PRV-0048,2025-08-03,334.3,32.93
CLM-005556,PAY-01,PRV-0059,2025-07-23,718.06,1323.04
CLM-005557,PAY-05,PRV-0001,2025-07-01,1435.21,121.04
CLM-005558,PAY-03,PRV-0074,2025-07-15,1074.22,2683.69
CLM-005559,PAY-02,PRV-0001,2025-07-18,3859.33,1826.98
CLM-005560,PAY-02,PRV-0025,2025-07-22,2097.16,1644.36
CLM-005561,PAY-03,PRV-0037,2025-07-01,3298.27,390.78
CLM-005562,PAY-05,PRV-0046,2025-07-01,3055.42,1859.8
CLM-005563,PAY-03,PRV-0001,2025-07-28,982.79,777.49
CLM-005564,PAY-03,PRV-0036,2025-07-13,4942.79,2002.38
CLM-005565,PAY-01,PRV-0030,2025-07-27,273.18,4040.19
CLM-005566,PAY-03,PRV-0019,2025-08-10,100.12,2263.97
CLM-005567,PAY-05,PRV-0053,2025-07-15,3799.25,258.28
CLM-005568,PAY-04,PRV-0053,2025-07-13,912.8,3962.98
CLM-005569,PAY-04,PRV-0022,2025-07-05,4673.71,2261.24
CLM-005570,PAY-03,PRV-0012,2025-07-26,338.59,1442.48
CLM-005571,PAY-02,PRV-0032,2025-07-27,4311.28,363.45
CLM-005572,PAY-02,PRV-0058,2025-07-10,2664.38,2350.73
CLM-005573,PAY-01,PRV-0005,2025-08-10,3842.75,2126.64
CLM-005574,PAY-04,PRV-0063,2025-07-16,989.65,3485.2
CLM-005575,PAY-04,PRV-0036,2025-07-17,4906.13,1102.71
CLM-005576,PAY-01,PRV-0049,2025-07-08,729.97,631.02
CLM-005577,PAY-03,PRV-0036,2025-08-09,3306.27,1705.3
CLM-005578,PAY-02,PRV-0064,2025-08-02,1206.08,1884.66
CLM-005579,PAY-02,PRV-0050,2025-07-18,4184.68,27.34
CLM-005580,PAY-02,PRV-0072,2025-08-10,1487.66,3925.42
CLM-005581,PAY-02,PRV-0068,2025-08-05,3452.51,2300.43
CLM-005582,PAY-04,PRV-0039,2025-07-03,812.16,2828.55
CLM-005583,PAY-02,PRV-0058,2025-08-09,2255.57,1047.49
CLM-005584,PAY-05,PRV-0074,2025-08-12,3269.97,2025.54
CLM-005585,PAY-05,PRV-0022,2025-07-07,272.54,2627.88
CLM-005586,PAY-03,PRV-0039,2025-07-27,3389.07,2273.21
CLM-005587,PAY-03,PRV-0024,2025-07-31,2930.04,3762.1
CLM-005588,PAY-02,PRV-0056,2025-07-02,789.17,2607.31
CLM-005589,PAY-04,PRV-0052,2025-08-12,4226.66,861.27
CLM-005590,PAY-04,PRV-0044,2025-08-01,552.86,3023.93
CLM-005591,PAY-05,PRV-0006,2025-07-01,2264.79,794.63
CLM-005592,PAY-04,PRV-0004,2025-07-12,2331.19,172.09
CLM-005593,PAY-01,PRV-0062,2025-08-13,3275.5,2401.26
CLM-005594,PAY-03,PRV-0045,2025-07-19,1558.91,2266.38
CLM-005595,PAY-04,PRV-0055,2025-07-11,83.69,2629.73
CLM-005596,PAY-02,PRV-0006,2025-08-07,3595.43,3081.51
CLM-005597,PAY-03,PRV-0053,2025-07-27,4703.93,3559.47
CLM-005598,PAY-01,PRV-0036,2025-08-09,1376.78,165.28
CLM-005599,PAY-01,PRV-0051,2025-08-01,274.6,1506.45
CLM-005600,PAY-04,PRV-0048,2025-07-24,641.42,1915.74
CLM-005601,PAY-02,PRV-0003,2025-07-12,2894.49,212.43
CLM-005602,PAY-04,PRV-0050,2025-07-24,3582.67,1071.4
CLM-005603,PAY-01,PRV-0070,2025-07-27,2347.15,1687.49
CLM-005604,PAY-02,PRV-0038,2025-07-29,3944.89,284.89
CLM-005605,PAY-04,PRV-0027,2025-07-15,1426.01,2045.42
CLM-005606,PAY-03,PRV-0030,2025-08-04,1509.45,364.06
CLM-005607,PAY-02,PRV-0013,2025-07-30,4828.05,2053.27
CLM-005608,PAY-04,PRV-0035,2025-08-14,3934.02,215.67
CLM-005609,PAY-04,PRV-0042,2025-08-07,522.13,3178.66
CLM-005610,PAY-05,PRV-0032,2025-07-31,1095.14,2103.4
CLM-005611,PAY-02,PRV-0071,2025-07-24,4989.23,2132.23
CLM-005612,PAY-03,PRV-0052,2025-07-29,4610.1,1889.56
CLM-005613,PAY-04,PRV-0009,2025-07-11,3754.86,2338.04
CLM-005614,PAY-01,PRV-0063,2025-07-04,661.85,3977.63
CLM-005615,PAY-05,PRV-0053,2025-07-07,3805.69,2491.81
CLM-005616,PAY-02,PRV-0021,2025-07-07,4500.06,939.05
CLM-005617,PAY-01,PRV-0026,2025-07-11,2338.42,2164.49
CLM-005618,PAY-05,PRV-0076,2025-07-11,2727.36,458.84
CLM-005619,PAY-04,PRV-0054,2025-08-12,1280.24,4225.97
CLM-005620,PAY-02,PRV-0049,2025-08-04,1916.17,2511.8
CLM-005621,PAY-04,PRV-0015,2025-08-09,1472.41,981.6
CLM-005622,PAY-02,PRV-0001,2025-07-08,3183.73,3945.72
CLM-005623,PAY-05,PRV-0060,2025-07-26,265.96,1492.39
CLM-005624,PAY-05,PRV-0003,2025-07-22,4772.95,286.15
CLM-005625,PAY-01,PRV-0008,2025-07-16,838.89,1875.83
CLM-005626,PAY-02,PRV-0007,2025-07-23,3625.25,3864.6
CLM-005627,PAY-04,PRV-0064,2025-07-31,56.63,607.97
CLM-005628,PAY-02,PRV-0080,2025-08-08,2451.95,1111.67
CLM-005629,PAY-04,PRV-0013,2025-07-11,4487.8,2584.93
CLM-005630,PAY-04,PRV-0059,2025-08-14,1198.96,3156.59
CLM-005631,PAY-04,PRV-0011,2025-08-08,3917.71,4338.35
CLM-005632,PAY-01,PRV-0039,2025-07-04,4104.38,1392.0
CLM-005633,PAY-03,PRV-0011,2025-08-10,2770.09,2114.36
CLM-005634,PAY-05,PRV-0062,2025-07-08,3690.21,393.39
CLM-005635,PAY-01,PRV-0007,2025-08-13,2692.76,1882.88
CLM-005636,PAY-04,PRV-0001,2025-08-08,3050.83,2502.28
CLM-005637,PAY-02,PRV-0013,2025-07-03,3009.08,1297.15
CLM-005638,PAY-01,PRV-0074,2025-07-10,1340.26,3819.69
CLM-005639,PAY-02,PRV-0007,2025-07-20,2130.25,1946.0
CLM-005640,PAY-04,PRV-0077,2025-07-08,3688.71,3206.57
CLM-005641,PAY-01,PRV-0036,2025-07-26,827.33,2183.21
CLM-005642,PAY-03,PRV-0076,2025-07-21,2284.08,3816.74
CLM-005643,PAY-02,PRV-0064,2025-08-08,2798.29,1341.02
CLM-005644,PAY-01,PRV-0076,2025-07-17,1156.2,1935.26
CLM-005645,PAY-03,PRV-0010,2025-08-08,3719.24,3064.14
CLM-005646,PAY-05,PRV-0009,2025-07-31,2206.53,301.21
CLM-005647,PAY-01,PRV-0005,2025-07-16,2130.34,1438.89
CLM-005648,PAY-04,PRV-0058,2025-07-05,3759.11,1561.84
CLM-005649,PAY-04,PRV-0039,2025-07-18,1815.52,2576.86
CLM-005650,PAY-02,PRV-0064,2025-07-12,3690.59,1772.75
CLM-005651,PAY-02,PRV-0001,2025-07-17,3473.43,3473.11
CLM-005652,PAY-01,PRV-0059,2025-08-10,2379.16,1499.21
CLM-005653,PAY-03,PRV-0047,2025-08-10,4046.5,2790.41
CLM-005654,PAY-05,PRV-0031,2025-07-04,237.75,2661.46
CLM-005655,PAY-04,PRV-0051,2025-08-05,349.79,1308.49
CLM-005656,PAY-05,PRV-0028,2025-07-08,3776.28,2967.89
CLM-005657,PAY-01,PRV-0014,2025-08-11,4672.98,3250.3
CLM-005658,PAY-01,PRV-0045,2025-08-02,1571.03,3668.38
CLM-005659,PAY-01,PRV-0003,2025-07-08,3912.67,378.47
CLM-005660,PAY-03,PRV-0052,2025-08-14,2133.87,961.02
CLM-005661,PAY-04,PRV-0032,2025-08-08,189.03,4196.26
CLM-005662,PAY-04,PRV-0025,2025-07-14,4827.71,1343.2
CLM-005663,PAY-01,PRV-0035,2025-08-03,1043.18,2169.57
CLM-005664,PAY-05,PRV-0038,2025-07-02,4653.86,1562.9
CLM-005665,PAY-02,PRV-0017,2025-08-03,2686.54,22.74
CLM-005666,PAY-02,PRV-0065,2025-07-31,4088.8,443.47
CLM-005667,PAY-04,PRV-0071,2025-07-20,4682.99,39.92
CLM-005668,PAY-02,PRV-0054,2025-07-25,2517.53,1984.15
CLM-005669,PAY-02,PRV-0030,2025-07-15,120.01,1244.36
CLM-005670,PAY-03,PRV-0015,2025-07-25,4660.78,2089.86
CLM-005671,PAY-03,PRV-0007,2025-07-16,3159.22,2721.77
CLM-005672,PAY-03,PRV-0052,2025-08-01,1803.99,1494.54
CLM-005673,PAY-05,PRV-0050,2025-07-12,4494.96,1991.06
CLM-005674,PAY-05,PRV-0045,2025-07-18,2830.53,2407.12
CLM-005675,PAY-03,PRV-0003,2025-07-23,1934.7,1299.27
CLM-005676,PAY-02,PRV-0069,2025-07-02,183.4,460.4
CLM-005677,PAY-01,PRV-0016,2025-07-07,829.35,1131.0
CLM-005678,PAY-04,PRV-0051,2025-07-23,2514.5,1211.82
CLM-005679,PAY-04,PRV-0078,2025-07-25,3328.73,2049.03
CLM-005680,PAY-02,PRV-0067,2025-07-25,2278.45,1046.96
CLM-005681,PAY-02,PRV-0061,2025-07-13,3287.44,2753.74
CLM-005682,PAY-03,PRV-0037,2025-07-31,2991.09,1795.41
CLM-005683,PAY-05,PRV-0064,2025-07-16,206.86,1893.42
CLM-005684,PAY-05,PRV-0040,2025-08-11,4716.84,3894.53
CLM-005685,PAY-05,PRV-0005,2025-07-01,620.95,1041.61
CLM-005686,PAY-02,PRV-0076,2025-08-10,1219.32,1069.11
CLM-005687,PAY-01,PRV-0010,2025-07-11,4670.63,3664.33
CLM-005688,PAY-01,PRV-0070,2025-08-14,1161.01,2317.59
CLM-005689,PAY-02,PRV-0046,2025-07-15,4140.59,319.98
CLM-005690,PAY-03,PRV-0005,2025-07-02,1167.51,4348.97
CLM-005691,PAY-02,PRV-0071,2025-08-10,2561.65,2235.35
CLM-005692,PAY-04,PRV-0059,2025-07-24,3668.65,3368.2
CLM-005693,PAY-05,PRV-0055,2025-07-18,3186.1,3910.87
CLM-005694,PAY-01,PRV-0043,2025-07-30,4992.92,977.02
CLM-005695,PAY-03,PRV-0075,2025-07-23,34.27,1810.21
CLM-005696,PAY-02,PRV-0066,2025-07-02,3656.93,1952.0
CLM-005697,PAY-04,PRV-0065,2025-08-12,3885.28,3690.23
CLM-005698,PAY-01,PRV-0062,2025-07-25,177.96,3238.47
CLM-005699,PAY-04,PRV-0013,2025-08-14,1992.12,2662.92
CLM-005700,PAY-01,PRV-0001,2025-08-09,1383.68,4158.14
CLM-005701,PAY-03,PRV-0075,2025-07-05,4327.81,2212.7
CLM-005702,PAY-03,PRV-0060,2025-07-27,1708.85,4440.54
CLM-005703,PAY-01,PRV-0023,2025-07-04,1289.92,3277.91
CLM-005704,PAY-04,PRV-0016,2025-07-27,4740.03,2364.07
CLM-005705,PAY-03,PRV-0071,2025-08-10,2581.87,2794.39
CLM-005706,PAY-02,PRV-0067,2025-08-14,3533.23,3645.67
CLM-005707,PAY-01,PRV-0051,2025-08-12,589.06,1798.81
CLM-005708,PAY-05,PRV-0056,2025-08-10,2468.01,2873.97
CLM-005709,PAY-02,PRV-0012,2025-07-04,847.08,2522.75
CLM-005710,PAY-02,PRV-0025,2025-07-26,359.99,295.94
CLM-005711,PAY-04,PRV-0047,2025-07-22,4101.61,2815.3
CLM-005712,PAY-05,PRV-0030,2025-07-29,288.96,3476.91
CLM-005713,PAY-03,PRV-0050,2025-07-21,360.62,3858.96
CLM-005714,PAY-01,PRV-0029,2025-07-10,2435.71,951.66
CLM-005715,PAY-03,PRV-0060,2025-07-27,1343.95,3251.39
CLM-005716,PAY-01,PRV-0034,2025-07-04,4848.59,3205.79
CLM-005717,PAY-02,PRV-0072,2025-07-23,378.28,129.81
CLM-005718,PAY-03,PRV-0053,2025-07-09,1658.46,2306.35
CLM-005719,PAY-03,PRV-0012,2025-07-02,163.71,1044.78
CLM-005720,PAY-02,PRV-0007,2025-08-13,1499.99,3378.34
CLM-005721,PAY-04,PRV-0029,2025-08-04,966.4,2903.48
CLM-005722,PAY-05,PRV-0064,2025-08-14,378.0,3771.88
CLM-005723,PAY-01,PRV-0012,2025-08-10,1397.37,4415.68
CLM-005724,PAY-04,PRV-0063,2025-07-29,4886.95,3054.12
CLM-005725,PAY-01,PRV-0004,2025-07-12,2044.71,2341.57
CLM-005726,PAY-04,PRV-0046,2025-07-22,4782.61,4322.36
CLM-005727,PAY-05,PRV-0007,2025-07-19,1620.26,692.84
CLM-005728,PAY-05,PRV-0070,2025-07-27,3723.11,4057.51
CLM-005729,PAY-01,PRV-0022,2025-08-12,3225.18,2900.07
CLM-005730,PAY-04,PRV-0049,2025-07-10,3607.98,2864.83
CLM-005731,PAY-05,PRV-0062,2025-07-27,1942.22,3843.07
CLM-005732,PAY-02,PRV-0002,2025-07-22,2528.93,172.36
CLM-005733,PAY-05,PRV-0013,2025-08-13,1823.02,388.36
CLM-005734,PAY-04,PRV-0011,2025-07-16,3450.98,112.9
CLM-005735,PAY-04,PRV-0033,2025-08-02,4834.16,1806.98
CLM-005736,PAY-04,PRV-0012,2025-07-17,4707.66,1401.39
CLM-005737,PAY-04,PRV-0061,2025-08-03,900.96,3418.9
CLM-005738,PAY-02,PRV-0043,2025-07-13,781.37,3231.12
CLM-005739,PAY-02,PRV-0033,2025-08-01,3804.86,2025.74
CLM-005740,PAY-03,PRV-0080,2025-07-28,4897.93,901.11
CLM-005741,PAY-05,PRV-0031,2025-07-30,1801.87,1070.31
CLM-005742,PAY-04,PRV-0037,2025-07-24,4150.81,1071.32
CLM-005743,PAY-03,PRV-0003,2025-08-12,562.23,3329.45
CLM-005744,PAY-03,PRV-0074,2025-07-31,4368.05,4303.68
CLM-005745,PAY-04,PRV-0006,2025-08-08,3957.32,3033.52
CLM-005746,PAY-05,PRV-0023,2025-07-29,4754.89,3304.76
CLM-005747,PAY-04,PRV-0016,2025-08-13,4383.17,3964.15
CLM-005748,PAY-03,PRV-0027,2025-07-27,1071.59,3942.67
CLM-005749,PAY-03,PRV-0019,2025-08-09,814.39,3391.58
CLM-005750,PAY-04,PRV-0056,2025-07-03,1002.77,4042.85
CLM-005751,PAY-03,PRV-0018,2025-08-01,1884.55,4269.35
CLM-005752,PAY-02,PRV-0080,2025-07-04,3913.45,390.59
CLM-005753,PAY-04,PRV-0067,2025-07-01,2583.56,3811.97
CLM-005754,PAY-01,PRV-0080,2025-07-06,432.44,2823.94
CLM-005755,PAY-04,PRV-0067,2025-08-07,1495.51,730.06
CLM-005756,PAY-05,PRV-0031,2025-08-06,4940.35,3909.93
CLM-005757,PAY-05,PRV-0039,2025-07-24,1316.7,1792.21
CLM-005758,PAY-03,PRV-0024,2025-07-25,4286.45,4356.0
CLM-005759,PAY-01,PRV-0073,2025-07-08,318.23,3206.67
CLM-005760,PAY-03,PRV-0072,2025-07-07,657.16,2818.77
CLM-005761,PAY-02,PRV-0031,2025-07-23,395.7,4412.77
CLM-005762,PAY-02,PRV-0037,2025-07-27,3244.14,1724.66
CLM-005763,PAY-01,PRV-0007,2025-07-04,4317.71,1642.22
CLM-005764,PAY-02,PRV-0039,2025-08-06,4458.78,1234.05
CLM-005765,PAY-04,PRV-0032,2025-08-04,1087.27,1280.84
CLM-005766,PAY-04,PRV-0055,2025-07-31,233.65,4213.21
CLM-005767,PAY-02,PRV-0041,2025-07-08,3122.65,379.04
CLM-005768,PAY-05,PRV-0065,2025-08-14,851.47,4031.33
CLM-005769,PAY-02,PRV-0053,2025-07-17,1172.88,2283.14
CLM-005770,PAY-04,PRV-0022,2025-07-23,3365.94,3212.34
CLM-005771,PAY-01,PRV-0064,2025-07-19,3626.05,2159.54
CLM-005772,PAY-05,PRV-0067,2025-07-09,1931.36,520.69
CLM-005773,PAY-02,PRV-0057,2025-08-12,819.11,2816.07
CLM-005774,PAY-03,PRV-0070,2025-08-13,3230.85,3976.04
CLM-005775,PAY-02,PRV-0069,2025-07-31,3088.8,2753.91
CLM-005776,PAY-02,PRV-0044,2025-07-13,4012.71,929.48
CLM-005777,PAY-05,PRV-0068,2025-07-14,4541.17,681.61
CLM-005778,PAY-04,PRV-0054,2025-08-02,2364.83,1337.03
CLM-005779,PAY-01,PRV-0047,2025-07-10,4834.81,363.39
CLM-005780,PAY-02,PRV-0019,2025-07-14,2177.96,3571.44
CLM-005781,PAY-04,PRV-0075,2025-07-02,4387.69,697.43
CLM-005782,PAY-02,PRV-0019,2025-07-19,2951.64,3183.5
CLM-005783,PAY-01,PRV-0046,2025-07-03,4975.22,3222.9
CLM-005784,PAY-05,PRV-0069,2025-08-04,568.49,1144.59
CLM-005785,PAY-01,PRV-0075,2025-07-18,4289.57,2929.7
CLM-005786,PAY-01,PRV-0054,2025-08-02,4391.41,773.76
CLM-005787,PAY-01,PRV-0073,2025-08-13,2113.66,3937.63
CLM-005788,PAY-01,PRV-0016,2025-07-29,4313.64,474.68
CLM-005789,PAY-02,PRV-0043,2025-07-14,4800.94,574.5
CLM-005790,PAY-05,PRV-0015,2025-07-02,492.02,1935.05
CLM-005791,PAY-01,PRV-0049,2025-07-09,3502.86,3231.32
CLM-005792,PAY-02,PRV-0037,2025-07-03,4842.42,3054.13
CLM-005793,PAY-01,PRV-0027,2025-07-26,2435.95,2587.15
CLM-005794,PAY-03,PRV-0038,2025-07-14,3402.03,679.63
CLM-005795,PAY-02,PRV-0065,2025-07-17,3308.04,568.32
CLM-005796,PAY-04,PRV-0010,2025-07-22,2995.66,44.45
CLM-005797,PAY-01,PRV-0057,2025-07-13,4524.95,816.99
CLM-005798,PAY-02,PRV-0045,2025-07-08,1678.45,1101.22
CLM-005799,PAY-02,PRV-0010,2025-08-05,2633.01,280.18
CLM-005800,PAY-05,PRV-0061,2025-07-29,4945.92,3743.28
CLM-005801,PAY-03,PRV-0031,2025-07-09,2480.75,2871.17
CLM-005802,PAY-01,PRV-0060,2025-08-14,1612.35,2352.62
CLM-005803,PAY-05,PRV-0067,2025-07-25,1939.61,2375.4
CLM-005804,PAY-05,PRV-0015,2025-08-09,3428.95,2475.56
CLM-005805,PAY-02,PRV-0014,2025-07-23,4104.37,3748.98
CLM-005806,PAY-03,PRV-0001,2025-07-14,2156.1,2646.35
CLM-005807,PAY-04,PRV-0025,2025-08-04,4740.3,2122.72
CLM-005808,PAY-03,PRV-0055,2025-07-10,4687.95,1642.79
CLM-005809,PAY-02,PRV-0066,2025-07-05,2994.84,3307.98
CLM-005810,PAY-01,PRV-0052,2025-08-12,502.85,1450.72
CLM-005811,PAY-04,PRV-0059,2025-07-04,204.84,2222.57
CLM-005812,PAY-05,PRV-0027,2025-07-28,4712.67,3002.01
CLM-005813,PAY-05,PRV-0074,2025-07-09,4081.52,1249.6
CLM-005814,PAY-05,PRV-0069,2025-07-06,2840.26,4431.53
CLM-005815,PAY-04,PRV-0041,2025-07-10,3618.07,767.93
CLM-005816,PAY-03,PRV-0024,2025-07-17,2832.31,2329.91
CLM-005817,PAY-02,PRV-0051,2025-08-12,1815.68,1607.59
CLM-005818,PAY-04,PRV-0067,2025-08-07,2454.28,2643.61
CLM-005819,PAY-05,PRV-0040,2025-08-09,3947.74,2625.82
CLM-005820,PAY-03,PRV-0050,2025-07-19,3287.9,2359.02
CLM-005821,PAY-05,PRV-0029,2025-07-21,455.63,3414.97
CLM-005822,PAY-05,PRV-0008,2025-08-11,4958.28,1276.28
CLM-005823,PAY-05,PRV-0057,2025-07-03,4255.85,2577.81
CLM-005824,PAY-02,PRV-0046,2025-07-20,2285.66,3836.8
CLM-005825,PAY-05,PRV-0037,2025-07-16,1071.04,3507.58
CLM-005826,PAY-01,PRV-0006,2025-08-07,3543.82,1471.74
CLM-005827,PAY-04,PRV-0004,2025-07-24,3289.48,1237.8
CLM-005828,PAY-03,PRV-0004,2025-08-08,1162.33,3558.0
CLM-005829,PAY-03,PRV-0006,2025-08-07,914.83,2820.72
CLM-005830,PAY-03,PRV-0072,2025-08-14,249.73,4234.01
CLM-005831,PAY-01,PRV-0023,2025-08-08,1604.92,1686.22
CLM-005832,PAY-04,PRV-0031,2025-08-07,3171.29,1216.27
CLM-005833,PAY-01,PRV-0060,2025-07-13,1322.91,434.37
CLM-005834,PAY-05,PRV-0053,2025-07-07,1146.34,3715.45
CLM-005835,PAY-04,PRV-0056,2025-07-01,2095.76,3114.25
CLM-005836,PAY-02,PRV-0051,2025-07-18,3277.61,584.99
CLM-005837,PAY-02,PRV-0070,2025-07-28,1087.81,1957.69
CLM-005838,PAY-04,PRV-0062,2025-07-01,3714.49,659.45
CLM-005839,PAY-04,PRV-0011,2025-07-19,4955.48,3285.91
CLM-005840,PAY-01,PRV-0011,2025-08-03,1828.47,1690.11
CLM-005841,PAY-02,PRV-0040,2025-08-02,1216.5,83.17
CLM-005842,PAY-01,PRV-0079,2025-07-30,206.87,2608.59
CLM-005843,PAY-05,PRV-0022,2025-07-07,4046.63,4083.82
CLM-005844,PAY-05,PRV-0045,2025-08-07,2195.91,1548.69
CLM-005845,PAY-02,PRV-0008,2025-08-05,3288.52,4353.57
CLM-005846,PAY-04,PRV-0038,2025-08-13,290.07,1159.34
CLM-005847,PAY-02,PRV-0044,2025-07-25,1926.48,551.56
CLM-005848,PAY-05,PRV-0046,2025-07-01,2520.32,1142.7
CLM-005849,PAY-04,PRV-0021,2025-07-18,4905.98,4114.46
CLM-005850,PAY-05,PRV-0071,2025-07-05,2970.34,4036.06
CLM-005851,PAY-03,PRV-0061,2025-07-29,2187.77,761.31
CLM-005852,PAY-01,PRV-0075,2025-07-30,1365.24,742.1
CLM-005853,PAY-04,PRV-0068,2025-07-05,1713.57,116.33
CLM-005854,PAY-03,PRV-0010,2025-07-25,4926.02,85.08
CLM-005855,PAY-04,PRV-0015,2025-07-15,3673.92,1231.96
CLM-005856,PAY-04,PRV-0067,2025-07-08,2252.27,3215.18
CLM-005857,PAY-05,PRV-0055,2025-08-06,2301.61,1002.16
CLM-005858,PAY-04,PRV-0059,2025-08-10,2164.55,3013.65
CLM-005859,PAY-01,PRV-0062,2025-07-15,2038.0,1278.62
CLM-005860,PAY-02,PRV-0056,2025-07-25,1968.93,2254.02
CLM-005861,PAY-04,PRV-0049,2025-08-04,123.23,2204.22
CLM-005862,PAY-03,PRV-0004,2025-07-26,3826.5,3393.23
CLM-005863,PAY-01,PRV-0075,2025-08-04,2078.75,4177.12
CLM-005864,PAY-02,PRV-0076,2025-08-01,2689.4,2136.18
CLM-005865,PAY-02,PRV-0078,2025-08-09,2680.67,3074.98
CLM-005866,PAY-03,PRV-0005,2025-07-26,1414.4,1845.11
CLM-005867,PAY-04,PRV-0005,2025-07-05,4922.41,4184.45
CLM-005868,PAY-01,PRV-0070,2025-08-06,2107.05,2662.39
CLM-005869,PAY-03,PRV-0057,2025-07-21,2961.08,298.45
CLM-005870,PAY-01,PRV-0069,2025-08-09,391.84,4339.23
CLM-005871,PAY-02,PRV-0069,2025-07-26,1576.86,2117.59
CLM-005872,PAY-01,PRV-0032,2025-08-03,1973.69,1721.5
CLM-005873,PAY-04,PRV-0001,2025-08-10,2797.67,3934.4
CLM-005874,PAY-02,PRV-0079,2025-07-13,4924.09,687.37
CLM-005875,PAY-03,PRV-0019,2025-07-28,948.56,4341.0
CLM-005876,PAY-04,PRV-0051,2025-08-13,3548.72,3103.08
CLM-005877,PAY-02,PRV-0032,2025-07-23,556.78,3460.81
CLM-005878,PAY-03,PRV-0048,2025-07-22,2402.54,2501.8
CLM-005879,PAY-04,PRV-0073,2025-07-29,1515.11,3296.42
CLM-005880,PAY-05,PRV-0028,2025-08-08,4105.63,4069.65
CLM-005881,PAY-03,PRV-0035,2025-07-25,1185.87,2588.91
CLM-005882,PAY-05,PRV-0032,2025-07-18,4589.28,255.74
CLM-005883,PAY-04,PRV-0022,2025-07-19,3408.53,1650.26
CLM-005884,PAY-04,PRV-0046,2025-07-09,722.79,750.6
CLM-005885,PAY-03,PRV-0080,2025-08-03,4122.89,953.27
CLM-005886,PAY-05,PRV-0055,2025-08-12,1716.97,892.97
CLM-005887,PAY-01,PRV-0064,2025-07-17,4136.9,380.77
CLM-005888,PAY-05,PRV-0061,2025-07-02,2147.26,2174.54
CLM-005889,PAY-04,PRV-0023,2025-07-15,3172.21,1522.06
CLM-005890,PAY-04,PRV-0049,2025-07-21,3175.76,4437.02
CLM-005891,PAY-02,PRV-0027,2025-08-10,137.49,1977.43
CLM-005892,PAY-01,PRV-0021,2025-07-31,2026.83,1288.86
CLM-005893,PAY-03,PRV-0060,2025-07-15,3812.38,3493.71
CLM-005894,PAY-01,PRV-0044,2025-08-10,383.94,1740.7
CLM-005895,PAY-03,PRV-0021,2025-07-12,3702.67,1524.57
CLM-005896,PAY-04,PRV-0040,2025-08-09,3187.54,3419.42
CLM-005897,PAY-03,PRV-0041,2025-07-27,2759.95,1182.62
CLM-005898,PAY-02,PRV-0073,2025-08-07,3454.3,4478.23
CLM-005899,PAY-01,PRV-0053,2025-07-23,590.3,1913.96
CLM-005900,PAY-05,PRV-0023,2025-07-01,1387.14,3002.17
CLM-005901,PAY-03,PRV-0076,2025-08-14,3250.07,256.05
CLM-005902,PAY-05,PRV-0049,2025-08-05,227.11,1193.38
CLM-005903,PAY-01,PRV-0020,2025-07-08,660.96,1045.93
CLM-005904,PAY-03,PRV-0043,2025-08-07,1299.56,2853.47
CLM-005905,PAY-03,PRV-0051,2025-08-11,860.0,2273.37
CLM-005906,PAY-03,PRV-0022,2025-08-14,1662.42,1925.19
CLM-005907,PAY-03,PRV-0077,2025-07-27,113.92,3890.95
CLM-005908,PAY-05,PRV-0057,2025-08-05,1645.48,142.04
CLM-005909,PAY-01,PRV-0034,2025-08-13,3119.22,3893.98
CLM-005910,PAY-05,PRV-0006,2025-07-31,137.68,2079.69
CLM-005911,PAY-01,PRV-0012,2025-08-04,2382.0,3920.77
CLM-005912,PAY-05,PRV-0041,2025-08-04,1886.91,185.69
CLM-005913,PAY-03,PRV-0012,2025-08-01,551.98,1238.08
CLM-005914,PAY-02,PRV-0016,2025-07-03,4457.17,3890.28
CLM-005915,PAY-04,PRV-0042,2025-08-05,1133.8,2256.55
CLM-005916,PAY-02,PRV-0046,2025-07-11,3317.23,437.58
CLM-005917,PAY-05,PRV-0051,2025-07-13,2314.18,3033.66
CLM-005918,PAY-03,PRV-0013,2025-08-07,424.16,554.81
CLM-005919,PAY-01,PRV-0010,2025-07-08,2831.2,525.68
CLM-005920,PAY-02,PRV-0062,2025-08-09,2708.95,2819.21
CLM-005921,PAY-03,PRV-0014,2025-07-15,1981.0,4363.67
CLM-005922,PAY-04,PRV-0024,2025-07-09,203.81,1747.69
CLM-005923,PAY-01,PRV-0046,2025-07-22,2944.37,4058.86
CLM-005924,PAY-04,PRV-0071,2025-08-04,615.95,2616.53
CLM-005925,PAY-01,PRV-0048,2025-07-30,2454.69,545.4
CLM-005926,PAY-01,PRV-0012,2025-07-12,4732.48,3954.8
CLM-005927,PAY-01,PRV-0021,2025-07-22,1519.51,2355.73
CLM-005928,PAY-05,PRV-0070,2025-07-29,2996.69,4337.84
CLM-005929,PAY-01,PRV-0017,2025-07-29,182.32,953.0
CLM-005930,PAY-02,PRV-0059,2025-07-17,268.06,2828.66
CLM-005931,PAY-02,PRV-0034,2025-08-04,4999.0,1267.7
CLM-005932,PAY-05,PRV-0065,2025-07-09,181.26,830.05
CLM-005933,PAY-02,PRV-0056,2025-07-20,1842.16,271.51
CLM-005934,PAY-01,PRV-0072,2025-08-02,3955.24,1328.97
CLM-005935,PAY-02,PRV-0073,2025-07-15,4567.76,4321.03
CLM-005936,PAY-04,PRV-0043,2025-07-22,3291.77,3425.64
CLM-005937,PAY-05,PRV-0036,2025-07-08,4347.16,2935.94
CLM-005938,PAY-05,PRV-0002,2025-08-01,3210.51,2697.19
CLM-005939,PAY-05,PRV-0033,2025-07-10,1421.01,3783.03
CLM-005940,PAY-03,PRV-0046,2025-07-21,3915.06,98.34
CLM-005941,PAY-04,PRV-0070,2025-07-05,2576.83,1264.54
CLM-005942,PAY-02,PRV-0051,2025-08-13,1438.29,1270.78
CLM-005943,PAY-02,PRV-0011,2025-08-02,1763.53,900.7
CLM-005944,PAY-03,PRV-0066,2025-07-16,3202.44,2047.97
CLM-005945,PAY-03,PRV-0039,2025-07-27,1318.52,249.08
CLM-005946,PAY-03,PRV-0075,2025-07-23,752.56,252.1
CLM-005947,PAY-02,PRV-0050,2025-07-08,1101.68,283.26
CLM-005948,PAY-03,PRV-0020,2025-07-29,4467.93,4193.32
CLM-005949,PAY-01,PRV-0063,2025-08-08,4938.25,3517.99
CLM-005950,PAY-03,PRV-0044,2025-08-02,1106.44,2329.16
CLM-005951,PAY-03,PRV-0002,2025-07-21,4243.39,4306.54
CLM-005952,PAY-04,PRV-0074,2025-07-24,3854.15,3480.57
CLM-005953,PAY-01,PRV-0023,2025-07-04,1647.99,1502.21
CLM-005954,PAY-04,PRV-0005,2025-08-12,1633.49,928.09
CLM-005955,PAY-05,PRV-0005,2025-07-26,2452.31,1885.5
CLM-005956,PAY-03,PRV-0068,2025-07-08,1889.46,29.23
CLM-005957,PAY-03,PRV-0060,2025-08-03,1395.16,1350.9
CLM-005958,PAY-04,PRV-0006,2025-07-05,573.4,3698.61
CLM-005959,PAY-04,PRV-0030,2025-07-16,1268.48,3939.54
CLM-005960,PAY-02,PRV-0039,2025-07-30,4296.25,4476.14
CLM-005961,PAY-04,PRV-0069,2025-07-30,1322.19,2875.82
CLM-005962,PAY-01,PRV-0066,2025-07-27,1998.68,3823.42
CLM-005963,PAY-05,PRV-0026,2025-07-13,3024.0,1042.63
CLM-005964,PAY-01,PRV-0017,2025-07-16,3162.12,3028.12
CLM-005965,PAY-03,PRV-0008,2025-07-16,3346.88,1104.34
CLM-005966,PAY-05,PRV-0015,2025-07-10,134.3,143.72
CLM-005967,PAY-04,PRV-0076,2025-08-07,4684.59,4451.7
CLM-005968,PAY-02,PRV-0016,2025-07-21,1278.88,3096.59
CLM-005969,PAY-01,PRV-0021,2025-07-19,1784.32,2677.79
CLM-005970,PAY-01,PRV-0003,2025-07-08,619.03,1684.23
CLM-005971,PAY-03,PRV-0028,2025-07-18,670.72,1505.3
CLM-005972,PAY-04,PRV-0042,2025-07-05,3918.9,2720.62
CLM-005973,PAY-05,PRV-0072,2025-07-16,3863.96,1589.24
CLM-005974,PAY-04,PRV-0002,2025-07-01,2626.62,2824.42
CLM-005975,PAY-02,PRV-0065,2025-07-28,4483.91,463.99
CLM-005976,PAY-05,PRV-0071,2025-07-11,4447.38,3034.64
CLM-005977,PAY-03,PRV-0077,2025-08-13,687.62,4178.48
CLM-005978,PAY-02,PRV-0038,2025-07-29,1627.64,1692.47
CLM-005979,PAY-02,PRV-0013,2025-07-28,2508.66,2173.66
CLM-005980,PAY-01,PRV-0028,2025-08-07,3208.11,2038.29
CLM-005981,PAY-05,PRV-0016,2025-07-09,2280.34,228.68
CLM-005982,PAY-03,PRV-0023,2025-07-10,2283.12,3676.29
CLM-005983,PAY-03,PRV-0007,2025-07-01,787.41,1855.13
CLM-005984,PAY-03,PRV-0037,2025-07-05,4532.97,3016.63
CLM-005985,PAY-03,PRV-0027,2025-07-17,387.7,3942.59
CLM-005986,PAY-05,PRV-0071,2025-08-07,499.41,3263.55
CLM-005987,PAY-02,PRV-0080,2025-08-12,1175.19,912.68
CLM-005988,PAY-04,PRV-0009,2025-07-22,4831.75,694.21
CLM-005989,PAY-03,PRV-0068,2025-08-01,4708.8,2288.41
CLM-005990,PAY-01,PRV-0017,2025-07-08,3454.76,2707.63
CLM-005991,PAY-04,PRV-0066,2025-07-23,4902.07,3119.82
CLM-005992,PAY-01,PRV-0038,2025-08-13,2188.18,1141.17
CLM-005993,PAY-04,PRV-0011,2025-07-05,3038.29,68.58
CLM-005994,PAY-01,PRV-0004,2025-08-13,4773.07,4151.33
CLM-005995,PAY-04,PRV-0020,2025-07-30,3548.85,1470.49
CLM-005996,PAY-04,PRV-0034,2025-07-02,3532.03,2598.87
CLM-005997,PAY-01,PRV-0040,2025-07-20,4986.14,2555.28
CLM-005998,PAY-03,PRV-0038,2025-07-04,1930.0,360.96
CLM-005999,PAY-05,PRV-0035,2025-08-13,1872.75,2594.78
CLM-006000,PAY-03,PRV-0070,2025-08-07,2114.96,2947.08
CLM-006001,PAY-05,PRV-0044,2025-08-03,4582.22,4170.43
CLM-006002,PAY-02,PRV-0054,2025-08-11,2022.84,4347.45
CLM-006003,PAY-05,PRV-0065,2025-08-12,312.49,4088.04
CLM-006004,PAY-02,PRV-0022,2025-07-22,3883.17,3115.06
CLM-006005,PAY-01,PRV-0013,2025-07-04,418.11,1433.67
CLM-006006,PAY-01,PRV-0035,2025-08-14,511.88,2316.54
CLM-006007,PAY-01,PRV-0027,2025-07-29,2146.05,3503.78
CLM-006008,PAY-05,PRV-0038,2025-07-03,184.38,94.9
CLM-006009,PAY-05,PRV-0053,2025-07-01,366.47,125.48
CLM-006010,PAY-04,PRV-0021,2025-08-04,3384.94,2351.51
CLM-006011,PAY-05,PRV-0008,2025-07-16,2034.78,23.65
CLM-006012,PAY-02,PRV-0011,2025-07-23,713.52,2367.43
CLM-006013,PAY-03,PRV-0063,2025-07-01,4412.38,3453.01
CLM-006014,PAY-05,PRV-0055,2025-07-20,3463.05,4097.98
CLM-006015,PAY-03,PRV-0029,2025-07-11,4766.39,851.24
CLM-006016,PAY-01,PRV-0003,2025-08-06,330.56,798.99
CLM-006017,PAY-01,PRV-0009,2025-07-07,4540.32,2726.08
CLM-006018,PAY-02,PRV-0072,2025-07-21,2239.37,1618.6
CLM-006019,PAY-02,PRV-0059,2025-07-06,1595.41,2895.94
CLM-006020,PAY-04,PRV-0067,2025-07-21,2840.33,1467.97
CLM-006021,PAY-02,PRV-0010,2025-08-12,602.73,2153.19
CLM-006022,PAY-03,PRV-0064,2025-07-19,4675.06,2888.05
CLM-006023,PAY-02,PRV-0034,2025-07-21,2978.65,1225.14
CLM-006024,PAY-04,PRV-0063,2025-07-09,503.11,207.62
CLM-006025,PAY-02,PRV-0078,2025-07-06,2793.67,2750.08
CLM-006026,PAY-02,PRV-0015,2025-08-05,1901.96,1281.93
CLM-006027,PAY-05,PRV-0076,2025-07-13,1501.38,4060.27
CLM-006028,PAY-02,PRV-0040,2025-08-06,4652.63,1008.9
CLM-006029,PAY-03,PRV-0079,2025-07-02,886.82,918.48
CLM-006030,PAY-01,PRV-0004,2025-08-14,3307.34,1315.82
CLM-006031,PAY-03,PRV-0035,2025-07-28,733.23,836.34
CLM-006032,PAY-03,PRV-0044,2025-07-12,351.1,292.56
CLM-006033,PAY-03,PRV-0010,2025-07-31,642.94,1841.71
CLM-006034,PAY-01,PRV-0038,2025-08-09,285.52,1148.34
CLM-006035,PAY-03,PRV-0039,2025-07-03,353.75,4095.76
CLM-006036,PAY-04,PRV-0040,2025-07-03,4801.76,4211.38
CLM-006037,PAY-04,PRV-0046,2025-08-03,944.52,1010.64
CLM-006038,PAY-01,PRV-0017,2025-07-27,1798.7,326.86
CLM-006039,PAY-04,PRV-0023,2025-08-11,1361.48,3980.8
CLM-006040,PAY-04,PRV-0035,2025-08-08,4757.1,500.7
CLM-006041,PAY-01,PRV-0014,2025-08-11,2370.89,2649.03
CLM-006042,PAY-03,PRV-0002,2025-07-29,3276.66,608.34
CLM-006043,PAY-02,PRV-0061,2025-08-09,2653.08,3430.96
CLM-006044,PAY-02,PRV-0079,2025-08-01,1926.98,3279.77
CLM-006045,PAY-05,PRV-0001,2025-07-22,1725.26,2070.13
CLM-006046,PAY-02,PRV-0067,2025-08-03,2905.49,1841.18
CLM-006047,PAY-02,PRV-0063,2025-07-14,1300.65,4221.56
CLM-006048,PAY-01,PRV-0079,2025-08-02,1880.74,204.84
CLM-006049,PAY-02,PRV-0013,2025-08-02,3376.5,1365.67
CLM-006050,PAY-05,PRV-0060,2025-07-17,1148.09,4058.88
CLM-006051,PAY-05,PRV-0037,2025-07-30,1043.27,2939.35
CLM-006052,PAY-03,PRV-0050,2025-07-31,612.13,3503.75
CLM-006053,PAY-01,PRV-0023,2025-07-03,3145.64,3779.35
CLM-006054,PAY-02,PRV-0020,2025-07-24,3177.47,408.5
CLM-006055,PAY-05,PRV-0049,2025-07-22,3522.26,2619.08
CLM-006056,PAY-04,PRV-0075,2025-07-03,3786.92,711.79
CLM-006057,PAY-03,PRV-0056,2025-07-25,1575.81,2340.0
CLM-006058,PAY-01,PRV-0042,2025-07-29,2840.7,3042.19
CLM-006059,PAY-05,PRV-0051,2025-08-04,275.42,1155.22
CLM-006060,PAY-01,PRV-0004,2025-08-13,3805.98,3162.49
CLM-006061,PAY-04,PRV-0049,2025-07-29,2726.09,2672.49
CLM-006062,PAY-02,PRV-0007,2025-08-07,2110.57,1369.6
CLM-006063,PAY-05,PRV-0031,2025-07-23,2112.42,3665.53
CLM-006064,PAY-01,PRV-0015,2025-07-08,4304.99,1411.91
CLM-006065,PAY-02,PRV-0017,2025-08-12,3454.05,741.38
CLM-006066,PAY-03,PRV-0057,2025-07-10,3641.61,1722.02
CLM-006067,PAY-02,PRV-0062,2025-07-13,2743.58,1829.25
CLM-006068,PAY-03,PRV-0047,2025-07-01,463.44,3664.23
CLM-006069,PAY-05,PRV-0001,2025-07-14,1762.51,2405.89
CLM-006070,PAY-01,PRV-0016,2025-07-21,4329.14,2915.29
CLM-006071,PAY-05,PRV-0078,2025-07-02,2353.97,3719.21
CLM-006072,PAY-05,PRV-0003,2025-07-23,4156.49,3691.47
CLM-006073,PAY-02,PRV-0011,2025-08-13,4964.35,4499.52
CLM-006074,PAY-01,PRV-0063,2025-08-09,3655.87,2557.12
CLM-006075,PAY-05,PRV-0014,2025-07-04,2740.92,432.04
CLM-006076,PAY-04,PRV-0074,2025-08-14,2077.7,455.97
CLM-006077,PAY-05,PRV-0001,2025-07-20,4166.89,2950.61
CLM-006078,PAY-01,PRV-0034,2025-07-07,4881.16,3875.62
CLM-006079,PAY-02,PRV-0007,2025-08-01,325.87,3038.33
CLM-006080,PAY-04,PRV-0034,2025-07-10,1615.46,4169.84
CLM-006081,PAY-04,PRV-0079,2025-08-08,3624.18,4468.77
CLM-006082,PAY-02,PRV-0037,2025-07-31,4594.43,3664.77
CLM-006083,PAY-04,PRV-0065,2025-07-29,2484.57,1704.76
CLM-006084,PAY-02,PRV-0047,2025-07-22,1128.97,3695.74
CLM-006085,PAY-03,PRV-0016,2025-07-21,4658.36,3295.32
CLM-006086,PAY-03,PRV-0071,2025-07-22,1795.24,2935.43
CLM-006087,PAY-03,PRV-0012,2025-08-10,4598.4,4141.9
CLM-006088,PAY-02,PRV-0027,2025-08-11,3697.89,2379.46
CLM-006089,PAY-01,PRV-0003,2025-07-04,3691.87,3946.74
CLM-006090,PAY-01,PRV-0076,2025-08-13,2429.08,3357.1
CLM-006091,PAY-01,PRV-0060,2025-07-01,1005.31,2371.26
CLM-006092,PAY-04,PRV-0001,2025-07-11,2050.85,2206.99
CLM-006093,PAY-02,PRV-0054,2025-07-13,1756.31,216.19
CLM-006094,PAY-03,PRV-0023,2025-08-01,3145.13,798.64
CLM-006095,PAY-05,PRV-0074,2025-07-29,4413.54,3996.72
CLM-006096,PAY-02,PRV-0077,2025-07-20,3179.28,4348.09
CLM-006097,PAY-04,PRV-0032,2025-07-07,857.24,3848.93
CLM-006098,PAY-03,PRV-0021,2025-07-16,3739.39,1953.89
CLM-006099,PAY-03,PRV-0039,2025-07-30,4307.77,3374.11
CLM-006100,PAY-03,PRV-0020,2025-08-11,4084.97,3622.05
CLM-006101,PAY-03,PRV-0017,2025-07-26,4616.89,1979.78
CLM-006102,PAY-03,PRV-0034,2025-07-11,4748.22,1328.23
CLM-006103,PAY-02,PRV-0013,2025-08-04,1900.58,733.12
CLM-006104,PAY-04,PRV-0068,2025-07-01,184.72,657.88
CLM-006105,PAY-01,PRV-0077,2025-07-26,673.54,4454.59
CLM-006106,PAY-01,PRV-0053,2025-07-05,3779.78,1237.8
CLM-006107,PAY-02,PRV-0011,2025-07-03,2445.35,1583.08
CLM-006108,PAY-03,PRV-0016,2025-07-09,441.22,3276.83
CLM-006109,PAY-05,PRV-0024,2025-07-17,2745.16,3286.02
CLM-006110,PAY-02,PRV-0046,2025-07-15,1584.19,3883.82
CLM-006111,PAY-01,PRV-0002,2025-08-10,3058.42,1257.49
CLM-006112,PAY-03,PRV-0008,2025-08-12,242.89,821.26
CLM-006113,PAY-04,PRV-0069,2025-08-09,3440.73,480.8
CLM-006114,PAY-02,PRV-0027,2025-07-06,1755.16,200.23
CLM-006115,PAY-03,PRV-0047,2025-07-08,2169.9,434.58
CLM-006116,PAY-01,PRV-0027,2025-08-09,1422.95,2074.65
CLM-006117,PAY-01,PRV-0061,2025-08-01,3274.57,4003.47
CLM-006118,PAY-01,PRV-0068,2025-07-25,4462.05,374.82
CLM-006119,PAY-04,PRV-0050,2025-07-10,1538.89,718.15
CLM-006120,PAY-04,PRV-0055,2025-07-18,1015.25,2313.62
CLM-006121,PAY-02,PRV-0080,2025-08-13,3757.86,154.05
CLM-006122,PAY-04,PRV-0035,2025-07-18,4486.38,913.83
CLM-006123,PAY-02,PRV-0044,2025-07-13,1897.25,2106.32
CLM-006124,PAY-01,PRV-0003,2025-07-09,3118.61,1107.42
CLM-006125,PAY-04,PRV-0048,2025-08-10,132.93,3023.58
CLM-006126,PAY-05,PRV-0010,2025-07-20,4112.51,2053.64
CLM-006127,PAY-02,PRV-0048,2025-07-27,4718.51,3259.6
CLM-006128,PAY-02,PRV-0026,2025-07-19,3970.7,4197.8
CLM-006129,PAY-01,PRV-0076,2025-07-05,730.55,2855.08
CLM-006130,PAY-04,PRV-0024,2025-07-28,157.64,1849.19
CLM-006131,PAY-04,PRV-0016,2025-07-02,1475.03,775.75
CLM-006132,PAY-04,PRV-0051,2025-07-08,2387.24,569.47
CLM-006133,PAY-01,PRV-0053,2025-08-09,2089.44,1947.06
CLM-006134,PAY-01,PRV-0067,2025-07-03,3801.28,374.01
CLM-006135,PAY-03,PRV-0022,2025-07-15,1820.31,2431.15
CLM-006136,PAY-03,PRV-0007,2025-08-13,2820.77,2622.38
CLM-006137,PAY-02,PRV-0046,2025-07-01,4136.01,1492.22
CLM-006138,PAY-01,PRV-0043,2025-07-27,4720.73,4407.51
CLM-006139,PAY-02,PRV-0040,2025-07-11,3464.68,2300.78
CLM-006140,PAY-02,PRV-0020,2025-07-04,2133.46,1369.37
CLM-006141,PAY-02,PRV-0078,2025-07-10,1224.82,560.76
CLM-006142,PAY-03,PRV-0008,2025-07-22,2454.55,648.41
CLM-006143,PAY-01,PRV-0059,2025-07-11,1936.94,422.28
CLM-006144,PAY-01,PRV-0030,2025-07-02,2273.55,336.84
CLM-006145,PAY-01,PRV-0056,2025-07-24,46.52,3153.64
CLM-006146,PAY-01,PRV-0055,2025-07-25,2180.23,373.78
CLM-006147,PAY-04,PRV-0069,2025-08-03,4934.8,1087.05
CLM-006148,PAY-02,PRV-0015,2025-07-02,2876.12,190.01
CLM-006149,PAY-03,PRV-0028,2025-07-22,819.03,3737.18
CLM-006150,PAY-03,PRV-0073,2025-07-15,2125.15,3487.68
CLM-006151,PAY-01,PRV-0030,2025-07-21,1550.41,1473.64
CLM-006152,PAY-01,PRV-0016,2025-07-22,4845.52,1682.99
CLM-006153,PAY-04,PRV-0031,2025-07-25,254.61,2009.44
CLM-006154,PAY-05,PRV-0053,2025-07-26,4906.08,4489.56
CLM-006155,PAY-05,PRV-0056,2025-07-02,429.78,1165.86
CLM-006156,PAY-05,PRV-0034,2025-08-05,1565.96,3456.9
CLM-006157,PAY-05,PRV-0074,2025-07-23,1852.47,1108.68
CLM-006158,PAY-01,PRV-0061,2025-07-15,1955.31,2496.62
CLM-006159,PAY-05,PRV-0010,2025-07-16,4837.05,4045.42
CLM-006160,PAY-01,PRV-0080,2025-08-12,3684.2,2583.82
CLM-006161,PAY-05,PRV-0045,2025-07-18,3523.47,686.48
CLM-006162,PAY-01,PRV-0005,2025-07-06,2304.72,601.5
CLM-006163,PAY-01,PRV-0073,2025-07-12,187.99,3148.94
CLM-006164,PAY-02,PRV-0036,2025-08-09,2427.84,1098.47
CLM-006165,PAY-02,PRV-0007,2025-07-16,1625.6,128.26
CLM-006166,PAY-03,PRV-0030,2025-07-14,1134.56,2778.59
CLM-006167,PAY-04,PRV-0066,2025-07-03,3347.22,2565.71
CLM-006168,PAY-04,PRV-0008,2025-08-05,1773.13,2166.23
CLM-006169,PAY-01,PRV-0010,2025-07-19,3487.27,4149.24
CLM-006170,PAY-01,PRV-0004,2025-07-29,1511.64,2199.3
CLM-006171,PAY-04,PRV-0006,2025-07-03,1271.08,4489.85
CLM-006172,PAY-03,PRV-0029,2025-07-17,1822.63,2525.15
CLM-006173,PAY-01,PRV-0059,2025-08-10,1513.14,3060.97
CLM-006174,PAY-04,PRV-0078,2025-07-14,1126.9,3970.7
CLM-006175,PAY-02,PRV-0074,2025-08-07,64.74,168.8
CLM-006176,PAY-03,PRV-0039,2025-07-08,2205.61,2612.4
CLM-006177,PAY-01,PRV-0079,2025-07-04,3052.07,1795.58
CLM-006178,PAY-03,PRV-0024,2025-07-16,2524.74,2849.91
CLM-006179,PAY-05,PRV-0065,2025-07-25,2111.44,2076.67
CLM-006180,PAY-05,PRV-0030,2025-07-31,1436.39,4142.32
CLM-006181,PAY-04,PRV-0055,2025-07-22,3305.28,546.44
CLM-006182,PAY-05,PRV-0060,2025-07-05,2729.99,3905.62
CLM-006183,PAY-03,PRV-0064,2025-07-28,3740.12,1580.43
CLM-006184,PAY-01,PRV-0049,2025-08-13,791.86,2146.55
CLM-006185,PAY-01,PRV-0030,2025-07-29,2477.87,3295.8
CLM-006186,PAY-03,PRV-0023,2025-08-10,1202.34,1352.62
CLM-006187,PAY-04,PRV-0004,2025-08-08,3432.31,1024.29
CLM-006188,PAY-01,PRV-0023,2025-07-14,3118.35,4438.6
CLM-006189,PAY-04,PRV-0060,2025-07-23,422.69,230.46
CLM-006190,PAY-02,PRV-0069,2025-07-06,3475.5,3819.34
CLM-006191,PAY-04,PRV-0076,2025-07-24,4518.6,1303.18
CLM-006192,PAY-01,PRV-0016,2025-07-30,306.41,2088.32
CLM-006193,PAY-03,PRV-0053,2025-08-13,4638.56,2320.6
CLM-006194,PAY-04,PRV-0025,2025-07-17,4213.82,223.28
CLM-006195,PAY-03,PRV-0055,2025-08-02,2091.47,3006.33
CLM-006196,PAY-02,PRV-0016,2025-07-29,3351.36,1812.29
CLM-006197,PAY-05,PRV-0034,2025-08-02,503.74,1636.98
CLM-006198,PAY-02,PRV-0052,2025-07-20,2848.5,2702.0
CLM-006199,PAY-01,PRV-0071,2025-08-06,2783.72,835.8
CLM-006200,PAY-03,PRV-0064,2025-07-09,1152.1,4064.72
CLM-006201,PAY-05,PRV-0016,2025-08-04,1883.03,4337.86
CLM-006202,PAY-01,PRV-0021,2025-07-17,3063.04,2288.24
CLM-006203,PAY-03,PRV-0058,2025-07-21,1459.56,3913.59
CLM-006204,PAY-04,PRV-0049,2025-07-22,502.01,3019.7
CLM-006205,PAY-05,PRV-0078,2025-07-05,199.97,2876.79
CLM-006206,PAY-02,PRV-0045,2025-07-29,2081.56,1602.63
CLM-006207,PAY-04,PRV-0003,2025-08-10,169.79,2219.65
CLM-006208,PAY-05,PRV-0073,2025-07-21,3982.12,1303.7
CLM-006209,PAY-02,PRV-0059,2025-07-30,1801.58,1548.97
CLM-006210,PAY-04,PRV-0055,2025-07-02,1482.81,825.43
CLM-006211,PAY-02,PRV-0020,2025-07-06,2636.27,411.93
CLM-006212,PAY-04,PRV-0069,2025-07-04,1703.53,3575.8
CLM-006213,PAY-03,PRV-0078,2025-08-09,3194.85,1418.85
CLM-006214,PAY-03,PRV-0031,2025-07-12,1401.23,486.14
CLM-006215,PAY-05,PRV-0018,2025-07-08,4976.6,4229.28
CLM-006216,PAY-05,PRV-0067,2025-07-04,4346.82,2353.66
CLM-006217,PAY-03,PRV-0015,2025-08-06,210.72,140.43
CLM-006218,PAY-02,PRV-0033,2025-08-06,3691.44,3595.95
CLM-006219,PAY-02,PRV-0064,2025-08-06,4510.83,2465.48
CLM-006220,PAY-02,PRV-0046,2025-08-11,44.57,607.15
CLM-006221,PAY-05,PRV-0045,2025-08-07,442.24,116.18
CLM-006222,PAY-04,PRV-0021,2025-08-07,1426.5,2633.0
CLM-006223,PAY-03,PRV-0050,2025-07-26,3477.43,1412.23
CLM-006224,PAY-02,PRV-0031,2025-08-01,4298.96,4425.78
CLM-006225,PAY-01,PRV-0062,2025-07-06,4099.63,3397.19
CLM-006226,PAY-02,PRV-0036,2025-08-06,4062.5,3607.56
CLM-006227,PAY-05,PRV-0065,2025-08-07,3331.36,3229.71
CLM-006228,PAY-04,PRV-0033,2025-08-08,2051.63,3393.37
CLM-006229,PAY-04,PRV-0024,2025-07-14,434.33,2032.95
CLM-006230,PAY-03,PRV-0077,2025-08-09,2382.71,3495.17
CLM-006231,PAY-04,PRV-0073,2025-08-14,1633.41,1491.43
CLM-006232,PAY-04,PRV-0059,2025-07-26,323.19,1074.19
CLM-006233,PAY-04,PRV-0031,2025-08-05,2939.22,2844.67
CLM-006234,PAY-05,PRV-0080,2025-07-27,2160.87,1000.18
CLM-006235,PAY-05,PRV-0037,2025-07-21,2663.64,3106.64
CLM-006236,PAY-02,PRV-0025,2025-07-02,1020.35,4005.3
CLM-006237,PAY-01,PRV-0061,2025-07-05,301.88,1373.52
CLM-006238,PAY-02,PRV-0008,2025-07-25,2414.27,334.4
CLM-006239,PAY-02,PRV-0042,2025-07-10,3542.12,691.94
CLM-006240,PAY-01,PRV-0030,2025-07-15,3735.81,402.34
CLM-006241,PAY-04,PRV-0034,2025-08-09,430.55,3452.72
CLM-006242,PAY-02,PRV-0004,2025-08-10,2255.24,3617.93
CLM-006243,PAY-02,PRV-0071,2025-07-10,2860.65,1761.64
CLM-006244,PAY-01,PRV-0067,2025-07-16,1422.42,3566.24
CLM-006245,PAY-04,PRV-0003,2025-07-15,609.27,846.43
CLM-006246,PAY-03,PRV-0079,2025-07-07,1914.94,1959.97
CLM-006247,PAY-04,PRV-0076,2025-08-01,4041.34,1628.58
CLM-006248,PAY-03,PRV-0022,2025-07-17,4492.87,3969.78
CLM-006249,PAY-04,PRV-0022,2025-07-26,3744.7,1793.23
CLM-006250,PAY-02,PRV-0042,2025-08-11,45.24,2972.19
CLM-006251,PAY-04,PRV-0054,2025-07-24,4809.81,2514.0
CLM-006252,PAY-04,PRV-0074,2025-07-28,3011.88,465.08
CLM-006253,PAY-02,PRV-0072,2025-07-27,4486.32,3944.01
CLM-006254,PAY-03,PRV-0005,2025-07-21,1150.54,336.0
CLM-006255,PAY-05,PRV-0035,2025-07-08,1479.06,3644.05
CLM-006256,PAY-05,PRV-0052,2025-08-12,4873.28,3126.38
CLM-006257,PAY-03,PRV-0070,2025-07-30,3687.36,183.56
CLM-006258,PAY-02,PRV-0029,2025-07-29,2482.77,1558.25
CLM-006259,PAY-02,PRV-0015,2025-08-12,1997.71,1911.19
CLM-006260,PAY-04,PRV-0056,2025-07-07,4998.05,2684.11
CLM-006261,PAY-04,PRV-0053,2025-07-07,4580.31,2734.37
CLM-006262,PAY-04,PRV-0015,2025-07-13,202.62,598.99
CLM-006263,PAY-05,PRV-0020,2025-08-06,4557.11,2715.83
CLM-006264,PAY-04,PRV-0027,2025-07-20,1026.84,2909.71
CLM-006265,PAY-05,PRV-0059,2025-07-26,3385.14,2598.68
CLM-006266,PAY-03,PRV-0015,2025-08-03,2199.59,3796.39
CLM-006267,PAY-01,PRV-0045,2025-08-13,2215.42,1668.96
CLM-006268,PAY-05,PRV-0037,2025-07-04,1493.67,3104.17
CLM-006269,PAY-04,PRV-0078,2025-07-09,1322.46,3825.29
CLM-006270,PAY-02,PRV-0032,2025-07-03,633.07,3837.57
CLM-006271,PAY-05,PRV-0047,2025-07-11,4116.1,1248.63
CLM-006272,PAY-04,PRV-0070,2025-08-08,4679.87,4436.0
CLM-006273,PAY-03,PRV-0048,2025-07-28,306.83,3983.94
CLM-006274,PAY-01,PRV-0057,2025-08-05,2296.28,1610.29
CLM-006275,PAY-04,PRV-0013,2025-07-18,3674.47,2726.07
CLM-006276,PAY-02,PRV-0072,2025-07-15,2433.55,1298.74
CLM-006277,PAY-04,PRV-0051,2025-08-13,3096.41,1582.66
CLM-006278,PAY-01,PRV-0048,2025-07-08,3671.31,1752.89
CLM-006279,PAY-05,PRV-0072,2025-07-21,3909.59,1447.14
CLM-006280,PAY-03,PRV-0076,2025-08-03,3075.94,2907.56
CLM-006281,PAY-02,PRV-0017,2025-08-10,1737.17,1412.97
CLM-006282,PAY-02,PRV-0067,2025-07-01,625.04,1528.8
CLM-006283,PAY-03,PRV-0061,2025-07-12,299.17,3958.59
CLM-006284,PAY-04,PRV-0071,2025-08-07,4894.22,1166.33
CLM-006285,PAY-05,PRV-0010,2025-07-17,2139.34,2758.77
CLM-006286,PAY-01,PRV-0044,2025-08-03,1698.94,4429.05
CLM-006287,PAY-01,PRV-0058,2025-07-28,1209.47,3447.37
CLM-006288,PAY-04,PRV-0071,2025-07-27,1532.82,1245.4
CLM-006289,PAY-03,PRV-0019,2025-07-09,1558.95,3121.87
CLM-006290,PAY-04,PRV-0035,2025-07-18,4081.74,3447.84
CLM-006291,PAY-01,PRV-0069,2025-07-22,589.86,1363.55
CLM-006292,PAY-05,PRV-0033,2025-08-02,3334.7,1154.13
CLM-006293,PAY-01,PRV-0066,2025-08-12,3365.76,3307.47
CLM-006294,PAY-05,PRV-0051,2025-08-09,669.62,2708.99
CLM-006295,PAY-03,PRV-0062,2025-08-10,34.78,3954.51
CLM-006296,PAY-02,PRV-0067,2025-07-27,2053.81,3185.52
CLM-006297,PAY-01,PRV-0053,2025-08-14,3610.68,2565.15
CLM-006298,PAY-04,PRV-0038,2025-07-04,3836.86,2488.11
CLM-006299,PAY-01,PRV-0063,2025-08-05,3645.09,3264.71
CLM-006300,PAY-02,PRV-0078,2025-08-09,4091.24,3970.33
CLM-006301,PAY-03,PRV-0069,2025-07-14,208.93,793.5
CLM-006302,PAY-05,PRV-0038,2025-08-09,1798.33,2418.85
CLM-006303,PAY-05,PRV-0060,2025-07-08,257.04,3484.46
CLM-006304,PAY-05,PRV-0024,2025-07-06,2489.07,1029.34
CLM-006305,PAY-05,PRV-0077,2025-07-20,251.39,2075.5
CLM-006306,PAY-01,PRV-0037,2025-07-11,30.09,3212.94
CLM-006307,PAY-01,PRV-0060,2025-08-14,3164.21,687.0
CLM-006308,PAY-02,PRV-0046,2025-07-13,467.5,2374.3
CLM-006309,PAY-02,PRV-0047,2025-07-17,2167.93,3966.46
CLM-006310,PAY-04,PRV-0066,2025-08-07,731.64,2497.72
CLM-006311,PAY-04,PRV-0027,2025-07-22,4194.97,2830.42
CLM-006312,PAY-04,PRV-0065,2025-07-21,4030.63,2914.97
CLM-006313,PAY-04,PRV-0045,2025-07-03,1013.29,2882.84
CLM-006314,PAY-01,PRV-0022,2025-08-04,2140.19,1609.59
CLM-006315,PAY-03,PRV-0042,2025-07-20,443.54,1433.72
CLM-006316,PAY-01,PRV-0038,2025-07-16,1151.39,3395.16
CLM-006317,PAY-04,PRV-0001,2025-08-09,2261.75,101.02
CLM-006318,PAY-05,PRV-0002,2025-07-15,4777.67,2032.26
CLM-006319,PAY-03,PRV-0007,2025-08-09,898.99,2132.38
CLM-006320,PAY-02,PRV-0072,2025-07-02,4944.6,2055.16
CLM-006321,PAY-05,PRV-0014,2025-07-04,1431.51,30.12
CLM-006322,PAY-01,PRV-0042,2025-07-06,4070.28,3139.56
CLM-006323,PAY-01,PRV-0017,2025-07-30,2730.66,3111.01
CLM-006324,PAY-03,PRV-0013,2025-07-17,1660.74,1383.93
CLM-006325,PAY-02,PRV-0024,2025-07-11,3785.84,3447.98
CLM-006326,PAY-04,PRV-0039,2025-07-14,862.66,4411.06
CLM-006327,PAY-02,PRV-0014,2025-08-01,59.23,1643.82
CLM-006328,PAY-04,PRV-0069,2025-07-06,1068.54,556.91
CLM-006329,PAY-03,PRV-0005,2025-07-03,3495.39,2173.64
CLM-006330,PAY-03,PRV-0046,2025-07-16,2001.63,596.84
CLM-006331,PAY-05,PRV-0055,2025-07-31,4837.03,266.51
CLM-006332,PAY-01,PRV-0064,2025-07-02,2979.75,4008.49
CLM-006333,PAY-05,PRV-0029,2025-07-08,1383.4,3765.98
CLM-006334,PAY-02,PRV-0075,2025-07-17,4996.89,3516.89
CLM-006335,PAY-04,PRV-0056,2025-07-15,2512.37,2821.93
CLM-006336,PAY-02,PRV-0015,2025-07-13,3557.06,1883.57
CLM-006337,PAY-02,PRV-0069,2025-07-21,2322.22,1938.82
CLM-006338,PAY-02,PRV-0045,2025-07-25,1503.22,3048.97
CLM-006339,PAY-04,PRV-0014,2025-07-16,4687.02,1953.38
CLM-006340,PAY-02,PRV-0060,2025-07-22,4276.9,246.58
CLM-006341,PAY-04,PRV-0008,2025-08-06,4311.65,702.24
CLM-006342,PAY-03,PRV-0056,2025-07-30,1397.48,1393.61
CLM-006343,PAY-03,PRV-0007,2025-07-01,2461.98,3496.89
CLM-006344,PAY-04,PRV-0078,2025-07-21,1379.82,2878.94
CLM-006345,PAY-05,PRV-0047,2025-07-06,3190.51,854.92
CLM-006346,PAY-04,PRV-0047,2025-07-28,4859.34,4076.26
CLM-006347,PAY-02,PRV-0078,2025-07-08,3828.64,4232.83
CLM-006348,PAY-04,PRV-0043,2025-07-25,1791.1,1548.26
CLM-006349,PAY-01,PRV-0040,2025-07-22,673.02,1046.35
CLM-006350,PAY-03,PRV-0050,2025-07-16,4725.02,3080.91
CLM-006351,PAY-02,PRV-0067,2025-08-14,3517.7,4243.22
CLM-006352,PAY-03,PRV-0080,2025-07-02,3613.66,4183.59
CLM-006353,PAY-01,PRV-0004,2025-07-14,3016.88,1649.69
CLM-006354,PAY-03,PRV-0054,2025-07-09,1067.25,1679.96
CLM-006355,PAY-05,PRV-0079,2025-08-06,2363.26,2381.0
CLM-006356,PAY-01,PRV-0065,2025-07-07,4969.87,4327.4
CLM-006357,PAY-05,PRV-0018,2025-07-16,325.77,1177.59
CLM-006358,PAY-05,PRV-0022,2025-07-04,3335.18,1314.34
CLM-006359,PAY-03,PRV-0035,2025-08-11,4927.1,4076.01
CLM-006360,PAY-04,PRV-0048,2025-07-10,3738.18,751.85
CLM-006361,PAY-04,PRV-0077,2025-07-19,3505.57,2137.43
CLM-006362,PAY-01,PRV-0046,2025-07-09,697.73,889.67
CLM-006363,PAY-05,PRV-0020,2025-07-23,2858.08,3623.13
CLM-006364,PAY-03,PRV-0074,2025-07-07,90.41,1472.44
CLM-006365,PAY-04,PRV-0027,2025-07-26,1997.51,2423.05
CLM-006366,PAY-02,PRV-0001,2025-07-09,1909.98,3678.73
CLM-006367,PAY-05,PRV-0036,2025-08-10,3165.66,455.79
CLM-006368,PAY-01,PRV-0034,2025-08-02,4441.99,719.37
CLM-006369,PAY-04,PRV-0055,2025-07-14,221.57,4279.15
CLM-006370,PAY-03,PRV-0075,2025-08-05,4222.13,3112.4
CLM-006371,PAY-04,PRV-0044,2025-08-04,2137.32,1697.25
CLM-006372,PAY-03,PRV-0018,2025-08-02,2458.77,2007.75
CLM-006373,PAY-05,PRV-0032,2025-07-19,1590.31,1966.93
CLM-006374,PAY-04,PRV-0050,2025-07-17,4673.34,2024.55
CLM-006375,PAY-03,PRV-0021,2025-07-02,671.89,4185.54
CLM-006376,PAY-03,PRV-0001,2025-07-28,4843.95,3558.18
CLM-006377,PAY-01,PRV-0020,2025-07-15,3390.47,722.88
CLM-006378,PAY-01,PRV-0016,2025-07-06,4364.97,4278.71
CLM-006379,PAY-04,PRV-0054,2025-08-14,1487.86,1199.31
CLM-006380,PAY-03,PRV-0075,2025-07-22,2528.0,2924.01
CLM-006381,PAY-01,PRV-0010,2025-08-05,955.88,3631.3
CLM-006382,PAY-02,PRV-0002,2025-08-10,1808.32,471.49
CLM-006383,PAY-02,PRV-0076,2025-08-11,3900.76,2797.27
CLM-006384,PAY-02,PRV-0065,2025-07-16,282.13,1926.17
CLM-006385,PAY-04,PRV-0028,2025-07-28,1619.59,485.53
CLM-006386,PAY-01,PRV-0037,2025-08-09,3818.22,3443.43
CLM-006387,PAY-03,PRV-0068,2025-08-06,397.53,1393.95
CLM-006388,PAY-05,PRV-0033,2025-07-13,4672.54,3602.97
CLM-006389,PAY-04,PRV-0028,2025-07-06,2765.06,4258.15
CLM-006390,PAY-05,PRV-0066,2025-07-15,2382.55,341.28
CLM-006391,PAY-03,PRV-0010,2025-07-21,671.48,1011.13
CLM-006392,PAY-05,PRV-0010,2025-07-18,3424.93,3745.42
CLM-006393,PAY-01,PRV-0075,2025-08-11,277.89,3416.99
CLM-006394,PAY-04,PRV-0048,2025-07-22,4800.95,642.25
CLM-006395,PAY-02,PRV-0053,2025-07-22,2658.06,3800.98
CLM-006396,PAY-05,PRV-0059,2025-08-11,4568.23,1389.0
CLM-006397,PAY-03,PRV-0027,2025-07-31,4149.19,3581.46
CLM-006398,PAY-01,PRV-0050,2025-07-22,2416.19,879.16
CLM-006399,PAY-03,PRV-0047,2025-08-06,1018.85,31.23
CLM-006400,PAY-04,PRV-0009,2025-07-11,3118.57,2980.34
CLM-006401,PAY-01,PRV-0077,2025-07-18,2987.43,499.31
CLM-006402,PAY-04,PRV-0033,2025-08-11,2956.37,978.99
CLM-006403,PAY-02,PRV-0039,2025-08-12,3885.15,2660.58
CLM-006404,PAY-04,PRV-0014,2025-07-14,4136.45,1911.32
CLM-006405,PAY-01,PRV-0065,2025-08-14,4122.14,3092.91
CLM-006406,PAY-04,PRV-0057,2025-07-13,3239.89,1759.77
CLM-006407,PAY-02,PRV-0029,2025-08-05,1799.83,1467.24
CLM-006408,PAY-01,PRV-0050,2025-08-05,4357.51,4254.03
CLM-006409,PAY-01,PRV-0055,2025-07-23,4848.08,338.75
CLM-006410,PAY-03,PRV-0008,2025-07-31,3261.43,3254.28
CLM-006411,PAY-05,PRV-0050,2025-07-30,2084.15,2469.4
CLM-006412,PAY-04,PRV-0032,2025-08-05,2246.17,3247.15
CLM-006413,PAY-05,PRV-0064,2025-07-17,1941.57,930.7
CLM-006414,PAY-05,PRV-0045,2025-08-04,3368.46,481.18
CLM-006415,PAY-01,PRV-0045,2025-07-09,2780.99,3103.06
CLM-006416,PAY-04,PRV-0007,2025-08-12,2769.77,1496.64
CLM-006417,PAY-01,PRV-0069,2025-07-11,4613.09,2427.25
CLM-006418,PAY-03,PRV-0057,2025-08-06,347.6,2827.38
CLM-006419,PAY-05,PRV-0009,2025-07-01,2695.31,1442.87
CLM-006420,PAY-03,PRV-0074,2025-08-08,560.91,1252.18
CLM-006421,PAY-04,PRV-0067,2025-07-04,3955.33,452.32
CLM-006422,PAY-05,PRV-0034,2025-08-06,3122.61,620.33
CLM-006423,PAY-05,PRV-0041,2025-08-02,4651.07,2039.67
CLM-006424,PAY-02,PRV-0046,2025-08-06,1170.47,3054.86
CLM-006425,PAY-05,PRV-0017,2025-07-13,4094.83,3101.72
CLM-006426,PAY-02,PRV-0005,2025-08-04,2517.51,3516.73
CLM-006427,PAY-04,PRV-0043,2025-07-13,2310.36,786.85
CLM-006428,PAY-03,PRV-0042,2025-07-25,2534.48,3162.11
CLM-006429,PAY-02,PRV-0003,2025-07-28,1662.66,4063.3
CLM-006430,PAY-02,PRV-0034,2025-07-02,2897.82,4220.06
CLM-006431,PAY-05,PRV-0072,2025-07-19,2203.29,4320.67
CLM-006432,PAY-03,PRV-0069,2025-08-07,997.97,4301.23
CLM-006433,PAY-04,PRV-0037,2025-07-25,4206.25,862.08
CLM-006434,PAY-04,PRV-0064,2025-07-14,2827.42,3295.12
CLM-006435,PAY-01,PRV-0035,2025-07-26,3631.18,3045.28
CLM-006436,PAY-02,PRV-0050,2025-07-26,4845.87,3843.98
CLM-006437,PAY-02,PRV-0059,2025-07-25,1804.09,237.08
CLM-006438,PAY-05,PRV-0064,2025-07-19,1570.04,2098.64
CLM-006439,PAY-01,PRV-0013,2025-07-26,2019.89,540.31
CLM-006440,PAY-02,PRV-0020,2025-07-17,116.89,2720.42
CLM-006441,PAY-05,PRV-0035,2025-07-13,348.69,2076.74
CLM-006442,PAY-05,PRV-0006,2025-07-13,3674.82,3305.05
CLM-006443,PAY-05,PRV-0070,2025-07-02,2139.09,4168.11
CLM-006444,PAY-04,PRV-0009,2025-07-16,1580.29,2656.9
CLM-006445,PAY-01,PRV-0063,2025-08-11,4863.72,549.53
CLM-006446,PAY-05,PRV-0005,2025-08-05,2971.26,1211.34
CLM-006447,PAY-01,PRV-0033,2025-07-05,3759.63,3365.27
CLM-006448,PAY-01,PRV-0011,2025-08-03,4999.18,833.23
CLM-006449,PAY-03,PRV-0072,2025-07-13,3922.0,3795.49
CLM-006450,PAY-01,PRV-0028,2025-08-08,4814.66,3223.25
CLM-006451,PAY-05,PRV-0014,2025-08-12,4151.61,2931.08
CLM-006452,PAY-05,PRV-0010,2025-07-13,3119.57,213.19
CLM-006453,PAY-05,PRV-0043,2025-08-04,1215.23,2444.86
CLM-006454,PAY-03,PRV-0027,2025-08-05,4019.14,1717.09
CLM-006455,PAY-01,PRV-0067,2025-07-09,1251.09,4013.39
CLM-006456,PAY-03,PRV-0006,2025-07-04,4810.93,2808.47
CLM-006457,PAY-04,PRV-0025,2025-07-18,4132.69,578.8
CLM-006458,PAY-05,PRV-0058,2025-08-12,3225.8,657.13
CLM-006459,PAY-05,PRV-0048,2025-08-04,3095.05,3920.35
CLM-006460,PAY-04,PRV-0044,2025-07-07,637.05,3041.51
CLM-006461,PAY-04,PRV-0067,2025-08-11,3071.86,2531.34
CLM-006462,PAY-02,PRV-0059,2025-07-11,897.51,2939.32
CLM-006463,PAY-04,PRV-0058,2025-08-11,2187.51,1986.46
CLM-006464,PAY-01,PRV-0072,2025-07-07,134.6,3345.48
CLM-006465,PAY-01,PRV-0063,2025-07-03,3437.51,216.87
CLM-006466,PAY-04,PRV-0011,2025-07-05,3660.95,4052.35
CLM-006467,PAY-01,PRV-0054,2025-07-12,2344.25,3967.24
CLM-006468,PAY-05,PRV-0008,2025-07-31,1669.77,4148.08
CLM-006469,PAY-04,PRV-0009,2025-07-23,240.63,2584.45
CLM-006470,PAY-02,PRV-0079,2025-07-29,2230.95,292.07
CLM-006471,PAY-02,PRV-0004,2025-07-30,4248.66,3148.97
CLM-006472,PAY-02,PRV-0024,2025-07-25,3242.76,1256.2
CLM-006473,PAY-04,PRV-0018,2025-07-18,4066.84,2384.68
CLM-006474,PAY-04,PRV-0046,2025-07-17,181.86,4068.07
CLM-006475,PAY-05,PRV-0025,2025-07-03,2828.57,2609.11
CLM-006476,PAY-01,PRV-0011,2025-07-16,4378.91,570.92
CLM-006477,PAY-01,PRV-0055,2025-07-15,360.07,1650.0
CLM-006478,PAY-04,PRV-0048,2025-07-03,4916.98,1718.23
CLM-006479,PAY-05,PRV-0012,2025-07-14,785.28,2205.6
CLM-006480,PAY-01,PRV-0003,2025-07-17,2756.88,1055.8
CLM-006481,PAY-02,PRV-0041,2025-07-28,2907.44,2506.48
CLM-006482,PAY-05,PRV-0044,2025-08-06,2791.28,4058.95
CLM-006483,PAY-03,PRV-0038,2025-07-12,942.59,3620.22
CLM-006484,PAY-03,PRV-0042,2025-07-02,1857.65,4128.87
CLM-006485,PAY-01,PRV-0029,2025-07-28,3123.67,1266.42
CLM-006486,PAY-02,PRV-0033,2025-07-06,1877.16,4433.43
CLM-006487,PAY-04,PRV-0023,2025-07-15,2108.24,1927.61
CLM-006488,PAY-03,PRV-0063,2025-08-08,2760.83,3487.02
CLM-006489,PAY-04,PRV-0025,2025-07-26,1130.29,2073.19
CLM-006490,PAY-04,PRV-0075,2025-07-20,3301.02,2782.7
CLM-006491,PAY-04,PRV-0054,2025-08-08,2573.19,1336.29
CLM-006492,PAY-05,PRV-0015,2025-07-10,70.1,3234.82
CLM-006493,PAY-03,PRV-0042,2025-08-11,3616.14,1551.97
CLM-006494,PAY-04,PRV-0055,2025-08-01,4021.75,1794.39
CLM-006495,PAY-05,PRV-0078,2025-08-13,473.41,2452.25
CLM-006496,PAY-05,PRV-0026,2025-08-08,606.48,2793.86
CLM-006497,PAY-02,PRV-0063,2025-08-07,1116.94,2428.7
CLM-006498,PAY-04,PRV-0034,2025-07-22,317.87,3967.63
CLM-006499,PAY-02,PRV-0030,2025-08-13,3445.46,1557.77
CLM-006500,PAY-04,PRV-0046,2025-07-02,1293.81,1399.55
CLM-006501,PAY-02,PRV-0069,2025-07-29,2472.33,3939.12
CLM-006502,PAY-02,PRV-0023,2025-07-24,4981.36,814.91
CLM-006503,PAY-03,PRV-0058,2025-07-29,4682.74,2966.82
CLM-006504,PAY-04,PRV-0013,2025-08-11,1155.65,2403.11
CLM-006505,PAY-04,PRV-0076,2025-08-03,2549.62,2709.79
CLM-006506,PAY-02,PRV-0042,2025-07-15,2761.02,3242.07
CLM-006507,PAY-02,PRV-0026,2025-07-27,2874.88,1975.16
CLM-006508,PAY-01,PRV-0040,2025-07-16,4443.37,4161.03
CLM-006509,PAY-02,PRV-0059,2025-08-07,1242.77,2601.28
CLM-006510,PAY-01,PRV-0059,2025-07-27,3613.55,1889.01
CLM-006511,PAY-03,PRV-0051,2025-08-04,2640.79,1058.84
CLM-006512,PAY-05,PRV-0076,2025-07-15,4971.88,4356.05
CLM-006513,PAY-01,PRV-0066,2025-08-03,2823.45,244.27
CLM-006514,PAY-03,PRV-0034,2025-07-20,4923.99,671.73
CLM-006515,PAY-01,PRV-0004,2025-07-14,3132.96,425.44
CLM-006516,PAY-01,PRV-0008,2025-08-02,360.59,3546.78
CLM-006517,PAY-04,PRV-0065,2025-07-16,2021.07,3499.66
CLM-006518,PAY-04,PRV-0025,2025-08-05,2163.75,4397.74
CLM-006519,PAY-04,PRV-0029,2025-07-30,1338.17,1856.12
CLM-006520,PAY-05,PRV-0033,2025-07-20,3583.86,567.41
CLM-006521,PAY-03,PRV-0039,2025-07-02,580.19,179.69
CLM-006522,PAY-01,PRV-0023,2025-07-14,4370.33,3513.1
CLM-006523,PAY-05,PRV-0031,2025-07-13,1623.04,843.74
CLM-006524,PAY-04,PRV-0039,2025-07-29,3152.0,636.66
CLM-006525,PAY-02,PRV-0047,2025-08-04,228.4,1444.65
CLM-006526,PAY-05,PRV-0050,2025-07-02,4462.43,2604.97
CLM-006527,PAY-05,PRV-0030,2025-07-05,3608.53,546.69
CLM-006528,PAY-04,PRV-0034,2025-07-17,2292.17,3427.61
CLM-006529,PAY-02,PRV-0022,2025-07-06,1117.52,1249.63
CLM-006530,PAY-05,PRV-0022,2025-07-18,769.27,68.89
CLM-006531,PAY-05,PRV-0068,2025-08-01,4595.87,3307.72
CLM-006532,PAY-01,PRV-0057,2025-07-28,2349.36,597.72
CLM-006533,PAY-03,PRV-0040,2025-08-05,1100.77,1935.44
CLM-006534,PAY-04,PRV-0079,2025-07-21,1950.15,2069.85
CLM-006535,PAY-02,PRV-0047,2025-07-16,4704.78,818.0
CLM-006536,PAY-04,PRV-0073,2025-07-27,888.54,1526.71
CLM-006537,PAY-03,PRV-0069,2025-07-04,2263.02,3709.15
CLM-006538,PAY-04,PRV-0015,2025-07-05,1904.61,306.72
CLM-006539,PAY-02,PRV-0007,2025-07-23,4289.48,1912.93
CLM-006540,PAY-02,PRV-0068,2025-08-10,358.19,3383.17
CLM-006541,PAY-02,PRV-0077,2025-07-02,123.27,708.47
CLM-006542,PAY-02,PRV-0076,2025-07-14,4307.77,3032.14
CLM-006543,PAY-02,PRV-0069,2025-07-20,2142.9,2688.6
CLM-006544,PAY-02,PRV-0050,2025-08-05,3869.76,1115.92
CLM-006545,PAY-01,PRV-0029,2025-07-19,355.48,2751.16
CLM-006546,PAY-02,PRV-0072,2025-07-08,3548.14,1124.32
CLM-006547,PAY-05,PRV-0059,2025-07-10,496.28,3709.72
CLM-006548,PAY-05,PRV-0076,2025-08-13,481.49,3255.28
CLM-006549,PAY-03,PRV-0080,2025-07-27,3998.25,4167.68
CLM-006550,PAY-03,PRV-0024,2025-07-26,1202.21,2687.86
CLM-006551,PAY-04,PRV-0020,2025-07-21,4185.1,4011.7
CLM-006552,PAY-04,PRV-0051,2025-08-08,1000.84,1936.04
CLM-006553,PAY-01,PRV-0051,2025-07-19,2224.35,1742.74
CLM-006554,PAY-02,PRV-0029,2025-08-05,2348.12,1771.32
CLM-006555,PAY-03,PRV-0016,2025-07-05,3129.72,2539.37
CLM-006556,PAY-02,PRV-0015,2025-08-07,4214.93,4420.86
CLM-006557,PAY-02,PRV-0077,2025-07-26,2406.1,3591.72
CLM-006558,PAY-02,PRV-0001,2025-08-08,1759.1,2447.22
CLM-006559,PAY-03,PRV-0065,2025-08-12,888.86,754.43
CLM-006560,PAY-05,PRV-0055,2025-07-06,4235.6,4022.09
CLM-006561,PAY-05,PRV-0066,2025-07-26,2170.04,156.03
CLM-006562,PAY-01,PRV-0003,2025-07-02,3509.11,3879.31
CLM-006563,PAY-03,PRV-0022,2025-07-02,3096.76,1043.81
CLM-006564,PAY-03,PRV-0074,2025-07-30,1620.16,200.78
CLM-006565,PAY-03,PRV-0056,2025-07-06,2997.47,3296.54
CLM-006566,PAY-05,PRV-0048,2025-07-17,718.32,2319.46
CLM-006567,PAY-01,PRV-0012,2025-07-21,2300.07,2088.86
CLM-006568,PAY-02,PRV-0075,2025-07-08,2076.81,3057.76
CLM-006569,PAY-04,PRV-0009,2025-07-28,4525.63,1598.78
CLM-006570,PAY-05,PRV-0028,2025-07-16,2037.04,1721.71
CLM-006571,PAY-05,PRV-0004,2025-07-26,2905.77,2196.71
CLM-006572,PAY-01,PRV-0011,2025-08-01,3356.0,902.41
CLM-006573,PAY-02,PRV-0054,2025-08-03,732.19,3927.38
CLM-006574,PAY-04,PRV-0020,2025-07-18,4038.92,349.93
CLM-006575,PAY-02,PRV-0064,2025-07-02,2801.54,4299.1
CLM-006576,PAY-01,PRV-0045,2025-07-13,4017.84,2691.88
CLM-006577,PAY-02,PRV-0036,2025-08-14,2848.09,1217.08
CLM-006578,PAY-01,PRV-0035,2025-07-01,2662.54,3816.33
CLM-006579,PAY-03,PRV-0003,2025-07-22,1226.35,843.48
CLM-006580,PAY-03,PRV-0015,2025-07-25,1747.4,3323.46
CLM-006581,PAY-04,PRV-0077,2025-07-12,2113.04,2780.17
CLM-006582,PAY-05,PRV-0073,2025-07-28,849.89,1120.46
CLM-006583,PAY-05,PRV-0057,2025-07-10,3127.0,4373.23
CLM-006584,PAY-01,PRV-0002,2025-07-27,4495.63,2284.75
CLM-006585,PAY-04,PRV-0020,2025-07-16,4052.86,1035.78
CLM-006586,PAY-03,PRV-0015,2025-07-17,517.19,2673.1
CLM-006587,PAY-04,PRV-0003,2025-07-16,4270.4,957.01
CLM-006588,PAY-03,PRV-0001,2025-08-10,1713.43,3733.67
CLM-006589,PAY-05,PRV-0080,2025-07-24,1139.94,4214.1
CLM-006590,PAY-01,PRV-0057,2025-07-29,4603.58,1914.95
CLM-006591,PAY-01,PRV-0056,2025-07-13,1993.96,3512.12
CLM-006592,PAY-02,PRV-0066,2025-07-29,2001.68,1492.03
CLM-006593,PAY-01,PRV-0043,2025-08-02,2485.02,3107.16
CLM-006594,PAY-03,PRV-0079,2025-07-19,1520.04,636.16
CLM-006595,PAY-05,PRV-0066,2025-08-14,1613.56,3969.23
CLM-006596,PAY-04,PRV-0036,2025-08-06,424.85,1387.03
CLM-006597,PAY-04,PRV-0044,2025-08-11,297.44,2032.27
CLM-006598,PAY-02,PRV-0004,2025-07-06,745.96,1429.17
CLM-006599,PAY-02,PRV-0076,2025-07-12,1143.09,1228.25
CLM-006600,PAY-04,PRV-0012,2025-07-05,870.41,2184.04
CLM-006601,PAY-05,PRV-0022,2025-07-20,2395.56,3970.86
CLM-006602,PAY-04,PRV-0066,2025-08-09,4432.0,1194.17
CLM-006603,PAY-03,PRV-0060,2025-08-07,4075.46,309.49
CLM-006604,PAY-04,PRV-0071,2025-07-10,2270.84,3595.57
CLM-006605,PAY-03,PRV-0048,2025-08-02,3795.45,2714.49
CLM-006606,PAY-02,PRV-0035,2025-07-17,3870.7,1737.23
CLM-006607,PAY-05,PRV-0018,2025-07-17,4351.73,3952.35
CLM-006608,PAY-03,PRV-0036,2025-08-12,2018.53,2966.66
CLM-006609,PAY-01,PRV-0041,2025-07-27,3414.99,3637.88
CLM-006610,PAY-01,PRV-0001,2025-07-10,143.13,2152.22
CLM-006611,PAY-02,PRV-0061,2025-08-10,737.12,3582.06
CLM-006612,PAY-04,PRV-0001,2025-07-27,4895.21,1201.5
CLM-006613,PAY-05,PRV-0066,2025-08-01,969.79,1053.17
CLM-006614,PAY-01,PRV-0038,2025-07-08,3161.46,3107.6
CLM-006615,PAY-02,PRV-0064,2025-07-20,1070.24,885.05
CLM-006616,PAY-02,PRV-0031,2025-08-09,1280.92,3009.04
CLM-006617,PAY-01,PRV-0072,2025-08-09,4428.53,3126.62
CLM-006618,PAY-04,PRV-0013,2025-07-23,3439.7,2438.41
CLM-006619,PAY-03,PRV-0048,2025-07-05,128.08,768.9
CLM-006620,PAY-05,PRV-0047,2025-08-12,1829.78,2046.94
CLM-006621,PAY-05,PRV-0028,2025-07-21,2504.78,750.47
CLM-006622,PAY-03,PRV-0003,2025-07-12,139.36,599.33
CLM-006623,PAY-01,PRV-0069,2025-08-06,4398.89,2546.28
CLM-006624,PAY-03,PRV-0002,2025-07-28,91.28,793.99
CLM-006625,PAY-05,PRV-0002,2025-08-01,2862.5,2567.34
CLM-006626,PAY-04,PRV-0012,2025-08-12,4310.34,4073.82
CLM-006627,PAY-03,PRV-0068,2025-07-03,933.47,4416.44
CLM-006628,PAY-04,PRV-0062,2025-08-07,1736.46,880.96
CLM-006629,PAY-01,PRV-0006,2025-08-01,2717.81,2763.19
CLM-006630,PAY-01,PRV-0028,2025-08-05,3706.59,3301.4
CLM-006631,PAY-05,PRV-0041,2025-07-23,1210.94,3017.16
CLM-006632,PAY-01,PRV-0063,2025-07-25,35.37,2262.5
CLM-006633,PAY-05,PRV-0016,2025-08-09,1744.6,2738.96
CLM-006634,PAY-02,PRV-0023,2025-08-10,2185.19,2635.37
CLM-006635,PAY-01,PRV-0002,2025-07-06,1897.93,1356.94
CLM-006636,PAY-04,PRV-0030,2025-08-14,91.43,1816.41
CLM-006637,PAY-05,PRV-0020,2025-07-20,577.27,111.54
CLM-006638,PAY-03,PRV-0031,2025-07-22,1717.14,4039.2
CLM-006639,PAY-02,PRV-0065,2025-07-15,2927.3,1157.41
CLM-006640,PAY-03,PRV-0051,2025-07-07,465.64,2296.44
CLM-006641,PAY-04,PRV-0024,2025-08-10,3099.4,3981.36
CLM-006642,PAY-04,PRV-0037,2025-07-09,1241.32,939.68
CLM-006643,PAY-04,PRV-0031,2025-08-04,3861.16,793.81
CLM-006644,PAY-01,PRV-0073,2025-07-06,3693.21,150.2
CLM-006645,PAY-04,PRV-0052,2025-07-13,4874.07,105.18
CLM-006646,PAY-02,PRV-0080,2025-07-05,226.83,1906.53
CLM-006647,PAY-01,PRV-0072,2025-08-10,3645.93,1340.74
CLM-006648,PAY-02,PRV-0050,2025-07-23,3160.06,2494.6
CLM-006649,PAY-03,PRV-0059,2025-07-04,462.61,4413.75
CLM-006650,PAY-04,PRV-0021,2025-08-01,2474.66,3487.12
CLM-006651,PAY-04,PRV-0002,2025-07-10,815.36,1607.35
CLM-006652,PAY-05,PRV-0049,2025-07-06,4911.91,3731.6
CLM-006653,PAY-03,PRV-0050,2025-07-21,1306.49,2271.52
CLM-006654,PAY-04,PRV-0076,2025-08-01,1610.99,611.4
CLM-006655,PAY-03,PRV-0070,2025-08-05,2563.39,3772.93
CLM-006656,PAY-05,PRV-0024,2025-07-17,2589.43,3077.96
CLM-006657,PAY-02,PRV-0014,2025-07-17,585.67,1697.92
CLM-006658,PAY-05,PRV-0002,2025-07-06,1682.94,648.46
CLM-006659,PAY-04,PRV-0038,2025-07-03,968.41,3524.27
CLM-006660,PAY-02,PRV-0032,2025-07-11,3108.55,1394.43
CLM-006661,PAY-01,PRV-0039,2025-07-12,1062.8,1381.03
CLM-006662,PAY-02,PRV-0024,2025-07-19,1492.27,4180.56
CLM-006663,PAY-03,PRV-0057,2025-07-13,2822.03,4038.87
CLM-006664,PAY-02,PRV-0027,2025-08-04,2358.14,330.06
CLM-006665,PAY-03,PRV-0038,2025-07-17,1085.62,1907.13
CLM-006666,PAY-05,PRV-0079,2025-07-09,2125.04,2475.28
CLM-006667,PAY-02,PRV-0006,2025-07-03,3339.6,756.3
CLM-006668,PAY-05,PRV-0050,2025-07-01,3086.66,1553.98
CLM-006669,PAY-01,PRV-0004,2025-08-09,3104.29,1311.3
CLM-006670,PAY-02,PRV-0063,2025-07-13,4191.54,3605.02
CLM-006671,PAY-02,PRV-0010,2025-07-02,4962.83,2720.91
CLM-006672,PAY-02,PRV-0074,2025-08-12,3487.34,1444.42
CLM-006673,PAY-05,PRV-0012,2025-07-23,4837.77,4306.32
CLM-006674,PAY-03,PRV-0004,2025-07-31,248.16,1781.99
CLM-006675,PAY-04,PRV-0015,2025-07-16,3154.7,3557.44
CLM-006676,PAY-04,PRV-0065,2025-07-07,1820.84,3189.1
CLM-006677,PAY-01,PRV-0049,2025-07-05,4760.33,2246.79
CLM-006678,PAY-01,PRV-0072,2025-08-01,2794.3,2744.99
CLM-006679,PAY-01,PRV-0040,2025-08-11,3868.24,1207.17
CLM-006680,PAY-01,PRV-0046,2025-07-06,3677.25,3288.44
CLM-006681,PAY-02,PRV-0051,2025-07-09,1575.9,1221.72
CLM-006682,PAY-02,PRV-0055,2025-07-26,1724.68,356.33
CLM-006683,PAY-03,PRV-0003,2025-07-09,1319.77,3577.36
CLM-006684,PAY-04,PRV-0029,2025-07-04,2645.59,1054.24
CLM-006685,PAY-03,PRV-0012,2025-07-03,3701.88,2138.6
CLM-006686,PAY-01,PRV-0016,2025-08-01,2514.79,414.98
CLM-006687,PAY-04,PRV-0038,2025-07-20,1941.98,1806.02
CLM-006688,PAY-05,PRV-0009,2025-07-06,2629.14,1033.02
CLM-006689,PAY-02,PRV-0029,2025-07-18,1507.57,2347.61
CLM-006690,PAY-01,PRV-0004,2025-07-29,3088.07,3902.88
CLM-006691,PAY-02,PRV-0040,2025-07-19,2317.06,1808.21
CLM-006692,PAY-01,PRV-0072,2025-07-09,3278.67,152.23
CLM-006693,PAY-02,PRV-0038,2025-08-02,2938.76,2000.78
CLM-006694,PAY-02,PRV-0038,2025-08-05,3491.27,3103.95
CLM-006695,PAY-03,PRV-0022,2025-07-16,3432.61,4320.56
CLM-006696,PAY-03,PRV-0058,2025-07-05,1528.45,3627.27
CLM-006697,PAY-03,PRV-0002,2025-07-07,1252.75,3540.36
CLM-006698,PAY-03,PRV-0066,2025-08-03,4940.99,4045.58
CLM-006699,PAY-02,PRV-0044,2025-07-27,3210.21,3034.8
CLM-006700,PAY-03,PRV-0044,2025-07-16,4228.96,1897.91
CLM-006701,PAY-02,PRV-0068,2025-07-05,2598.45,1970.46
CLM-006702,PAY-01,PRV-0008,2025-07-20,3819.26,4419.15
CLM-006703,PAY-03,PRV-0054,2025-07-21,4959.43,4257.15
CLM-006704,PAY-01,PRV-0011,2025-07-02,2744.24,3669.72
CLM-006705,PAY-02,PRV-0066,2025-08-05,3226.29,3631.76
CLM-006706,PAY-01,PRV-0049,2025-07-31,4221.4,2615.5
CLM-006707,PAY-03,PRV-0024,2025-07-20,4868.92,150.52
CLM-006708,PAY-05,PRV-0062,2025-08-07,939.87,3264.54
CLM-006709,PAY-02,PRV-0072,2025-07-09,4398.96,3320.39
CLM-006710,PAY-04,PRV-0016,2025-07-10,1663.0,4114.91
CLM-006711,PAY-01,PRV-0006,2025-07-26,710.19,913.92
CLM-006712,PAY-04,PRV-0038,2025-07-21,3029.55,84.72
CLM-006713,PAY-04,PRV-0032,2025-08-09,2801.54,1905.42
CLM-006714,PAY-03,PRV-0012,2025-07-30,2352.63,3689.99
CLM-006715,PAY-03,PRV-0046,2025-07-21,3761.6,725.6
CLM-006716,PAY-02,PRV-0053,2025-07-04,1307.83,2471.6
CLM-006717,PAY-03,PRV-0037,2025-08-01,2549.43,3658.54
CLM-006718,PAY-05,PRV-0059,2025-07-24,2892.84,3531.17
CLM-006719,PAY-04,PRV-0012,2025-08-09,2631.04,4370.09
CLM-006720,PAY-01,PRV-0073,2025-07-14,388.14,131.74
CLM-006721,PAY-03,PRV-0068,2025-07-25,2780.47,2152.89
CLM-006722,PAY-03,PRV-0017,2025-07-09,61.68,4266.24
CLM-006723,PAY-04,PRV-0007,2025-08-14,4412.52,2616.29
CLM-006724,PAY-05,PRV-0063,2025-08-13,2069.14,2589.36
CLM-006725,PAY-03,PRV-0025,2025-07-02,2999.07,2534.3
CLM-006726,PAY-05,PRV-0031,2025-08-04,2070.22,2765.03
CLM-006727,PAY-02,PRV-0032,2025-08-13,117.28,20.49
CLM-006728,PAY-04,PRV-0058,2025-07-21,3245.32,525.55
CLM-006729,PAY-05,PRV-0061,2025-08-06,4116.59,4096.15
CLM-006730,PAY-02,PRV-0028,2025-07-12,3535.1,2555.55
CLM-006731,PAY-01,PRV-0027,2025-08-01,170.52,731.92
CLM-006732,PAY-03,PRV-0033,2025-07-20,3342.3,4244.58
CLM-006733,PAY-03,PRV-0041,2025-07-22,3655.51,1418.63
CLM-006734,PAY-03,PRV-0001,2025-07-23,4822.59,3405.83
CLM-006735,PAY-04,PRV-0038,2025-07-25,4479.62,3656.85
CLM-006736,PAY-05,PRV-0066,2025-08-12,2223.0,2341.23
CLM-006737,PAY-02,PRV-0047,2025-07-11,3383.23,4307.0
CLM-006738,PAY-04,PRV-0002,2025-08-10,1488.31,741.29
CLM-006739,PAY-05,PRV-0036,2025-08-08,604.66,1252.2
CLM-006740,PAY-03,PRV-0018,2025-07-28,2681.75,3780.1
CLM-006741,PAY-02,PRV-0023,2025-07-11,1855.45,4335.31
CLM-006742,PAY-01,PRV-0032,2025-08-07,4182.95,2038.6
CLM-006743,PAY-05,PRV-0039,2025-07-02,3263.83,4245.6
CLM-006744,PAY-03,PRV-0008,2025-08-01,1871.35,2214.09
CLM-006745,PAY-04,PRV-0002,2025-07-14,1351.42,2168.98
CLM-006746,PAY-04,PRV-0028,2025-07-22,3966.42,1730.41
CLM-006747,PAY-01,PRV-0024,2025-08-10,3117.17,2175.99
CLM-006748,PAY-01,PRV-0073,2025-07-08,906.59,3213.98
CLM-006749,PAY-01,PRV-0061,2025-07-14,3322.95,3219.73
CLM-006750,PAY-01,PRV-0030,2025-07-17,162.77,2199.12
CLM-006751,PAY-04,PRV-0026,2025-07-08,3125.2,1860.81
CLM-006752,PAY-02,PRV-0067,2025-07-06,3951.14,1616.13
CLM-006753,PAY-04,PRV-0049,2025-07-09,4420.83,2848.08
CLM-006754,PAY-02,PRV-0028,2025-08-10,1822.52,1214.15
CLM-006755,PAY-02,PRV-0013,2025-08-03,4072.84,1245.92
CLM-006756,PAY-01,PRV-0059,2025-08-04,3217.28,2831.83
CLM-006757,PAY-05,PRV-0038,2025-07-24,1462.49,2484.1
CLM-006758,PAY-03,PRV-0033,2025-07-25,2603.7,4404.59
CLM-006759,PAY-03,PRV-0001,2025-08-07,1680.69,2260.6
CLM-006760,PAY-03,PRV-0079,2025-08-05,412.19,2458.41
CLM-006761,PAY-03,PRV-0020,2025-07-11,2644.8,781.99
CLM-006762,PAY-03,PRV-0057,2025-08-02,4267.58,935.45
CLM-006763,PAY-03,PRV-0073,2025-07-06,4089.14,700.68
CLM-006764,PAY-02,PRV-0032,2025-07-07,4736.81,1607.18
CLM-006765,PAY-01,PRV-0018,2025-07-13,891.86,2683.81
CLM-006766,PAY-04,PRV-0070,2025-07-04,294.78,4094.61
CLM-006767,PAY-04,PRV-0003,2025-08-07,1893.24,3974.59
CLM-006768,PAY-05,PRV-0037,2025-07-15,1761.32,3144.89
CLM-006769,PAY-03,PRV-0001,2025-07-25,64.31,452.85
CLM-006770,PAY-02,PRV-0017,2025-07-28,1795.7,527.9
CLM-006771,PAY-02,PRV-0036,2025-07-03,635.08,3639.39
CLM-006772,PAY-01,PRV-0077,2025-07-03,2808.74,2504.21
CLM-006773,PAY-05,PRV-0005,2025-08-09,2116.63,2771.16
CLM-006774,PAY-05,PRV-0059,2025-07-10,4797.59,2229.19
CLM-006775,PAY-02,PRV-0040,2025-07-12,2095.47,56.96
CLM-006776,PAY-01,PRV-0029,2025-07-08,2433.09,705.25
CLM-006777,PAY-01,PRV-0056,2025-07-20,2007.89,4011.04
CLM-006778,PAY-01,PRV-0077,2025-07-02,1203.53,3521.76
CLM-006779,PAY-04,PRV-0044,2025-08-10,1713.43,2876.86
CLM-006780,PAY-01,PRV-0004,2025-07-21,4613.95,1770.75
CLM-006781,PAY-01,PRV-0023,2025-07-05,1611.6,4027.21
CLM-006782,PAY-05,PRV-0047,2025-07-01,3666.71,1936.37
CLM-006783,PAY-02,PRV-0080,2025-07-01,3633.39,1280.88
CLM-006784,PAY-05,PRV-0010,2025-07-12,2025.55,3119.66
CLM-006785,PAY-02,PRV-0058,2025-07-03,1908.6,2692.3
CLM-006786,PAY-04,PRV-0050,2025-08-14,2635.46,895.2
CLM-006787,PAY-05,PRV-0006,2025-08-14,4436.35,2460.48
CLM-006788,PAY-04,PRV-0007,2025-08-12,2172.09,2091.75
CLM-006789,PAY-05,PRV-0055,2025-07-05,1671.44,1635.08
CLM-006790,PAY-01,PRV-0079,2025-07-23,565.73,2371.08
CLM-006791,PAY-04,PRV-0022,2025-08-08,193.49,791.24
CLM-006792,PAY-03,PRV-0010,2025-08-08,1379.58,2235.3
CLM-006793,PAY-01,PRV-0043,2025-08-06,420.13,3660.42
CLM-006794,PAY-04,PRV-0070,2025-07-12,4311.48,2019.81
CLM-006795,PAY-02,PRV-0025,2025-07-07,4094.11,2989.37
CLM-006796,PAY-05,PRV-0078,2025-08-08,1085.83,51.1
CLM-006797,PAY-01,PRV-0012,2025-07-16,4338.27,143.64
CLM-006798,PAY-01,PRV-0031,2025-08-08,271.63,3026.72
CLM-006799,PAY-02,PRV-0018,2025-07-18,3557.79,4153.89
CLM-006800,PAY-03,PRV-0030,2025-07-20,4806.52,3614.29
CLM-006801,PAY-04,PRV-0047,2025-08-11,1760.53,3850.92
CLM-006802,PAY-04,PRV-0014,2025-07-19,3717.95,2738.35
CLM-006803,PAY-03,PRV-0073,2025-07-28,4510.52,2083.97
CLM-006804,PAY-04,PRV-0017,2025-07-27,1461.53,3002.71
CLM-006805,PAY-02,PRV-0041,2025-08-06,1649.05,1283.03
CLM-006806,PAY-01,PRV-0067,2025-08-14,1108.09,1840.76
CLM-006807,PAY-01,PRV-0024,2025-07-20,4277.81,4210.64
CLM-006808,PAY-02,PRV-0055,2025-08-09,573.28,1542.3
CLM-006809,PAY-05,PRV-0020,2025-07-26,4641.63,3940.66
CLM-006810,PAY-02,PRV-0079,2025-07-25,353.48,2848.21
CLM-006811,PAY-03,PRV-0038,2025-07-01,3677.46,124.49
CLM-006812,PAY-03,PRV-0028,2025-07-04,2875.33,2168.81
CLM-006813,PAY-01,PRV-0067,2025-07-14,1464.81,3653.5
CLM-006814,PAY-03,PRV-0036,2025-07-20,1218.21,1777.06
CLM-006815,PAY-02,PRV-0053,2025-08-07,1379.52,2020.69
CLM-006816,PAY-01,PRV-0038,2025-07-29,1520.64,3371.01
CLM-006817,PAY-04,PRV-0003,2025-08-14,2533.93,4039.22
CLM-006818,PAY-03,PRV-0038,2025-07-16,927.39,1541.13
CLM-006819,PAY-02,PRV-0023,2025-07-12,3138.32,1320.35
CLM-006820,PAY-05,PRV-0010,2025-07-19,4851.68,2967.52
CLM-006821,PAY-02,PRV-0049,2025-07-04,3344.8,1867.6
CLM-006822,PAY-01,PRV-0015,2025-07-19,3187.05,1024.63
CLM-006823,PAY-05,PRV-0072,2025-08-04,3605.86,1091.2
CLM-006824,PAY-03,PRV-0059,2025-07-16,149.2,751.62
CLM-006825,PAY-04,PRV-0046,2025-08-02,1485.65,630.09
CLM-006826,PAY-05,PRV-0058,2025-07-17,3374.04,1753.72
CLM-006827,PAY-01,PRV-0021,2025-07-06,859.98,774.66
CLM-006828,PAY-05,PRV-0049,2025-07-07,1060.68,1551.73
CLM-006829,PAY-01,PRV-0003,2025-07-15,2766.88,3923.24
CLM-006830,PAY-05,PRV-0067,2025-07-23,1044.9,3202.44
CLM-006831,PAY-03,PRV-0065,2025-07-23,1492.34,3365.44
CLM-006832,PAY-01,PRV-0073,2025-07-01,717.82,1124.73
CLM-006833,PAY-05,PRV-0062,2025-07-26,2492.01,3050.9
CLM-006834,PAY-03,PRV-0020,2025-08-12,2851.38,498.71
CLM-006835,PAY-05,PRV-0014,2025-07-08,2140.45,4073.29
CLM-006836,PAY-03,PRV-0016,2025-08-01,741.47,2714.55
CLM-006837,PAY-01,PRV-0072,2025-07-06,298.29,1797.06
CLM-006838,PAY-02,PRV-0052,2025-07-30,4576.88,395.93
CLM-006839,PAY-01,PRV-0040,2025-07-24,3384.33,3451.76
CLM-006840,PAY-05,PRV-0013,2025-08-13,420.93,4108.85
CLM-006841,PAY-01,PRV-0024,2025-07-03,2219.14,346.0
CLM-006842,PAY-05,PRV-0060,2025-07-02,3663.27,941.37
CLM-006843,PAY-02,PRV-0015,2025-08-12,4312.84,885.45
CLM-006844,PAY-02,PRV-0052,2025-07-23,4197.28,2388.66
CLM-006845,PAY-02,PRV-0016,2025-07-19,4789.3,4119.2
CLM-006846,PAY-01,PRV-0013,2025-07-04,1789.08,2401.59
CLM-006847,PAY-05,PRV-0064,2025-07-19,1844.17,1806.84
CLM-006848,PAY-01,PRV-0068,2025-07-25,1850.0,3418.89
CLM-006849,PAY-04,PRV-0029,2025-07-11,1522.73,3131.09
CLM-006850,PAY-03,PRV-0014,2025-07-25,4165.61,3065.84
CLM-006851,PAY-02,PRV-0013,2025-07-15,4176.24,2928.33
CLM-006852,PAY-01,PRV-0076,2025-07-08,2075.89,205.94
CLM-006853,PAY-05,PRV-0078,2025-07-30,3445.97,4196.52
CLM-006854,PAY-03,PRV-0036,2025-07-18,4564.36,1593.58
CLM-006855,PAY-05,PRV-0058,2025-07-05,4723.18,2994.02
CLM-006856,PAY-01,PRV-0062,2025-08-03,4995.67,358.45
CLM-006857,PAY-04,PRV-0038,2025-07-24,2733.74,3815.97
CLM-006858,PAY-03,PRV-0068,2025-07-03,2708.95,192.67
CLM-006859,PAY-03,PRV-0039,2025-07-05,4711.0,2248.43
CLM-006860,PAY-05,PRV-0065,2025-08-13,4331.41,146.56
CLM-006861,PAY-01,PRV-0060,2025-07-06,265.61,2138.71
CLM-006862,PAY-04,PRV-0057,2025-07-29,4920.59,613.14
CLM-006863,PAY-03,PRV-0058,2025-07-02,3601.32,3405.89
CLM-006864,PAY-02,PRV-0040,2025-07-29,1928.32,3732.36
CLM-006865,PAY-02,PRV-0064,2025-07-26,4494.13,3770.68
CLM-006866,PAY-03,PRV-0062,2025-07-29,3712.64,3638.6
CLM-006867,PAY-04,PRV-0008,2025-08-10,2500.47,702.45
CLM-006868,PAY-03,PRV-0008,2025-07-18,1289.3,3354.34
CLM-006869,PAY-02,PRV-0011,2025-07-25,2083.58,3062.85
CLM-006870,PAY-01,PRV-0045,2025-08-14,762.58,1527.85
CLM-006871,PAY-03,PRV-0056,2025-07-01,4207.05,3501.93
CLM-006872,PAY-05,PRV-0021,2025-07-18,3276.8,3108.95
CLM-006873,PAY-05,PRV-0041,2025-07-07,380.62,991.71
CLM-006874,PAY-02,PRV-0044,2025-08-13,320.56,1302.51
CLM-006875,PAY-02,PRV-0007,2025-07-27,4129.68,1451.62
CLM-006876,PAY-02,PRV-0067,2025-07-10,2755.74,1392.62
CLM-006877,PAY-04,PRV-0022,2025-07-26,2397.38,434.21
CLM-006878,PAY-02,PRV-0013,2025-08-10,2264.75,1286.66
CLM-006879,PAY-03,PRV-0023,2025-07-13,2368.91,2248.98
CLM-006880,PAY-02,PRV-0054,2025-07-09,2348.94,3557.36
CLM-006881,PAY-04,PRV-0029,2025-08-06,759.38,1162.43
CLM-006882,PAY-03,PRV-0049,2025-07-07,2899.35,269.17
CLM-006883,PAY-05,PRV-0055,2025-08-08,250.95,2756.64
CLM-006884,PAY-02,PRV-0078,2025-07-12,1327.33,1008.3
CLM-006885,PAY-03,PRV-0025,2025-07-07,1654.97,161.17
CLM-006886,PAY-03,PRV-0017,2025-07-30,4722.69,790.06
CLM-006887,PAY-04,PRV-0078,2025-07-12,1107.27,1019.22
CLM-006888,PAY-03,PRV-0038,2025-08-02,1718.13,2529.65
CLM-006889,PAY-04,PRV-0001,2025-07-20,816.2,2141.29
CLM-006890,PAY-02,PRV-0008,2025-08-07,433.02,2741.09
CLM-006891,PAY-03,PRV-0015,2025-07-20,4762.16,915.66
CLM-006892,PAY-04,PRV-0024,2025-07-07,2272.5,1812.68
CLM-006893,PAY-05,PRV-0011,2025-07-19,1005.69,3522.63
CLM-006894,PAY-01,PRV-0018,2025-07-26,425.81,4465.66
CLM-006895,PAY-04,PRV-0030,2025-07-24,3435.65,2031.72
CLM-006896,PAY-03,PRV-0025,2025-07-31,2858.99,3263.93
CLM-006897,PAY-02,PRV-0062,2025-07-23,2285.09,3142.52
CLM-006898,PAY-03,PRV-0068,2025-07-15,4435.72,2247.4
CLM-006899,PAY-04,PRV-0019,2025-08-09,2574.34,1196.41
CLM-006900,PAY-01,PRV-0028,2025-07-31,4155.6,2756.44
CLM-006901,PAY-04,PRV-0023,2025-07-03,1786.26,70.37
CLM-006902,PAY-01,PRV-0058,2025-07-09,2053.31,2950.42
CLM-006903,PAY-02,PRV-0002,2025-07-05,1323.3,3124.85
CLM-006904,PAY-03,PRV-0069,2025-07-31,3545.24,849.66
CLM-006905,PAY-05,PRV-0051,2025-08-03,1053.14,4124.62
CLM-006906,PAY-04,PRV-0075,2025-08-13,2252.82,3227.65
CLM-006907,PAY-03,PRV-0028,2025-07-05,2557.76,1689.47
CLM-006908,PAY-03,PRV-0063,2025-07-02,2078.6,406.1
CLM-006909,PAY-03,PRV-0008,2025-08-11,1717.27,230.06
CLM-006910,PAY-03,PRV-0060,2025-08-13,2254.11,1570.08
CLM-006911,PAY-04,PRV-0079,2025-07-09,3367.17,2747.55
CLM-006912,PAY-02,PRV-0045,2025-07-09,3569.39,2384.03
CLM-006913,PAY-02,PRV-0022,2025-08-14,4040.37,964.54
CLM-006914,PAY-05,PRV-0002,2025-07-04,1896.56,3192.76
CLM-006915,PAY-01,PRV-0078,2025-07-18,4739.91,4105.38
CLM-006916,PAY-04,PRV-0076,2025-07-08,538.29,4394.76
CLM-006917,PAY-04,PRV-0042,2025-07-28,2348.24,2677.73
CLM-006918,PAY-04,PRV-0012,2025-08-11,1210.5,489.87
CLM-006919,PAY-01,PRV-0042,2025-08-01,185.39,1389.86
CLM-006920,PAY-01,PRV-0050,2025-08-02,255.04,1241.42
CLM-006921,PAY-03,PRV-0025,2025-08-04,4902.8,2659.04
CLM-006922,PAY-05,PRV-0014,2025-08-07,4510.08,3791.44
CLM-006923,PAY-03,PRV-0046,2025-07-20,3532.61,1572.1
CLM-006924,PAY-03,PRV-0025,2025-07-28,3142.94,2336.31
CLM-006925,PAY-03,PRV-0024,2025-08-08,177.91,2801.65
CLM-006926,PAY-03,PRV-0010,2025-07-10,2452.92,664.67
CLM-006927,PAY-04,PRV-0014,2025-07-09,493.44,1587.46
CLM-006928,PAY-03,PRV-0031,2025-08-03,3470.14,552.43
CLM-006929,PAY-03,PRV-0013,2025-07-15,2082.02,1897.28
CLM-006930,PAY-04,PRV-0072,2025-07-10,686.21,967.86
CLM-006931,PAY-02,PRV-0006,2025-07-25,3784.94,2404.36
CLM-006932,PAY-05,PRV-0040,2025-08-03,4316.8,1475.27
CLM-006933,PAY-03,PRV-0051,2025-07-04,2137.96,103.19
CLM-006934,PAY-05,PRV-0067,2025-07-09,4052.55,3428.93
CLM-006935,PAY-01,PRV-0063,2025-08-06,671.55,2069.32
CLM-006936,PAY-05,PRV-0058,2025-07-04,1467.1,254.22
CLM-006937,PAY-01,PRV-0029,2025-07-20,2437.04,1915.03
CLM-006938,PAY-02,PRV-0031,2025-07-13,3404.3,3197.93
CLM-006939,PAY-05,PRV-0061,2025-08-14,4976.28,4187.01
CLM-006940,PAY-02,PRV-0026,2025-07-21,352.46,1259.35
CLM-006941,PAY-05,PRV-0033,2025-07-22,1388.69,2180.45
CLM-006942,PAY-04,PRV-0073,2025-07-02,4673.51,1069.58
CLM-006943,PAY-02,PRV-0057,2025-07-15,3808.4,4292.35
CLM-006944,PAY-02,PRV-0040,2025-08-11,1958.05,1606.47
CLM-006945,PAY-01,PRV-0012,2025-07-13,2201.14,3513.89
CLM-006946,PAY-02,PRV-0023,2025-08-10,4159.31,3375.73
CLM-006947,PAY-05,PRV-0016,2025-08-07,2557.08,1556.06
CLM-006948,PAY-03,PRV-0042,2025-07-09,4102.83,3923.17
CLM-006949,PAY-03,PRV-0015,2025-07-18,559.75,2507.63
CLM-006950,PAY-01,PRV-0012,2025-08-01,2756.1,1677.77
CLM-006951,PAY-01,PRV-0023,2025-07-06,2770.41,3325.86
CLM-006952,PAY-03,PRV-0064,2025-07-28,3319.54,3409.93
CLM-006953,PAY-04,PRV-0068,2025-07-31,2654.68,3975.58
CLM-006954,PAY-05,PRV-0030,2025-07-22,1710.53,3471.84
CLM-006955,PAY-03,PRV-0019,2025-07-22,2261.21,681.69
CLM-006956,PAY-02,PRV-0017,2025-07-19,453.57,271.32
CLM-006957,PAY-05,PRV-0025,2025-07-02,3189.6,1963.67
CLM-006958,PAY-02,PRV-0022,2025-07-27,789.38,3546.6
CLM-006959,PAY-03,PRV-0023,2025-07-17,923.77,2829.21
CLM-006960,PAY-05,PRV-0021,2025-08-09,311.92,1943.71
CLM-006961,PAY-04,PRV-0010,2025-07-11,2621.01,1745.97
CLM-006962,PAY-04,PRV-0072,2025-07-24,2231.0,1072.15
CLM-006963,PAY-04,PRV-0029,2025-07-22,2482.84,871.29
CLM-006964,PAY-04,PRV-0036,2025-07-14,1569.9,2282.35
CLM-006965,PAY-01,PRV-0051,2025-07-22,588.21,2509.85
CLM-006966,PAY-02,PRV-0056,2025-07-05,1634.53,1185.7
CLM-006967,PAY-03,PRV-0026,2025-07-01,874.37,3871.67
CLM-006968,PAY-01,PRV-0022,2025-07-19,626.94,1160.43
CLM-006969,PAY-01,PRV-0021,2025-07-11,2177.49,3349.04
CLM-006970,PAY-01,PRV-0078,2025-07-16,155.0,2106.91
CLM-006971,PAY-02,PRV-0041,2025-07-13,3855.91,4064.91
CLM-006972,PAY-04,PRV-0011,2025-08-06,3536.63,2003.59
CLM-006973,PAY-03,PRV-0068,2025-07-03,546.05,2714.3
CLM-006974,PAY-05,PRV-0023,2025-07-16,1787.71,2899.9
CLM-006975,PAY-01,PRV-0049,2025-07-11,1149.06,4094.5
CLM-006976,PAY-03,PRV-0053,2025-08-12,1191.69,1042.37
CLM-006977,PAY-05,PRV-0019,2025-07-27,3225.21,2370.92
CLM-006978,PAY-02,PRV-0022,2025-07-25,3747.75,663.54
CLM-006979,PAY-02,PRV-0023,2025-07-17,3162.48,564.36
CLM-006980,PAY-01,PRV-0039,2025-08-11,3149.25,2512.44
CLM-006981,PAY-03,PRV-0070,2025-07-02,2958.63,739.97
CLM-006982,PAY-04,PRV-0035,2025-07-11,4766.44,1465.07
CLM-006983,PAY-03,PRV-0040,2025-08-12,1733.55,4451.47
CLM-006984,PAY-04,PRV-0042,2025-07-16,1518.54,1794.83
CLM-006985,PAY-03,PRV-0016,2025-07-26,4683.92,1518.77
CLM-006986,PAY-01,PRV-0045,2025-07-29,2654.86,4226.17
CLM-006987,PAY-03,PRV-0035,2025-07-14,3910.37,2479.7
CLM-006988,PAY-04,PRV-0055,2025-07-01,4674.56,4267.46
CLM-006989,PAY-01,PRV-0022,2025-08-11,2877.84,4018.95
CLM-006990,PAY-03,PRV-0042,2025-07-12,4335.81,2876.84
CLM-006991,PAY-05,PRV-0078,2025-07-13,4354.33,2743.34
CLM-006992,PAY-01,PRV-0045,2025-07-06,3805.59,946.16
CLM-006993,PAY-01,PRV-0060,2025-08-05,1718.35,53.97
CLM-006994,PAY-01,PRV-0071,2025-08-06,3693.0,3550.81
CLM-006995,PAY-03,PRV-0017,2025-08-09,2056.46,1348.66
CLM-006996,PAY-04,PRV-0050,2025-07-16,2107.02,4437.04
CLM-006997,PAY-01,PRV-0038,2025-07-23,3054.85,4202.79
CLM-006998,PAY-03,PRV-0013,2025-08-05,1036.64,1589.87
CLM-006999,PAY-02,PRV-0025,2025-07-24,2151.54,3835.09
CLM-007000,PAY-05,PRV-0076,2025-07-18,3276.34,4128.46
CLM-007001,PAY-03,PRV-0009,2025-08-13,4625.36,3703.93
CLM-007002,PAY-03,PRV-0076,2025-08-08,2566.72,3362.46
CLM-007003,PAY-02,PRV-0028,2025-07-26,4026.3,124.67
CLM-007004,PAY-03,PRV-0004,2025-07-02,1985.72,1598.92
CLM-007005,PAY-02,PRV-0071,2025-08-06,3290.06,3347.33
CLM-007006,PAY-03,PRV-0001,2025-08-02,470.78,1280.12
CLM-007007,PAY-04,PRV-0073,2025-08-04,2305.92,3316.14
CLM-007008,PAY-05,PRV-0066,2025-07-05,2123.98,60.54
CLM-007009,PAY-05,PRV-0063,2025-07-22,422.7,2798.34
CLM-007010,PAY-03,PRV-0055,2025-07-01,2689.86,1015.48
CLM-007011,PAY-01,PRV-0030,2025-08-06,2759.17,4423.81
CLM-007012,PAY-05,PRV-0073,2025-08-05,2265.88,3959.48
CLM-007013,PAY-01,PRV-0034,2025-07-28,1085.32,2637.49
CLM-007014,PAY-03,PRV-0048,2025-08-07,4858.36,3337.16
CLM-007015,PAY-04,PRV-0057,2025-08-07,1384.93,2262.87
CLM-007016,PAY-05,PRV-0069,2025-07-10,939.05,2083.9
CLM-007017,PAY-02,PRV-0075,2025-08-01,3296.15,2407.37
CLM-007018,PAY-01,PRV-0014,2025-08-10,3481.68,1717.52
CLM-007019,PAY-01,PRV-0080,2025-07-22,4347.24,1330.29
CLM-007020,PAY-02,PRV-0026,2025-08-10,3590.6,2250.52
CLM-007021,PAY-05,PRV-0043,2025-08-08,1527.59,4144.99
CLM-007022,PAY-04,PRV-0068,2025-07-21,3505.95,3185.77
CLM-007023,PAY-01,PRV-0056,2025-08-08,1232.35,1385.74
CLM-007024,PAY-04,PRV-0045,2025-07-31,3075.76,3954.79
CLM-007025,PAY-01,PRV-0017,2025-07-04,366.91,1611.04
CLM-007026,PAY-01,PRV-0030,2025-07-18,4526.81,4359.03
CLM-007027,PAY-02,PRV-0013,2025-07-25,1499.61,1428.82
CLM-007028,PAY-03,PRV-0034,2025-07-10,2036.99,461.52
CLM-007029,PAY-02,PRV-0033,2025-07-25,2494.61,400.29
CLM-007030,PAY-02,PRV-0065,2025-07-04,1449.87,2649.92
CLM-007031,PAY-03,PRV-0004,2025-07-14,4728.8,1893.96
CLM-007032,PAY-05,PRV-0017,2025-07-05,4730.07,2989.47
CLM-007033,PAY-05,PRV-0057,2025-07-27,1924.27,4012.11
CLM-007034,PAY-05,PRV-0066,2025-08-05,435.13,865.93
CLM-007035,PAY-05,PRV-0057,2025-07-12,879.65,3396.56
CLM-007036,PAY-05,PRV-0011,2025-07-19,1406.9,2641.74
CLM-007037,PAY-04,PRV-0051,2025-07-27,1848.86,4375.19
CLM-007038,PAY-05,PRV-0059,2025-07-19,545.56,2249.41
CLM-007039,PAY-02,PRV-0047,2025-07-21,4783.71,2117.55
CLM-007040,PAY-01,PRV-0079,2025-08-03,3358.75,1392.42
CLM-007041,PAY-05,PRV-0057,2025-07-15,2095.96,759.91
CLM-007042,PAY-05,PRV-0015,2025-07-10,1269.61,2184.5
CLM-007043,PAY-02,PRV-0069,2025-07-02,4807.98,1991.82
CLM-007044,PAY-04,PRV-0061,2025-08-08,3953.1,3988.6
CLM-007045,PAY-02,PRV-0009,2025-08-03,2683.59,1689.3
CLM-007046,PAY-04,PRV-0044,2025-07-22,2241.14,1377.35
CLM-007047,PAY-02,PRV-0016,2025-07-28,2288.67,3077.92
CLM-007048,PAY-05,PRV-0002,2025-07-06,2785.86,2803.14
CLM-007049,PAY-05,PRV-0008,2025-08-03,952.19,3613.76
CLM-007050,PAY-02,PRV-0046,2025-07-16,1898.91,4333.26
CLM-007051,PAY-05,PRV-0009,2025-08-05,1698.82,793.77
CLM-007052,PAY-01,PRV-0071,2025-07-23,3752.43,57.69
CLM-007053,PAY-04,PRV-0045,2025-07-19,1118.76,2546.17
CLM-007054,PAY-04,PRV-0015,2025-07-10,2344.32,3451.45
CLM-007055,PAY-01,PRV-0063,2025-07-20,2436.97,1032.73
CLM-007056,PAY-02,PRV-0006,2025-07-06,2520.67,608.43
CLM-007057,PAY-02,PRV-0039,2025-07-03,1856.86,3249.56
CLM-007058,PAY-03,PRV-0008,2025-07-18,2336.84,1103.85
CLM-007059,PAY-02,PRV-0033,2025-08-06,3513.8,1834.85
CLM-007060,PAY-04,PRV-0030,2025-08-06,3340.05,346.44
CLM-007061,PAY-04,PRV-0027,2025-07-31,308.43,2251.83
CLM-007062,PAY-03,PRV-0010,2025-07-19,2873.06,1907.42
CLM-007063,PAY-05,PRV-0017,2025-07-19,4943.34,4226.46
CLM-007064,PAY-02,PRV-0060,2025-07-14,2500.5,2296.94
CLM-007065,PAY-04,PRV-0005,2025-07-19,3484.71,4440.2
CLM-007066,PAY-01,PRV-0077,2025-08-09,1401.05,2102.27
CLM-007067,PAY-05,PRV-0022,2025-07-03,302.55,4204.09
CLM-007068,PAY-02,PRV-0055,2025-07-01,831.38,3969.94
CLM-007069,PAY-04,PRV-0043,2025-07-21,2161.67,1723.76
CLM-007070,PAY-02,PRV-0048,2025-07-19,3619.43,2896.97
CLM-007071,PAY-03,PRV-0018,2025-07-26,1027.66,521.37
CLM-007072,PAY-02,PRV-0008,2025-08-01,1134.87,1308.52
CLM-007073,PAY-04,PRV-0020,2025-07-19,4891.98,3921.64
CLM-007074,PAY-02,PRV-0023,2025-07-08,117.48,3163.1
CLM-007075,PAY-04,PRV-0043,2025-07-16,295.26,1537.24
CLM-007076,PAY-04,PRV-0048,2025-07-18,817.16,1861.86
CLM-007077,PAY-04,PRV-0026,2025-07-25,2762.99,2006.34
CLM-007078,PAY-02,PRV-0038,2025-07-22,3613.28,3319.6
CLM-007079,PAY-01,PRV-0065,2025-07-19,1534.59,3049.15
CLM-007080,PAY-05,PRV-0049,2025-07-28,380.47,995.62
CLM-007081,PAY-03,PRV-0069,2025-08-07,2977.22,562.35
CLM-007082,PAY-05,PRV-0066,2025-07-30,991.59,1143.89
CLM-007083,PAY-05,PRV-0046,2025-07-08,3158.91,172.41
CLM-007084,PAY-04,PRV-0021,2025-08-10,4817.29,2556.91
CLM-007085,PAY-01,PRV-0048,2025-08-14,846.39,3838.52
CLM-007086,PAY-05,PRV-0046,2025-07-27,2010.95,4215.75
CLM-007087,PAY-03,PRV-0004,2025-07-02,180.29,4499.32
CLM-007088,PAY-03,PRV-0041,2025-07-15,399.72,2784.71
CLM-007089,PAY-03,PRV-0032,2025-07-28,3979.69,3824.55
CLM-007090,PAY-02,PRV-0015,2025-07-06,445.91,4346.33
CLM-007091,PAY-03,PRV-0065,2025-08-01,4768.06,302.49
CLM-007092,PAY-04,PRV-0065,2025-07-18,3988.98,3044.78
CLM-007093,PAY-05,PRV-0041,2025-07-12,4041.45,1540.61
CLM-007094,PAY-01,PRV-0059,2025-08-04,839.2,2204.24
CLM-007095,PAY-01,PRV-0008,2025-07-07,1747.64,3745.75
CLM-007096,PAY-04,PRV-0030,2025-07-14,392.13,1404.64
CLM-007097,PAY-05,PRV-0027,2025-08-12,2592.51,1324.85
CLM-007098,PAY-01,PRV-0022,2025-08-13,4901.19,1622.37
CLM-007099,PAY-05,PRV-0037,2025-08-12,3961.86,2113.91
CLM-007100,PAY-03,PRV-0012,2025-07-25,3204.75,266.4
CLM-007101,PAY-04,PRV-0018,2025-07-02,1245.25,2316.19
CLM-007102,PAY-04,PRV-0031,2025-08-14,854.94,71.78
CLM-007103,PAY-03,PRV-0012,2025-07-08,4123.99,2496.85
CLM-007104,PAY-03,PRV-0067,2025-08-02,909.97,1349.16
CLM-007105,PAY-04,PRV-0044,2025-07-02,1912.64,3898.35
CLM-007106,PAY-04,PRV-0038,2025-08-02,3463.46,2279.11
CLM-007107,PAY-02,PRV-0078,2025-07-27,2281.78,890.13
CLM-007108,PAY-05,PRV-0023,2025-08-14,1960.21,3301.07
CLM-007109,PAY-05,PRV-0057,2025-07-27,2380.04,3130.8
CLM-007110,PAY-02,PRV-0057,2025-07-19,3509.1,3535.76
CLM-007111,PAY-01,PRV-0029,2025-08-07,953.46,319.15
CLM-007112,PAY-04,PRV-0051,2025-07-19,4155.04,519.18
CLM-007113,PAY-05,PRV-0065,2025-08-02,2654.28,3775.22
CLM-007114,PAY-02,PRV-0043,2025-08-09,1476.04,3472.71
CLM-007115,PAY-01,PRV-0041,2025-07-15,1715.88,2585.55
CLM-007116,PAY-02,PRV-0016,2025-07-27,188.57,975.66
CLM-007117,PAY-05,PRV-0050,2025-08-07,539.01,4471.75
CLM-007118,PAY-03,PRV-0012,2025-07-13,388.22,59.94
CLM-007119,PAY-02,PRV-0022,2025-08-01,2635.47,2785.74
CLM-007120,PAY-04,PRV-0037,2025-07-31,760.59,2914.93
CLM-007121,PAY-05,PRV-0033,2025-08-03,2636.56,721.64
CLM-007122,PAY-05,PRV-0028,2025-08-05,92.4,4358.02
CLM-007123,PAY-01,PRV-0030,2025-08-07,2243.98,1738.63
CLM-007124,PAY-01,PRV-0046,2025-07-09,3556.46,455.77
CLM-007125,PAY-04,PRV-0015,2025-07-05,1814.12,2331.1
CLM-007126,PAY-02,PRV-0073,2025-07-08,1693.71,4166.31
CLM-007127,PAY-01,PRV-0038,2025-08-05,2535.78,1590.79
CLM-007128,PAY-03,PRV-0060,2025-07-21,2161.78,226.05
CLM-007129,PAY-03,PRV-0067,2025-07-05,4291.23,1245.85
CLM-007130,PAY-02,PRV-0056,2025-07-11,2626.77,3736.04
CLM-007131,PAY-02,PRV-0072,2025-07-06,476.67,1068.18
CLM-007132,PAY-04,PRV-0054,2025-07-02,3839.1,3750.87
CLM-007133,PAY-02,PRV-0078,2025-07-28,1960.86,2771.99
CLM-007134,PAY-04,PRV-0065,2025-07-03,3403.42,1497.8
CLM-007135,PAY-03,PRV-0051,2025-08-02,3668.92,418.01
CLM-007136,PAY-02,PRV-0039,2025-07-11,3384.16,1334.23
CLM-007137,PAY-03,PRV-0011,2025-07-04,501.77,290.07
CLM-007138,PAY-02,PRV-0056,2025-08-08,2511.36,4423.66
CLM-007139,PAY-04,PRV-0070,2025-07-15,596.06,1215.64
CLM-007140,PAY-02,PRV-0008,2025-08-03,979.14,298.45
CLM-007141,PAY-02,PRV-0021,2025-07-12,437.45,2477.17
CLM-007142,PAY-03,PRV-0068,2025-07-09,2083.5,947.84
CLM-007143,PAY-05,PRV-0007,2025-07-24,4175.23,3327.03
CLM-007144,PAY-03,PRV-0056,2025-07-18,1121.66,3403.78
CLM-007145,PAY-02,PRV-0023,2025-07-18,682.51,3713.14
CLM-007146,PAY-05,PRV-0024,2025-08-08,152.61,1923.63
CLM-007147,PAY-01,PRV-0006,2025-07-09,4743.38,3801.71
CLM-007148,PAY-04,PRV-0053,2025-08-06,61.2,3497.01
CLM-007149,PAY-05,PRV-0021,2025-08-10,3596.73,1804.24
CLM-007150,PAY-03,PRV-0045,2025-07-01,769.53,1979.83
CLM-007151,PAY-05,PRV-0040,2025-07-07,3469.26,2232.14
CLM-007152,PAY-04,PRV-0031,2025-07-25,2109.38,2519.56
CLM-007153,PAY-02,PRV-0036,2025-07-27,1878.5,1422.75
CLM-007154,PAY-04,PRV-0061,2025-08-10,1692.17,2387.54
CLM-007155,PAY-02,PRV-0033,2025-08-04,739.26,3593.3
CLM-007156,PAY-04,PRV-0007,2025-07-30,1331.43,4336.59
CLM-007157,PAY-01,PRV-0031,2025-08-06,4095.3,2725.33
CLM-007158,PAY-03,PRV-0051,2025-07-27,2749.16,2731.15
CLM-007159,PAY-02,PRV-0068,2025-08-01,3449.65,1349.54
CLM-007160,PAY-03,PRV-0002,2025-07-06,180.97,1998.12
CLM-007161,PAY-03,PRV-0076,2025-07-20,2648.67,3793.19
CLM-007162,PAY-04,PRV-0028,2025-07-03,3708.88,2042.86
CLM-007163,PAY-03,PRV-0065,2025-07-01,480.69,1526.53
CLM-007164,PAY-03,PRV-0038,2025-07-06,3475.13,2246.72
CLM-007165,PAY-02,PRV-0073,2025-07-04,4506.91,2935.71
CLM-007166,PAY-05,PRV-0040,2025-08-12,3249.59,3438.08
CLM-007167,PAY-02,PRV-0030,2025-07-02,176.51,2178.63
CLM-007168,PAY-02,PRV-0080,2025-07-22,3006.99,3007.18
CLM-007169,PAY-03,PRV-0009,2025-08-12,3807.92,1371.92
CLM-007170,PAY-01,PRV-0076,2025-08-14,4981.86,1615.69
CLM-007171,PAY-02,PRV-0028,2025-08-06,392.54,2398.19
CLM-007172,PAY-02,PRV-0042,2025-07-25,2414.77,1431.46
CLM-007173,PAY-04,PRV-0010,2025-08-02,1420.7,1646.61
CLM-007174,PAY-01,PRV-0022,2025-08-11,3039.85,3292.57
CLM-007175,PAY-02,PRV-0007,2025-08-03,560.51,3502.65
CLM-007176,PAY-03,PRV-0059,2025-07-24,2491.64,1316.91
CLM-007177,PAY-02,PRV-0025,2025-07-28,2609.58,4397.69
CLM-007178,PAY-02,PRV-0040,2025-07-19,1078.09,1650.06
CLM-007179,PAY-03,PRV-0061,2025-07-07,2494.02,485.65
CLM-007180,PAY-04,PRV-0001,2025-07-06,169.38,3781.79
CLM-007181,PAY-04,PRV-0061,2025-08-12,926.78,1759.5
CLM-007182,PAY-05,PRV-0074,2025-07-12,1871.37,3655.55
CLM-007183,PAY-05,PRV-0052,2025-07-19,3096.76,1075.14
CLM-007184,PAY-02,PRV-0029,2025-07-29,79.96,2836.35
CLM-007185,PAY-04,PRV-0014,2025-07-26,2324.98,2088.27
CLM-007186,PAY-02,PRV-0031,2025-08-12,386.28,3149.79
CLM-007187,PAY-03,PRV-0052,2025-07-31,4969.44,2928.3
CLM-007188,PAY-05,PRV-0056,2025-07-20,4603.54,2866.18
CLM-007189,PAY-02,PRV-0047,2025-07-06,2175.88,423.8
CLM-007190,PAY-05,PRV-0035,2025-07-03,3053.96,1554.66
CLM-007191,PAY-04,PRV-0029,2025-08-05,4389.91,519.14
CLM-007192,PAY-05,PRV-0069,2025-08-05,2646.3,4385.77
CLM-007193,PAY-05,PRV-0008,2025-07-14,3136.46,2964.52
CLM-007194,PAY-05,PRV-0021,2025-07-08,705.53,257.27
CLM-007195,PAY-03,PRV-0018,2025-07-27,3148.47,1926.44
CLM-007196,PAY-01,PRV-0071,2025-08-13,1987.98,3051.38
CLM-007197,PAY-04,PRV-0076,2025-07-14,2177.95,4339.73
CLM-007198,PAY-03,PRV-0067,2025-07-11,2256.21,2236.5
CLM-007199,PAY-03,PRV-0021,2025-07-19,2807.58,394.16
CLM-007200,PAY-05,PRV-0012,2025-07-24,1356.02,1499.83
CLM-007201,PAY-03,PRV-0043,2025-07-30,2484.31,619.5
CLM-007202,PAY-02,PRV-0059,2025-08-06,4395.77,261.81
CLM-007203,PAY-04,PRV-0050,2025-08-09,1997.87,512.96
CLM-007204,PAY-01,PRV-0031,2025-08-06,209.07,1018.1
CLM-007205,PAY-02,PRV-0019,2025-08-07,1298.59,1685.5
CLM-007206,PAY-04,PRV-0050,2025-07-14,1709.79,323.13
CLM-007207,PAY-01,PRV-0070,2025-07-28,893.68,3164.56
CLM-007208,PAY-05,PRV-0055,2025-07-23,3823.57,4457.76
CLM-007209,PAY-03,PRV-0011,2025-07-06,1926.93,2595.03
CLM-007210,PAY-02,PRV-0049,2025-07-07,4596.74,1001.57
CLM-007211,PAY-02,PRV-0062,2025-07-19,1620.93,1457.62
CLM-007212,PAY-02,PRV-0065,2025-07-05,4455.94,4022.36
CLM-007213,PAY-05,PRV-0052,2025-08-10,3577.96,62.34
CLM-007214,PAY-01,PRV-0002,2025-07-17,3506.18,1046.31
CLM-007215,PAY-05,PRV-0057,2025-07-29,1468.61,3305.69
CLM-007216,PAY-03,PRV-0014,2025-07-15,4799.76,3387.03
CLM-007217,PAY-03,PRV-0033,2025-08-09,2060.13,1657.15
CLM-007218,PAY-01,PRV-0011,2025-08-08,2019.6,3301.68
CLM-007219,PAY-03,PRV-0039,2025-07-16,4054.73,2994.07
CLM-007220,PAY-02,PRV-0022,2025-07-09,4614.19,2452.67
CLM-007221,PAY-03,PRV-0050,2025-07-19,2368.31,4423.25
CLM-007222,PAY-04,PRV-0049,2025-08-08,1187.67,1587.83
CLM-007223,PAY-03,PRV-0076,2025-08-10,2085.87,2922.66
CLM-007224,PAY-05,PRV-0006,2025-07-05,2047.11,2905.12
CLM-007225,PAY-01,PRV-0014,2025-07-27,2485.94,3407.43
CLM-007226,PAY-01,PRV-0025,2025-07-12,3901.93,1536.32
CLM-007227,PAY-03,PRV-0044,2025-08-14,2227.56,3199.78
CLM-007228,PAY-04,PRV-0069,2025-08-05,678.82,4402.75
CLM-007229,PAY-03,PRV-0050,2025-07-23,4487.78,2706.39
CLM-007230,PAY-05,PRV-0062,2025-07-04,2011.2,950.67
CLM-007231,PAY-01,PRV-0051,2025-08-09,1001.98,187.24
CLM-007232,PAY-03,PRV-0068,2025-07-28,2657.33,3206.85
CLM-007233,PAY-03,PRV-0070,2025-07-20,2432.14,1083.7
CLM-007234,PAY-04,PRV-0073,2025-08-14,83.82,3609.47
CLM-007235,PAY-02,PRV-0012,2025-07-01,3407.08,1184.68
CLM-007236,PAY-05,PRV-0072,2025-08-06,2388.36,4088.4
CLM-007237,PAY-02,PRV-0007,2025-07-11,302.94,1380.84
CLM-007238,PAY-03,PRV-0061,2025-07-23,4194.76,2198.28
CLM-007239,PAY-01,PRV-0077,2025-07-01,1753.65,3952.36
CLM-007240,PAY-02,PRV-0048,2025-07-07,2313.34,470.98
CLM-007241,PAY-05,PRV-0011,2025-07-13,885.63,2791.8
CLM-007242,PAY-02,PRV-0052,2025-08-14,957.24,155.41
CLM-007243,PAY-05,PRV-0034,2025-07-28,4709.59,430.17
CLM-007244,PAY-05,PRV-0069,2025-08-12,4156.3,3209.84
CLM-007245,PAY-04,PRV-0034,2025-07-16,3892.84,877.8
CLM-007246,PAY-03,PRV-0027,2025-07-03,910.36,3696.8
CLM-007247,PAY-05,PRV-0007,2025-07-16,3150.48,2482.66
CLM-007248,PAY-03,PRV-0040,2025-07-06,4158.61,4301.14
CLM-007249,PAY-05,PRV-0073,2025-08-09,4528.84,1478.35
CLM-007250,PAY-01,PRV-0069,2025-08-14,4155.01,3352.24
CLM-007251,PAY-04,PRV-0017,2025-07-02,2950.58,3469.59
CLM-007252,PAY-03,PRV-0062,2025-07-17,818.84,4145.1
CLM-007253,PAY-03,PRV-0049,2025-07-27,4295.2,1900.64
CLM-007254,PAY-04,PRV-0011,2025-07-27,3358.31,2891.7
CLM-007255,PAY-04,PRV-0061,2025-07-17,3375.97,2395.71
CLM-007256,PAY-05,PRV-0055,2025-07-23,3349.4,836.55
CLM-007257,PAY-03,PRV-0046,2025-07-30,2868.64,3287.11
CLM-007258,PAY-04,PRV-0070,2025-07-02,3565.06,4172.59
CLM-007259,PAY-04,PRV-0040,2025-07-13,2501.81,2358.4
CLM-007260,PAY-05,PRV-0029,2025-08-03,725.74,560.73
CLM-007261,PAY-01,PRV-0040,2025-08-02,285.43,4031.33
CLM-007262,PAY-05,PRV-0071,2025-07-10,684.77,2867.65
CLM-007263,PAY-04,PRV-0054,2025-07-13,2862.52,3689.02
CLM-007264,PAY-04,PRV-0042,2025-07-31,4717.9,883.74
CLM-007265,PAY-01,PRV-0062,2025-08-07,662.25,4248.42
CLM-007266,PAY-05,PRV-0005,2025-07-01,4222.43,3536.82
CLM-007267,PAY-02,PRV-0024,2025-08-04,3069.79,1112.26
CLM-007268,PAY-05,PRV-0038,2025-07-23,2544.23,3998.04
CLM-007269,PAY-03,PRV-0059,2025-07-06,1959.52,1853.02
CLM-007270,PAY-03,PRV-0030,2025-07-14,4107.57,3813.3
CLM-007271,PAY-03,PRV-0017,2025-07-11,2192.32,347.55
CLM-007272,PAY-01,PRV-0032,2025-08-14,2708.61,689.24
CLM-007273,PAY-05,PRV-0078,2025-08-09,1977.27,803.24
CLM-007274,PAY-01,PRV-0032,2025-08-09,2879.31,3222.73
CLM-007275,PAY-02,PRV-0016,2025-07-05,2792.56,2220.01
CLM-007276,PAY-05,PRV-0032,2025-08-09,875.45,4358.31
CLM-007277,PAY-05,PRV-0065,2025-07-19,2393.25,1848.04
CLM-007278,PAY-02,PRV-0065,2025-07-25,3653.03,1680.79
CLM-007279,PAY-03,PRV-0077,2025-07-27,4827.05,119.82
CLM-007280,PAY-05,PRV-0007,2025-07-18,4194.29,1132.66
CLM-007281,PAY-01,PRV-0011,2025-07-23,4901.56,4017.86
CLM-007282,PAY-04,PRV-0030,2025-07-26,1198.16,448.88
CLM-007283,PAY-04,PRV-0063,2025-08-05,1066.62,2030.37
CLM-007284,PAY-05,PRV-0031,2025-07-17,2331.47,710.83
CLM-007285,PAY-01,PRV-0001,2025-07-07,2790.5,4239.78
CLM-007286,PAY-01,PRV-0014,2025-07-28,4862.82,1839.18
CLM-007287,PAY-03,PRV-0023,2025-07-07,473.4,3393.88
CLM-007288,PAY-03,PRV-0019,2025-07-04,2130.56,1970.69
CLM-007289,PAY-01,PRV-0025,2025-08-12,959.91,1333.98
CLM-007290,PAY-04,PRV-0043,2025-07-12,3765.46,480.61
CLM-007291,PAY-05,PRV-0078,2025-08-01,1815.27,4436.37
CLM-007292,PAY-05,PRV-0048,2025-07-03,1475.72,320.53
CLM-007293,PAY-03,PRV-0009,2025-08-11,3930.75,4410.45
CLM-007294,PAY-03,PRV-0077,2025-08-02,1774.89,2305.25
CLM-007295,PAY-01,PRV-0038,2025-07-11,2643.82,2367.89
CLM-007296,PAY-01,PRV-0039,2025-07-02,1452.25,593.7
CLM-007297,PAY-04,PRV-0040,2025-08-09,4663.52,3337.31
CLM-007298,PAY-03,PRV-0029,2025-07-17,3967.82,2748.15
CLM-007299,PAY-05,PRV-0075,2025-07-21,4327.74,3998.43
CLM-007300,PAY-02,PRV-0066,2025-08-13,299.76,4345.82
CLM-007301,PAY-04,PRV-0038,2025-07-11,3015.55,2141.77
CLM-007302,PAY-01,PRV-0077,2025-07-30,2898.04,823.13
CLM-007303,PAY-01,PRV-0072,2025-08-01,2985.77,1048.33
CLM-007304,PAY-03,PRV-0023,2025-07-03,1534.59,3829.24
CLM-007305,PAY-02,PRV-0012,2025-08-14,1477.76,416.26
CLM-007306,PAY-01,PRV-0073,2025-08-08,1903.17,1657.97
CLM-007307,PAY-01,PRV-0006,2025-07-22,4234.45,1739.21
CLM-007308,PAY-04,PRV-0006,2025-07-05,965.2,1619.47
CLM-007309,PAY-04,PRV-0049,2025-07-18,2759.49,1791.4
CLM-007310,PAY-03,PRV-0051,2025-07-20,940.93,2095.23
CLM-007311,PAY-01,PRV-0078,2025-07-23,4756.27,3537.64
CLM-007312,PAY-04,PRV-0067,2025-07-25,4927.88,2926.99
CLM-007313,PAY-04,PRV-0048,2025-07-12,809.16,964.69
CLM-007314,PAY-03,PRV-0041,2025-08-02,591.66,3367.46
CLM-007315,PAY-03,PRV-0071,2025-07-10,3830.82,628.83
CLM-007316,PAY-04,PRV-0021,2025-07-19,2575.81,3490.59
CLM-007317,PAY-05,PRV-0079,2025-08-12,2221.82,1945.06
CLM-007318,PAY-02,PRV-0019,2025-07-02,846.01,3019.05
CLM-007319,PAY-03,PRV-0013,2025-07-28,3502.79,2407.16
CLM-007320,PAY-01,PRV-0022,2025-07-08,2081.14,4315.07
CLM-007321,PAY-01,PRV-0063,2025-07-28,3554.25,2155.4
CLM-007322,PAY-02,PRV-0058,2025-07-25,4927.82,1737.63
CLM-007323,PAY-02,PRV-0046,2025-08-08,445.52,4416.81
CLM-007324,PAY-02,PRV-0031,2025-07-02,815.07,3604.05
CLM-007325,PAY-02,PRV-0018,2025-07-21,3328.49,4100.53
CLM-007326,PAY-01,PRV-0006,2025-08-10,1408.09,4442.92
CLM-007327,PAY-03,PRV-0026,2025-07-15,695.46,810.5
CLM-007328,PAY-05,PRV-0042,2025-07-17,3410.18,3507.65
CLM-007329,PAY-02,PRV-0027,2025-08-08,586.28,2607.81
CLM-007330,PAY-01,PRV-0011,2025-07-22,3413.56,1582.28
CLM-007331,PAY-01,PRV-0011,2025-07-21,2043.1,2615.43
CLM-007332,PAY-03,PRV-0041,2025-07-18,708.47,2072.11
CLM-007333,PAY-05,PRV-0017,2025-07-21,4893.01,3870.61
CLM-007334,PAY-01,PRV-0039,2025-07-13,1706.55,1822.89
CLM-007335,PAY-05,PRV-0045,2025-08-11,2812.5,4164.3
CLM-007336,PAY-01,PRV-0080,2025-08-06,3087.63,1859.47
CLM-007337,PAY-05,PRV-0005,2025-08-14,2464.07,1583.53
CLM-007338,PAY-01,PRV-0065,2025-07-18,1320.16,34.44
CLM-007339,PAY-03,PRV-0054,2025-07-07,528.56,1820.15
CLM-007340,PAY-04,PRV-0034,2025-07-16,4918.18,3672.95
CLM-007341,PAY-03,PRV-0018,2025-08-14,4332.56,3083.1
CLM-007342,PAY-02,PRV-0002,2025-07-12,3967.83,1896.43
CLM-007343,PAY-01,PRV-0001,2025-08-11,4371.32,3616.65
CLM-007344,PAY-03,PRV-0007,2025-08-14,1654.05,3363.53
CLM-007345,PAY-02,PRV-0041,2025-08-12,385.87,2899.69
CLM-007346,PAY-05,PRV-0068,2025-07-16,4839.36,3788.49
CLM-007347,PAY-03,PRV-0059,2025-08-12,2815.32,3801.59
CLM-007348,PAY-01,PRV-0024,2025-08-13,861.73,1055.64
CLM-007349,PAY-01,PRV-0036,2025-08-06,2833.08,3418.98
CLM-007350,PAY-05,PRV-0079,2025-08-03,3981.42,1817.01
CLM-007351,PAY-01,PRV-0060,2025-08-09,73.49,212.36
CLM-007352,PAY-05,PRV-0021,2025-07-06,3428.18,280.13
CLM-007353,PAY-05,PRV-0068,2025-07-05,2155.83,1091.2
CLM-007354,PAY-01,PRV-0051,2025-08-01,168.72,1520.73
CLM-007355,PAY-02,PRV-0016,2025-08-09,544.11,1075.07
CLM-007356,PAY-02,PRV-0078,2025-08-13,3248.18,3668.06
CLM-007357,PAY-04,PRV-0042,2025-07-11,4899.21,3288.4
CLM-007358,PAY-02,PRV-0066,2025-08-05,1916.07,3720.0
CLM-007359,PAY-02,PRV-0042,2025-07-09,4271.75,239.32
CLM-007360,PAY-01,PRV-0026,2025-07-25,4603.78,1154.31
CLM-007361,PAY-01,PRV-0070,2025-08-11,1265.18,2134.14
CLM-007362,PAY-05,PRV-0038,2025-08-02,2299.6,635.38
CLM-007363,PAY-03,PRV-0077,2025-08-09,2995.01,3412.48
CLM-007364,PAY-01,PRV-0048,2025-07-14,315.82,594.39
CLM-007365,PAY-02,PRV-0007,2025-08-06,4655.78,2399.71
CLM-007366,PAY-01,PRV-0030,2025-08-06,4203.6,1624.51
CLM-007367,PAY-02,PRV-0036,2025-08-02,1014.56,2130.0
CLM-007368,PAY-02,PRV-0020,2025-08-03,1153.25,2153.65
CLM-007369,PAY-02,PRV-0078,2025-07-20,230.37,1113.53
CLM-007370,PAY-05,PRV-0046,2025-07-25,3363.48,81.79
CLM-007371,PAY-04,PRV-0072,2025-07-25,4567.89,3471.6
CLM-007372,PAY-02,PRV-0067,2025-07-10,938.0,1696.24
CLM-007373,PAY-05,PRV-0043,2025-07-16,728.12,337.18
CLM-007374,PAY-05,PRV-0040,2025-07-28,2688.42,1606.08
CLM-007375,PAY-01,PRV-0008,2025-07-10,2509.96,274.4
CLM-007376,PAY-05,PRV-0029,2025-07-11,319.2,3727.08
CLM-007377,PAY-05,PRV-0059,2025-07-06,4833.28,3546.48
CLM-007378,PAY-04,PRV-0068,2025-07-05,1356.53,4433.91
CLM-007379,PAY-05,PRV-0012,2025-07-17,4221.97,487.14
CLM-007380,PAY-05,PRV-0064,2025-07-29,290.51,2167.1
CLM-007381,PAY-03,PRV-0043,2025-08-13,3066.35,1250.96
CLM-007382,PAY-01,PRV-0050,2025-07-23,4881.2,2648.36
CLM-007383,PAY-02,PRV-0010,2025-07-04,3130.72,1265.22
CLM-007384,PAY-01,PRV-0042,2025-08-09,4640.0,605.69
CLM-007385,PAY-05,PRV-0072,2025-07-13,4984.27,2105.77
CLM-007386,PAY-01,PRV-0023,2025-08-12,2749.0,4184.38
CLM-007387,PAY-03,PRV-0051,2025-07-30,1830.99,2853.03
CLM-007388,PAY-03,PRV-0070,2025-08-09,2313.3,4065.15
CLM-007389,PAY-05,PRV-0018,2025-08-06,3568.44,2897.34
CLM-007390,PAY-05,PRV-0068,2025-07-14,37.72,618.6
CLM-007391,PAY-04,PRV-0071,2025-07-24,1897.92,1096.69
CLM-007392,PAY-03,PRV-0019,2025-07-07,1712.63,1036.53
CLM-007393,PAY-02,PRV-0022,2025-07-04,702.54,4107.47
CLM-007394,PAY-02,PRV-0017,2025-07-09,3293.1,2202.07
CLM-007395,PAY-05,PRV-0080,2025-07-21,2972.61,2649.28
CLM-007396,PAY-03,PRV-0050,2025-07-16,1418.13,2345.95
CLM-007397,PAY-03,PRV-0075,2025-07-25,3792.08,4363.38
CLM-007398,PAY-01,PRV-0074,2025-08-11,3348.07,1913.93
CLM-007399,PAY-04,PRV-0026,2025-07-21,2770.82,849.24
CLM-007400,PAY-02,PRV-0037,2025-07-24,3238.32,1513.9
CLM-007401,PAY-02,PRV-0038,2025-07-22,546.2,431.31
CLM-007402,PAY-01,PRV-0079,2025-07-27,129.79,592.77
CLM-007403,PAY-02,PRV-0002,2025-07-08,3412.74,3709.49
CLM-007404,PAY-04,PRV-0010,2025-08-12,2775.81,1401.05
CLM-007405,PAY-02,PRV-0022,2025-07-19,3545.7,613.51
CLM-007406,PAY-03,PRV-0047,2025-07-25,2715.37,2744.36
CLM-007407,PAY-02,PRV-0018,2025-07-08,3509.34,2170.83
CLM-007408,PAY-03,PRV-0080,2025-07-12,2067.91,1443.8
CLM-007409,PAY-01,PRV-0058,2025-07-20,659.47,2630.7
CLM-007410,PAY-05,PRV-0065,2025-07-18,2142.82,428.61
CLM-007411,PAY-02,PRV-0012,2025-07-11,1111.96,4473.16
CLM-007412,PAY-02,PRV-0052,2025-07-09,878.66,2543.71
CLM-007413,PAY-02,PRV-0016,2025-07-06,3158.21,1044.33
CLM-007414,PAY-02,PRV-0077,2025-07-23,587.61,2547.56
CLM-007415,PAY-05,PRV-0073,2025-08-06,3272.96,3071.45
CLM-007416,PAY-01,PRV-0052,2025-08-14,4518.04,2217.68
CLM-007417,PAY-05,PRV-0040,2025-07-22,2114.24,2416.51
CLM-007418,PAY-03,PRV-0061,2025-07-26,4603.76,670.27
CLM-007419,PAY-01,PRV-0007,2025-07-19,3974.26,1852.86
CLM-007420,PAY-01,PRV-0007,2025-07-09,2007.42,3689.68
CLM-007421,PAY-05,PRV-0065,2025-07-20,1733.09,2681.62
CLM-007422,PAY-05,PRV-0013,2025-07-12,3307.96,1429.31
CLM-007423,PAY-03,PRV-0015,2025-07-21,983.07,1853.44
CLM-007424,PAY-05,PRV-0042,2025-08-01,2807.94,779.53
CLM-007425,PAY-03,PRV-0061,2025-07-25,2018.8,2134.75
CLM-007426,PAY-03,PRV-0042,2025-07-17,2182.96,4175.48
CLM-007427,PAY-03,PRV-0068,2025-07-05,3555.81,3198.65
CLM-007428,PAY-05,PRV-0058,2025-07-09,724.03,317.34
CLM-007429,PAY-05,PRV-0046,2025-07-09,4922.84,2924.94
CLM-007430,PAY-01,PRV-0057,2025-08-14,3004.65,827.59
CLM-007431,PAY-03,PRV-0011,2025-07-27,4004.37,3723.8
CLM-007432,PAY-04,PRV-0065,2025-07-23,1296.87,3780.54
CLM-007433,PAY-02,PRV-0001,2025-07-02,2290.01,2679.16
CLM-007434,PAY-04,PRV-0025,2025-07-20,4739.82,2807.02
CLM-007435,PAY-01,PRV-0036,2025-07-22,4000.46,508.37
CLM-007436,PAY-03,PRV-0014,2025-07-26,1585.55,2938.82
CLM-007437,PAY-05,PRV-0026,2025-08-07,1260.83,3903.05
CLM-007438,PAY-02,PRV-0046,2025-08-03,274.01,967.84
CLM-007439,PAY-02,PRV-0078,2025-07-16,1611.03,1430.06
CLM-007440,PAY-01,PRV-0054,2025-08-01,4766.56,2759.67
CLM-007441,PAY-01,PRV-0037,2025-07-30,1416.98,2926.72
CLM-007442,PAY-05,PRV-0053,2025-07-03,3085.83,3087.97
CLM-007443,PAY-01,PRV-0074,2025-07-31,4451.4,2256.27
CLM-007444,PAY-04,PRV-0003,2025-07-16,2259.06,4039.0
CLM-007445,PAY-02,PRV-0039,2025-08-05,4441.3,3789.9
CLM-007446,PAY-04,PRV-0027,2025-07-17,1117.83,2395.94
CLM-007447,PAY-01,PRV-0039,2025-07-24,470.22,1393.28
CLM-007448,PAY-03,PRV-0071,2025-08-11,3841.32,4089.67
CLM-007449,PAY-04,PRV-0027,2025-07-04,2910.62,1971.74
CLM-007450,PAY-02,PRV-0046,2025-08-09,4933.44,346.81
CLM-007451,PAY-01,PRV-0005,2025-07-18,3224.15,3273.83
CLM-007452,PAY-01,PRV-0035,2025-07-18,50.64,1974.66
CLM-007453,PAY-03,PRV-0005,2025-08-01,1596.64,646.97
CLM-007454,PAY-05,PRV-0080,2025-08-12,3222.0,1759.42
CLM-007455,PAY-02,PRV-0011,2025-07-09,4634.67,3535.95
CLM-007456,PAY-03,PRV-0002,2025-07-05,4425.76,1921.83
CLM-007457,PAY-03,PRV-0007,2025-08-10,1862.88,471.49
CLM-007458,PAY-02,PRV-0032,2025-07-23,2704.8,3938.61
CLM-007459,PAY-05,PRV-0009,2025-07-26,1176.15,445.89
CLM-007460,PAY-01,PRV-0010,2025-08-06,3211.59,881.9
CLM-007461,PAY-01,PRV-0007,2025-07-14,742.66,666.19
CLM-007462,PAY-02,PRV-0041,2025-07-28,3571.36,1374.14
CLM-007463,PAY-05,PRV-0043,2025-08-07,4019.36,1681.39
CLM-007464,PAY-01,PRV-0062,2025-07-04,378.27,882.8
CLM-007465,PAY-03,PRV-0048,2025-07-26,1236.23,2731.07
CLM-007466,PAY-04,PRV-0003,2025-07-08,1795.75,4269.38
CLM-007467,PAY-05,PRV-0075,2025-07-31,4474.61,3579.33
CLM-007468,PAY-05,PRV-0022,2025-07-29,1795.19,344.77
CLM-007469,PAY-04,PRV-0035,2025-08-02,838.58,2785.52
CLM-007470,PAY-05,PRV-0002,2025-07-18,2678.61,293.87
CLM-007471,PAY-03,PRV-0036,2025-07-06,2405.83,1969.74
CLM-007472,PAY-03,PRV-0005,2025-07-21,3169.01,2570.73
CLM-007473,PAY-01,PRV-0023,2025-08-10,122.68,2124.49
CLM-007474,PAY-03,PRV-0068,2025-08-09,2057.97,4392.72
CLM-007475,PAY-01,PRV-0022,2025-07-01,2626.55,3990.6
CLM-007476,PAY-04,PRV-0021,2025-07-16,3062.07,4238.17
CLM-007477,PAY-04,PRV-0026,2025-07-13,2675.21,1130.43
CLM-007478,PAY-02,PRV-0044,2025-08-09,4642.92,2166.65
CLM-007479,PAY-03,PRV-0051,2025-07-01,4522.29,3789.51
CLM-007480,PAY-04,PRV-0042,2025-07-26,1581.64,986.95
CLM-007481,PAY-05,PRV-0009,2025-07-06,109.47,2458.53
CLM-007482,PAY-05,PRV-0053,2025-08-04,4634.71,1610.74
CLM-007483,PAY-01,PRV-0020,2025-07-03,2518.33,226.46
CLM-007484,PAY-03,PRV-0068,2025-07-19,4422.38,687.05
CLM-007485,PAY-01,PRV-0021,2025-08-04,3861.73,1531.03
CLM-007486,PAY-03,PRV-0038,2025-08-14,1644.72,1915.96
CLM-007487,PAY-01,PRV-0065,2025-07-01,275.24,1343.37
CLM-007488,PAY-01,PRV-0019,2025-08-09,3783.91,125.16
CLM-007489,PAY-02,PRV-0057,2025-08-12,3119.8,2002.47
CLM-007490,PAY-05,PRV-0039,2025-07-15,4746.55,1307.75
CLM-007491,PAY-01,PRV-0038,2025-07-09,3185.58,3215.04
CLM-007492,PAY-02,PRV-0041,2025-08-01,2399.92,1963.84
CLM-007493,PAY-04,PRV-0041,2025-08-09,2024.49,3232.43
CLM-007494,PAY-01,PRV-0076,2025-07-08,3969.5,2356.95
CLM-007495,PAY-02,PRV-0034,2025-07-27,3737.24,1619.21
CLM-007496,PAY-03,PRV-0060,2025-07-03,3077.38,4365.41
CLM-007497,PAY-02,PRV-0066,2025-07-13,479.8,1093.52
CLM-007498,PAY-05,PRV-0055,2025-07-03,2746.13,2374.56
CLM-007499,PAY-01,PRV-0052,2025-07-26,2066.04,2175.34
CLM-007500,PAY-01,PRV-0033,2025-07-23,2702.54,2434.55
CLM-007501,PAY-05,PRV-0015,2025-08-05,4043.99,3352.16
CLM-007502,PAY-04,PRV-0068,2025-07-10,4119.03,738.7
CLM-007503,PAY-02,PRV-0057,2025-07-09,3184.57,131.4
CLM-007504,PAY-04,PRV-0009,2025-07-07,3507.2,3446.07
CLM-007505,PAY-04,PRV-0065,2025-07-23,4004.57,100.83
CLM-007506,PAY-02,PRV-0069,2025-07-17,1106.33,1276.6
CLM-007507,PAY-02,PRV-0074,2025-07-16,4274.79,3912.66
CLM-007508,PAY-02,PRV-0027,2025-07-10,1905.57,3631.14
CLM-007509,PAY-05,PRV-0017,2025-07-14,332.49,798.22
CLM-007510,PAY-04,PRV-0031,2025-07-30,3239.56,2254.65
CLM-007511,PAY-01,PRV-0027,2025-08-04,2835.21,2472.24
CLM-007512,PAY-03,PRV-0069,2025-07-09,4988.31,2236.23
CLM-007513,PAY-03,PRV-0027,2025-08-13,4851.09,1238.01
CLM-007514,PAY-05,PRV-0059,2025-07-25,1267.44,3117.67
CLM-007515,PAY-05,PRV-0011,2025-08-02,2583.1,2408.62
CLM-007516,PAY-03,PRV-0005,2025-07-30,1343.28,2198.21
CLM-007517,PAY-05,PRV-0028,2025-08-07,303.05,2659.99
CLM-007518,PAY-01,PRV-0020,2025-08-06,2099.28,1330.78
CLM-007519,PAY-01,PRV-0013,2025-08-02,3900.21,195.41
CLM-007520,PAY-04,PRV-0004,2025-08-01,870.06,2641.25
CLM-007521,PAY-02,PRV-0028,2025-07-29,3203.18,2863.98
CLM-007522,PAY-01,PRV-0020,2025-08-12,1552.79,278.73
CLM-007523,PAY-04,PRV-0078,2025-07-20,2848.7,1721.27
CLM-007524,PAY-03,PRV-0073,2025-07-01,1916.14,3876.51
CLM-007525,PAY-01,PRV-0013,2025-07-20,1094.16,4298.76
CLM-007526,PAY-03,PRV-0041,2025-08-11,3196.37,2837.17
CLM-007527,PAY-05,PRV-0020,2025-07-03,1515.93,2527.98
CLM-007528,PAY-02,PRV-0004,2025-07-30,3881.84,1652.61
CLM-007529,PAY-04,PRV-0028,2025-07-26,3890.76,2434.92
CLM-007530,PAY-05,PRV-0032,2025-07-13,3163.99,2280.36
CLM-007531,PAY-02,PRV-0060,2025-08-09,1606.18,1225.9
CLM-007532,PAY-04,PRV-0073,2025-07-12,3047.33,865.75
CLM-007533,PAY-01,PRV-0068,2025-07-09,2098.56,520.92
CLM-007534,PAY-03,PRV-0060,2025-07-06,2947.65,1394.33
CLM-007535,PAY-01,PRV-0004,2025-08-13,3108.66,2426.02
CLM-007536,PAY-04,PRV-0053,2025-07-21,4695.38,1178.34
CLM-007537,PAY-02,PRV-0024,2025-07-14,1378.76,2758.48
CLM-007538,PAY-03,PRV-0028,2025-08-06,3294.5,163.91
CLM-007539,PAY-01,PRV-0038,2025-07-25,545.53,2407.96
CLM-007540,PAY-04,PRV-0065,2025-07-02,3233.19,3220.88
CLM-007541,PAY-04,PRV-0050,2025-07-05,4194.87,2032.9
CLM-007542,PAY-01,PRV-0032,2025-07-07,1825.71,888.37
CLM-007543,PAY-01,PRV-0042,2025-07-26,985.9,3651.78
CLM-007544,PAY-04,PRV-0021,2025-07-23,2073.6,1784.65
CLM-007545,PAY-04,PRV-0073,2025-08-06,4819.66,78.18
CLM-007546,PAY-04,PRV-0007,2025-07-07,3675.7,4468.18
CLM-007547,PAY-05,PRV-0037,2025-08-12,102.97,3695.01
CLM-007548,PAY-02,PRV-0037,2025-07-05,4386.63,4095.6
CLM-007549,PAY-02,PRV-0080,2025-07-29,3678.7,3683.33
CLM-007550,PAY-03,PRV-0004,2025-07-05,2048.43,1584.41
CLM-007551,PAY-03,PRV-0056,2025-07-26,2848.1,770.77
CLM-007552,PAY-05,PRV-0006,2025-08-05,4951.36,4289.74
CLM-007553,PAY-05,PRV-0076,2025-07-21,1219.63,898.92
CLM-007554,PAY-05,PRV-0074,2025-08-07,4842.54,983.17
CLM-007555,PAY-02,PRV-0075,2025-08-14,3387.03,732.42
CLM-007556,PAY-04,PRV-0042,2025-07-13,2684.73,1403.03
CLM-007557,PAY-02,PRV-0075,2025-07-24,125.54,1275.43
CLM-007558,PAY-02,PRV-0075,2025-07-03,196.68,1237.62
CLM-007559,PAY-04,PRV-0052,2025-08-14,2373.04,1484.41
CLM-007560,PAY-03,PRV-0023,2025-07-11,2042.55,1875.29
CLM-007561,PAY-04,PRV-0008,2025-07-15,1233.88,3540.03
CLM-007562,PAY-03,PRV-0008,2025-07-14,3233.92,3734.26
CLM-007563,PAY-02,PRV-0017,2025-08-03,1889.02,1927.91
CLM-007564,PAY-04,PRV-0078,2025-08-01,435.62,947.7
CLM-007565,PAY-05,PRV-0062,2025-07-07,2879.54,1569.89
CLM-007566,PAY-03,PRV-0056,2025-07-01,3698.31,2393.46
CLM-007567,PAY-05,PRV-0053,2025-07-03,3158.21,426.31
CLM-007568,PAY-02,PRV-0072,2025-07-09,3850.4,2651.88
CLM-007569,PAY-05,PRV-0022,2025-07-31,4228.67,4441.31
CLM-007570,PAY-03,PRV-0016,2025-07-16,2279.86,3383.62
CLM-007571,PAY-02,PRV-0055,2025-07-10,4454.63,3476.54
CLM-007572,PAY-01,PRV-0052,2025-08-05,3751.01,101.11
CLM-007573,PAY-01,PRV-0049,2025-07-18,2987.72,403.38
CLM-007574,PAY-04,PRV-0023,2025-07-05,3268.23,1191.42
CLM-007575,PAY-02,PRV-0068,2025-08-10,2131.34,3411.15
CLM-007576,PAY-05,PRV-0003,2025-08-03,2848.76,167.22
CLM-007577,PAY-03,PRV-0065,2025-07-30,3592.0,332.09
CLM-007578,PAY-02,PRV-0027,2025-07-28,43.64,28.58
CLM-007579,PAY-05,PRV-0006,2025-07-16,3381.48,1436.64
CLM-007580,PAY-05,PRV-0027,2025-07-17,1616.29,253.61
CLM-007581,PAY-02,PRV-0030,2025-07-16,357.0,444.37
CLM-007582,PAY-05,PRV-0047,2025-07-04,656.93,4463.58
CLM-007583,PAY-02,PRV-0076,2025-08-13,4746.63,2421.07
CLM-007584,PAY-01,PRV-0069,2025-08-10,3938.15,4463.12
CLM-007585,PAY-05,PRV-0023,2025-08-01,1057.24,1804.63
CLM-007586,PAY-02,PRV-0003,2025-07-31,359.44,2267.03
CLM-007587,PAY-05,PRV-0008,2025-07-07,4241.7,1310.24
CLM-007588,PAY-01,PRV-0052,2025-07-22,4288.98,1095.17
CLM-007589,PAY-04,PRV-0048,2025-07-04,2667.94,3216.71
CLM-007590,PAY-02,PRV-0039,2025-08-04,3427.8,2302.25
CLM-007591,PAY-02,PRV-0002,2025-07-27,148.74,727.22
CLM-007592,PAY-02,PRV-0037,2025-08-07,4379.5,174.11
CLM-007593,PAY-02,PRV-0062,2025-07-13,2884.79,1180.95
CLM-007594,PAY-05,PRV-0035,2025-07-04,2034.59,3758.37
CLM-007595,PAY-04,PRV-0017,2025-07-06,2361.18,1471.52
CLM-007596,PAY-05,PRV-0080,2025-08-13,1618.76,2707.43
CLM-007597,PAY-02,PRV-0023,2025-07-31,4933.69,3889.16
CLM-007598,PAY-04,PRV-0069,2025-07-06,3251.29,147.27
CLM-007599,PAY-03,PRV-0013,2025-07-14,4949.85,3135.38
CLM-007600,PAY-02,PRV-0070,2025-07-14,107.89,1845.89
CLM-007601,PAY-02,PRV-0051,2025-07-15,3909.14,1090.4
CLM-007602,PAY-02,PRV-0021,2025-07-01,1851.81,3037.79
CLM-007603,PAY-01,PRV-0011,2025-08-01,927.26,1221.76
CLM-007604,PAY-01,PRV-0035,2025-07-12,1649.55,1016.51
CLM-007605,PAY-01,PRV-0020,2025-07-25,780.54,229.08
CLM-007606,PAY-01,PRV-0055,2025-07-05,1100.15,3769.26
CLM-007607,PAY-04,PRV-0040,2025-07-06,4282.03,3228.89
CLM-007608,PAY-05,PRV-0056,2025-07-01,690.11,4000.61
CLM-007609,PAY-04,PRV-0016,2025-07-11,4034.96,2712.79
CLM-007610,PAY-03,PRV-0010,2025-07-08,103.84,1821.16
CLM-007611,PAY-03,PRV-0050,2025-08-06,3734.08,2765.13
CLM-007612,PAY-01,PRV-0079,2025-07-01,1296.76,4193.36
CLM-007613,PAY-01,PRV-0014,2025-07-11,3432.56,4149.5
CLM-007614,PAY-02,PRV-0017,2025-07-12,3446.19,383.13
CLM-007615,PAY-04,PRV-0058,2025-07-21,750.8,1612.85
CLM-007616,PAY-02,PRV-0015,2025-07-07,3662.78,3339.94
CLM-007617,PAY-04,PRV-0068,2025-07-12,278.99,3749.77
CLM-007618,PAY-03,PRV-0039,2025-07-01,2368.71,3141.21
CLM-007619,PAY-05,PRV-0074,2025-07-25,2341.9,2911.38
CLM-007620,PAY-03,PRV-0035,2025-08-04,2068.8,3252.6
CLM-007621,PAY-02,PRV-0021,2025-07-26,3626.39,2705.33
CLM-007622,PAY-03,PRV-0071,2025-07-02,936.99,967.54
CLM-007623,PAY-04,PRV-0005,2025-08-03,1681.14,3889.08
CLM-007624,PAY-03,PRV-0054,2025-08-03,3452.76,187.0
CLM-007625,PAY-01,PRV-0062,2025-08-10,1470.97,4257.89
CLM-007626,PAY-05,PRV-0043,2025-07-30,3702.59,3260.42
CLM-007627,PAY-02,PRV-0006,2025-07-09,4486.71,26.97
CLM-007628,PAY-04,PRV-0042,2025-07-25,718.34,1240.22
CLM-007629,PAY-04,PRV-0035,2025-07-22,3060.39,1914.95
CLM-007630,PAY-04,PRV-0005,2025-07-25,638.07,4375.83
CLM-007631,PAY-04,PRV-0055,2025-07-23,3707.42,1690.64
CLM-007632,PAY-03,PRV-0044,2025-07-25,614.76,2943.94
CLM-007633,PAY-02,PRV-0008,2025-07-11,820.72,2291.75
CLM-007634,PAY-05,PRV-0069,2025-08-05,2667.99,1437.75
CLM-007635,PAY-04,PRV-0057,2025-07-29,1599.22,2486.28
CLM-007636,PAY-05,PRV-0054,2025-07-09,662.75,3642.81
CLM-007637,PAY-01,PRV-0041,2025-07-16,344.83,3863.02
CLM-007638,PAY-05,PRV-0004,2025-07-01,4984.14,3190.98
CLM-007639,PAY-05,PRV-0069,2025-07-13,3994.51,1268.8
CLM-007640,PAY-04,PRV-0075,2025-08-12,4711.55,49.39
CLM-007641,PAY-01,PRV-0034,2025-07-09,68.29,2973.13
CLM-007642,PAY-03,PRV-0013,2025-07-04,2896.51,1848.74
CLM-007643,PAY-05,PRV-0051,2025-07-29,527.56,886.87
CLM-007644,PAY-01,PRV-0012,2025-07-01,4386.84,1002.15
CLM-007645,PAY-03,PRV-0035,2025-07-14,893.95,3408.8
CLM-007646,PAY-01,PRV-0050,2025-07-17,2034.33,721.15
CLM-007647,PAY-05,PRV-0076,2025-08-13,1422.06,1174.59
CLM-007648,PAY-03,PRV-0002,2025-07-06,460.27,1690.51
CLM-007649,PAY-01,PRV-0050,2025-07-16,4409.2,2586.66
CLM-007650,PAY-03,PRV-0061,2025-07-05,979.13,482.94
CLM-007651,PAY-02,PRV-0033,2025-08-04,4291.47,2582.86
CLM-007652,PAY-04,PRV-0067,2025-07-31,1836.53,204.6
CLM-007653,PAY-04,PRV-0011,2025-07-07,628.34,2293.83
CLM-007654,PAY-02,PRV-0011,2025-08-03,350.51,695.92
CLM-007655,PAY-05,PRV-0070,2025-07-01,4920.81,2236.73
CLM-007656,PAY-01,PRV-0069,2025-07-24,4879.21,2684.97
CLM-007657,PAY-04,PRV-0025,2025-07-14,582.13,305.6
CLM-007658,PAY-02,PRV-0047,2025-07-03,3980.69,2488.55
CLM-007659,PAY-04,PRV-0028,2025-08-03,4649.03,4102.39
CLM-007660,PAY-01,PRV-0068,2025-07-15,4873.23,2598.68
CLM-007661,PAY-03,PRV-0049,2025-07-12,1430.25,1017.59
CLM-007662,PAY-05,PRV-0071,2025-07-07,2717.03,4174.84
CLM-007663,PAY-02,PRV-0048,2025-07-04,2138.69,1118.37
CLM-007664,PAY-01,PRV-0069,2025-07-04,1945.28,1049.82
CLM-007665,PAY-05,PRV-0059,2025-07-26,2942.17,3618.85
CLM-007666,PAY-04,PRV-0071,2025-08-06,872.72,2072.92
CLM-007667,PAY-01,PRV-0065,2025-07-30,2276.64,2070.45
CLM-007668,PAY-04,PRV-0042,2025-08-12,2168.63,625.19
CLM-007669,PAY-02,PRV-0035,2025-08-08,2274.89,3355.18
CLM-007670,PAY-01,PRV-0027,2025-08-10,3405.95,3712.88
CLM-007671,PAY-04,PRV-0019,2025-07-26,3243.82,3700.25
CLM-007672,PAY-02,PRV-0072,2025-08-04,3740.56,1681.02
CLM-007673,PAY-03,PRV-0078,2025-07-22,512.56,3214.77
CLM-007674,PAY-02,PRV-0030,2025-07-14,53.29,404.38
CLM-007675,PAY-05,PRV-0018,2025-07-04,3106.85,47.32
CLM-007676,PAY-05,PRV-0018,2025-07-31,2823.0,3554.32
CLM-007677,PAY-02,PRV-0022,2025-07-22,1842.36,3515.28
CLM-007678,PAY-03,PRV-0076,2025-07-10,2857.69,1619.47
CLM-007679,PAY-02,PRV-0016,2025-07-11,324.55,449.35
CLM-007680,PAY-02,PRV-0038,2025-08-09,2328.89,2817.09
CLM-007681,PAY-05,PRV-0008,2025-07-17,2784.34,1870.32
CLM-007682,PAY-05,PRV-0027,2025-07-12,3741.15,3641.77
CLM-007683,PAY-05,PRV-0030,2025-07-22,2584.34,1467.48
CLM-007684,PAY-01,PRV-0042,2025-08-04,4467.35,4366.31
CLM-007685,PAY-03,PRV-0057,2025-07-16,1597.86,4128.93
CLM-007686,PAY-02,PRV-0014,2025-07-08,3123.88,1062.03
CLM-007687,PAY-03,PRV-0079,2025-08-12,4871.0,186.86
CLM-007688,PAY-01,PRV-0053,2025-07-06,2679.53,2932.14
CLM-007689,PAY-03,PRV-0066,2025-07-30,3628.34,3561.15
CLM-007690,PAY-03,PRV-0015,2025-08-05,989.49,3334.91
CLM-007691,PAY-02,PRV-0058,2025-07-31,2752.3,3608.0
CLM-007692,PAY-05,PRV-0050,2025-07-25,275.21,112.84
CLM-007693,PAY-01,PRV-0072,2025-07-09,4877.43,4316.26
CLM-007694,PAY-04,PRV-0003,2025-08-11,4171.89,395.89
CLM-007695,PAY-05,PRV-0033,2025-07-24,4317.29,1166.16
CLM-007696,PAY-04,PRV-0013,2025-08-13,2104.13,4436.72
CLM-007697,PAY-03,PRV-0066,2025-07-30,3191.61,808.76
CLM-007698,PAY-03,PRV-0058,2025-07-08,829.91,779.95
CLM-007699,PAY-05,PRV-0003,2025-08-02,2093.58,2026.93
CLM-007700,PAY-01,PRV-0052,2025-08-04,4955.08,2531.04
CLM-007701,PAY-03,PRV-0058,2025-07-22,1906.33,2461.38
CLM-007702,PAY-01,PRV-0017,2025-08-02,4390.24,2904.05
CLM-007703,PAY-05,PRV-0027,2025-07-14,1802.26,773.13
CLM-007704,PAY-03,PRV-0036,2025-07-02,1949.63,438.01
CLM-007705,PAY-02,PRV-0042,2025-07-07,4926.62,1441.06
CLM-007706,PAY-04,PRV-0079,2025-07-08,4908.26,235.45
CLM-007707,PAY-05,PRV-0053,2025-07-09,4894.28,4030.86
CLM-007708,PAY-01,PRV-0039,2025-07-11,4543.7,2080.63
CLM-007709,PAY-03,PRV-0031,2025-07-24,4399.27,1632.55
CLM-007710,PAY-01,PRV-0024,2025-08-05,4980.92,98.41
CLM-007711,PAY-05,PRV-0009,2025-07-12,2922.83,2704.85
CLM-007712,PAY-04,PRV-0001,2025-07-27,4591.07,1950.48
CLM-007713,PAY-05,PRV-0054,2025-08-02,2847.53,2664.8
CLM-007714,PAY-01,PRV-0080,2025-08-05,333.3,3085.11
CLM-007715,PAY-04,PRV-0060,2025-07-17,3720.76,592.39
CLM-007716,PAY-02,PRV-0012,2025-07-08,4475.94,128.25
CLM-007717,PAY-04,PRV-0006,2025-07-23,4642.95,3710.59
CLM-007718,PAY-01,PRV-0003,2025-07-13,2825.4,822.05
CLM-007719,PAY-01,PRV-0004,2025-08-06,1797.62,822.42
CLM-007720,PAY-02,PRV-0014,2025-08-12,3000.11,324.93
CLM-007721,PAY-05,PRV-0080,2025-07-01,386.78,1430.05
CLM-007722,PAY-03,PRV-0059,2025-07-05,3858.94,4189.23
CLM-007723,PAY-02,PRV-0011,2025-08-09,2290.0,319.55
CLM-007724,PAY-02,PRV-0052,2025-07-09,4368.37,875.38
CLM-007725,PAY-05,PRV-0050,2025-08-04,4782.48,608.01
CLM-007726,PAY-03,PRV-0022,2025-07-26,3346.16,3622.78
CLM-007727,PAY-01,PRV-0033,2025-07-12,4002.44,3812.64
CLM-007728,PAY-05,PRV-0033,2025-07-24,1145.59,3643.09
CLM-007729,PAY-02,PRV-0018,2025-07-15,1384.56,2119.75
CLM-007730,PAY-04,PRV-0060,2025-07-24,4386.49,1625.04
CLM-007731,PAY-05,PRV-0035,2025-07-12,1498.72,3938.08
CLM-007732,PAY-03,PRV-0080,2025-07-02,3979.58,2229.94
CLM-007733,PAY-02,PRV-0046,2025-08-08,2855.57,1116.12
CLM-007734,PAY-04,PRV-0011,2025-07-08,3117.6,3168.29
CLM-007735,PAY-05,PRV-0074,2025-07-24,3712.14,2194.84
CLM-007736,PAY-03,PRV-0004,2025-07-05,3360.38,2692.88
CLM-007737,PAY-03,PRV-0046,2025-07-18,1942.82,1060.93
CLM-007738,PAY-05,PRV-0019,2025-07-26,3011.85,1694.49
CLM-007739,PAY-04,PRV-0068,2025-07-29,96.2,3677.23
CLM-007740,PAY-05,PRV-0012,2025-07-20,4437.81,3382.74
CLM-007741,PAY-05,PRV-0026,2025-07-30,2851.6,4217.93
CLM-007742,PAY-01,PRV-0003,2025-08-03,4271.55,3363.49
CLM-007743,PAY-01,PRV-0080,2025-07-23,2114.87,2293.87
CLM-007744,PAY-05,PRV-0009,2025-07-23,1012.73,4281.45
CLM-007745,PAY-05,PRV-0015,2025-07-29,967.9,2381.59
CLM-007746,PAY-05,PRV-0022,2025-07-13,2998.04,314.0
CLM-007747,PAY-04,PRV-0061,2025-07-20,1234.52,1323.28
CLM-007748,PAY-02,PRV-0040,2025-08-04,4067.57,1219.12
CLM-007749,PAY-04,PRV-0056,2025-07-08,916.33,3364.84
CLM-007750,PAY-04,PRV-0074,2025-07-19,3735.11,2394.58
CLM-007751,PAY-03,PRV-0001,2025-07-05,3201.22,3596.91
CLM-007752,PAY-03,PRV-0039,2025-08-05,4633.29,43.81
CLM-007753,PAY-05,PRV-0008,2025-07-27,39.32,350.53
CLM-007754,PAY-05,PRV-0068,2025-08-04,968.65,617.44
CLM-007755,PAY-04,PRV-0012,2025-07-25,2438.94,2771.15
CLM-007756,PAY-02,PRV-0046,2025-07-26,2276.53,2645.92
CLM-007757,PAY-01,PRV-0015,2025-07-20,4356.67,1405.88
CLM-007758,PAY-02,PRV-0073,2025-08-14,1122.32,1313.38
CLM-007759,PAY-01,PRV-0058,2025-07-03,1136.38,1716.13
CLM-007760,PAY-05,PRV-0054,2025-07-20,1616.62,465.99
CLM-007761,PAY-04,PRV-0066,2025-07-17,2191.94,3744.23
CLM-007762,PAY-03,PRV-0028,2025-07-10,121.32,1304.34
CLM-007763,PAY-05,PRV-0003,2025-07-10,4143.96,1275.15
CLM-007764,PAY-01,PRV-0013,2025-07-09,3540.5,3850.71
CLM-007765,PAY-04,PRV-0056,2025-07-25,1478.65,1470.83
CLM-007766,PAY-01,PRV-0034,2025-07-25,4324.15,949.63
CLM-007767,PAY-05,PRV-0070,2025-07-31,3502.58,1337.31
CLM-007768,PAY-04,PRV-0009,2025-07-10,4169.76,3448.45
CLM-007769,PAY-05,PRV-0028,2025-07-28,1984.18,3447.64
CLM-007770,PAY-04,PRV-0080,2025-08-09,1660.96,2036.78
CLM-007771,PAY-05,PRV-0031,2025-07-04,1007.32,4378.13
CLM-007772,PAY-01,PRV-0039,2025-08-12,1820.03,3114.22
CLM-007773,PAY-05,PRV-0010,2025-08-01,87.18,1794.19
CLM-007774,PAY-04,PRV-0035,2025-07-03,1166.91,3659.62
CLM-007775,PAY-04,PRV-0015,2025-08-10,4322.33,3128.8
CLM-007776,PAY-02,PRV-0018,2025-08-06,2775.28,3280.33
CLM-007777,PAY-01,PRV-0060,2025-08-07,1655.75,3349.59
CLM-007778,PAY-01,PRV-0028,2025-07-29,2162.59,2755.99
CLM-007779,PAY-03,PRV-0029,2025-07-07,3056.91,3430.48
CLM-007780,PAY-02,PRV-0074,2025-08-08,1404.78,611.05
CLM-007781,PAY-05,PRV-0068,2025-08-05,2498.81,3579.27
CLM-007782,PAY-05,PRV-0046,2025-07-21,2822.25,284.74
CLM-007783,PAY-05,PRV-0008,2025-07-19,4978.8,2662.45
CLM-007784,PAY-02,PRV-0076,2025-07-15,405.09,1479.05
CLM-007785,PAY-02,PRV-0055,2025-07-15,1253.45,1306.85
CLM-007786,PAY-03,PRV-0056,2025-08-11,4677.09,499.75
CLM-007787,PAY-04,PRV-0009,2025-07-13,3143.66,3646.18
CLM-007788,PAY-02,PRV-0053,2025-07-10,3393.99,1117.07
CLM-007789,PAY-05,PRV-0079,2025-08-11,4698.42,1918.8
CLM-007790,PAY-05,PRV-0009,2025-08-03,3832.6,1614.42
CLM-007791,PAY-03,PRV-0020,2025-08-13,3239.98,806.25
CLM-007792,PAY-04,PRV-0042,2025-08-13,4426.87,2682.28
CLM-007793,PAY-04,PRV-0013,2025-08-13,1417.97,2703.55
CLM-007794,PAY-05,PRV-0031,2025-07-25,2791.5,1494.18
CLM-007795,PAY-05,PRV-0027,2025-08-09,2206.32,2657.12
CLM-007796,PAY-03,PRV-0024,2025-07-19,4531.66,88.27
CLM-007797,PAY-01,PRV-0044,2025-08-10,245.81,1904.52
CLM-007798,PAY-02,PRV-0068,2025-08-09,586.02,2314.89
CLM-007799,PAY-02,PRV-0010,2025-08-04,1920.27,2515.12
CLM-007800,PAY-05,PRV-0054,2025-07-28,655.08,1528.02
CLM-007801,PAY-04,PRV-0001,2025-07-09,4228.41,2747.37
CLM-007802,PAY-02,PRV-0070,2025-07-03,1750.13,3379.1
CLM-007803,PAY-04,PRV-0050,2025-08-12,3407.64,3934.2
CLM-007804,PAY-01,PRV-0055,2025-08-02,2837.26,4334.48
CLM-007805,PAY-03,PRV-0053,2025-08-04,3108.7,2413.0
CLM-007806,PAY-01,PRV-0015,2025-07-05,444.77,2913.25
CLM-007807,PAY-01,PRV-0044,2025-07-25,2414.64,1389.65
CLM-007808,PAY-05,PRV-0077,2025-07-21,3805.35,1287.29
CLM-007809,PAY-03,PRV-0073,2025-07-02,2307.49,669.77
CLM-007810,PAY-02,PRV-0060,2025-08-03,2728.89,2590.36
CLM-007811,PAY-04,PRV-0048,2025-07-07,2626.23,4048.1
CLM-007812,PAY-03,PRV-0024,2025-07-22,178.3,3792.37
CLM-007813,PAY-05,PRV-0045,2025-07-14,4444.77,4386.47
CLM-007814,PAY-05,PRV-0062,2025-07-16,2352.09,2076.23
CLM-007815,PAY-02,PRV-0042,2025-07-19,1100.47,2092.81
CLM-007816,PAY-04,PRV-0003,2025-07-23,711.21,4491.6
CLM-007817,PAY-02,PRV-0070,2025-08-12,368.98,191.82
CLM-007818,PAY-03,PRV-0004,2025-08-14,374.23,4428.28
CLM-007819,PAY-02,PRV-0025,2025-08-09,4363.59,3721.11
CLM-007820,PAY-02,PRV-0017,2025-08-11,3562.9,331.52
CLM-007821,PAY-05,PRV-0022,2025-07-18,1300.97,1963.37
CLM-007822,PAY-01,PRV-0025,2025-07-23,1663.12,2376.71
CLM-007823,PAY-01,PRV-0057,2025-07-05,476.6,3236.56
CLM-007824,PAY-05,PRV-0063,2025-07-31,4366.07,2561.86
CLM-007825,PAY-02,PRV-0031,2025-07-07,1771.9,2711.08
CLM-007826,PAY-05,PRV-0069,2025-08-04,115.47,4435.27
CLM-007827,PAY-04,PRV-0040,2025-07-08,1189.52,608.67
CLM-007828,PAY-03,PRV-0050,2025-07-08,3900.1,3865.83
CLM-007829,PAY-01,PRV-0029,2025-07-20,2444.25,4267.63
CLM-007830,PAY-01,PRV-0041,2025-07-18,3058.3,1175.0
CLM-007831,PAY-05,PRV-0046,2025-07-18,793.25,3609.01
CLM-007832,PAY-04,PRV-0024,2025-07-21,1435.02,2372.93
CLM-007833,PAY-01,PRV-0037,2025-08-06,3134.21,1156.16
CLM-007834,PAY-02,PRV-0040,2025-08-14,2003.73,1864.76
CLM-007835,PAY-02,PRV-0027,2025-07-13,3339.73,247.88
CLM-007836,PAY-04,PRV-0026,2025-07-15,4342.78,27.55
CLM-007837,PAY-01,PRV-0027,2025-08-01,3877.82,2217.13
CLM-007838,PAY-01,PRV-0049,2025-07-19,943.9,3277.08
CLM-007839,PAY-01,PRV-0012,2025-07-29,2038.01,2143.99
CLM-007840,PAY-04,PRV-0046,2025-07-13,3871.66,2151.31
CLM-007841,PAY-02,PRV-0020,2025-07-20,4582.35,1738.06
CLM-007842,PAY-04,PRV-0063,2025-07-14,1730.28,4404.39
CLM-007843,PAY-05,PRV-0053,2025-07-05,486.66,286.02
CLM-007844,PAY-04,PRV-0019,2025-07-31,3713.13,2943.73
CLM-007845,PAY-03,PRV-0014,2025-07-24,4963.62,2033.83
CLM-007846,PAY-05,PRV-0060,2025-08-10,989.15,4218.98
CLM-007847,PAY-04,PRV-0023,2025-08-08,1569.9,4478.59
CLM-007848,PAY-04,PRV-0024,2025-07-21,3675.52,144.84
CLM-007849,PAY-04,PRV-0080,2025-07-03,2038.41,3307.05
CLM-007850,PAY-03,PRV-0067,2025-07-16,231.11,49.62
CLM-007851,PAY-04,PRV-0078,2025-07-11,1932.01,103.31
CLM-007852,PAY-04,PRV-0053,2025-07-07,2265.26,1028.34
CLM-007853,PAY-03,PRV-0067,2025-07-08,4978.74,1352.46
CLM-007854,PAY-04,PRV-0033,2025-07-06,2104.65,3759.48
CLM-007855,PAY-02,PRV-0048,2025-08-10,691.45,796.51
CLM-007856,PAY-05,PRV-0080,2025-07-17,3066.46,1266.36
CLM-007857,PAY-01,PRV-0067,2025-07-10,1613.58,863.56
CLM-007858,PAY-02,PRV-0003,2025-07-02,2167.96,1457.5
CLM-007859,PAY-02,PRV-0055,2025-08-02,4843.44,3503.56
CLM-007860,PAY-03,PRV-0029,2025-08-01,4907.05,1250.15
CLM-007861,PAY-04,PRV-0009,2025-07-04,1479.01,160.95
CLM-007862,PAY-04,PRV-0053,2025-07-04,404.98,2883.84
CLM-007863,PAY-05,PRV-0071,2025-08-09,3162.67,2053.66
CLM-007864,PAY-05,PRV-0017,2025-07-21,1187.95,1621.62
CLM-007865,PAY-04,PRV-0062,2025-07-14,785.2,3001.54
CLM-007866,PAY-01,PRV-0080,2025-07-26,1047.92,692.69
CLM-007867,PAY-04,PRV-0009,2025-07-12,1890.33,1422.9
CLM-007868,PAY-04,PRV-0008,2025-07-19,2283.64,4496.99
CLM-007869,PAY-03,PRV-0061,2025-07-22,3504.24,1435.04
CLM-007870,PAY-03,PRV-0072,2025-07-08,3113.25,2801.01
CLM-007871,PAY-04,PRV-0040,2025-07-30,4886.54,97.6
CLM-007872,PAY-02,PRV-0008,2025-07-30,3247.91,3991.06
CLM-007873,PAY-03,PRV-0055,2025-07-15,3613.49,3157.33
CLM-007874,PAY-04,PRV-0004,2025-07-24,2587.66,3124.84
CLM-007875,PAY-01,PRV-0013,2025-07-06,3487.15,2408.83
CLM-007876,PAY-01,PRV-0037,2025-07-06,2007.72,2825.83
CLM-007877,PAY-01,PRV-0080,2025-07-18,511.16,3776.38
CLM-007878,PAY-05,PRV-0011,2025-08-08,1095.95,2842.17
CLM-007879,PAY-03,PRV-0017,2025-07-16,2983.71,1861.0
CLM-007880,PAY-02,PRV-0008,2025-07-22,639.6,873.47
CLM-007881,PAY-03,PRV-0041,2025-07-28,4647.41,1601.97
CLM-007882,PAY-01,PRV-0068,2025-08-12,2904.9,1655.91
CLM-007883,PAY-05,PRV-0079,2025-07-04,1737.32,1446.74
CLM-007884,PAY-05,PRV-0056,2025-07-21,3010.36,1881.59
CLM-007885,PAY-01,PRV-0031,2025-07-19,4255.37,1356.85
CLM-007886,PAY-01,PRV-0075,2025-07-17,2533.85,4241.43
CLM-007887,PAY-02,PRV-0017,2025-07-25,4487.12,3502.08
CLM-007888,PAY-02,PRV-0046,2025-07-19,1177.98,4200.04
CLM-007889,PAY-04,PRV-0067,2025-07-01,4945.0,3847.95
CLM-007890,PAY-05,PRV-0021,2025-07-21,1253.32,2403.2
CLM-007891,PAY-03,PRV-0065,2025-08-11,3590.07,147.21
CLM-007892,PAY-02,PRV-0002,2025-08-08,1459.64,4390.42
CLM-007893,PAY-04,PRV-0059,2025-07-09,2911.47,236.15
CLM-007894,PAY-01,PRV-0049,2025-07-21,2657.02,328.22
CLM-007895,PAY-04,PRV-0015,2025-07-31,1164.74,2411.04
CLM-007896,PAY-04,PRV-0061,2025-07-15,3528.77,2616.32
CLM-007897,PAY-02,PRV-0060,2025-08-04,4314.86,3221.5
CLM-007898,PAY-01,PRV-0068,2025-08-04,396.98,1834.17
CLM-007899,PAY-02,PRV-0041,2025-07-15,2561.03,2187.84
CLM-007900,PAY-03,PRV-0015,2025-07-23,1622.5,2284.96
CLM-007901,PAY-03,PRV-0025,2025-07-22,2703.12,1496.57
CLM-007902,PAY-03,PRV-0064,2025-07-06,2386.74,4128.59
CLM-007903,PAY-04,PRV-0019,2025-07-18,3196.81,2468.36
CLM-007904,PAY-05,PRV-0019,2025-07-31,3347.23,524.37
CLM-007905,PAY-03,PRV-0054,2025-08-07,160.85,1237.46
CLM-007906,PAY-01,PRV-0064,2025-08-10,2374.43,1168.86
CLM-007907,PAY-02,PRV-0054,2025-07-27,2472.75,1135.08
CLM-007908,PAY-03,PRV-0027,2025-07-08,2025.17,1207.02
CLM-007909,PAY-05,PRV-0030,2025-08-07,1183.41,1509.77
CLM-007910,PAY-04,PRV-0066,2025-08-08,510.39,1235.75
CLM-007911,PAY-03,PRV-0047,2025-07-02,4000.34,2277.08
CLM-007912,PAY-01,PRV-0044,2025-08-02,1085.69,1483.7
CLM-007913,PAY-04,PRV-0032,2025-07-18,4721.46,566.94
CLM-007914,PAY-04,PRV-0045,2025-07-11,4832.19,755.31
CLM-007915,PAY-01,PRV-0063,2025-07-19,259.71,2142.04
CLM-007916,PAY-04,PRV-0061,2025-08-08,1225.03,565.38
CLM-007917,PAY-03,PRV-0051,2025-08-04,4910.15,3408.67
CLM-007918,PAY-03,PRV-0025,2025-08-07,906.38,3875.46
CLM-007919,PAY-02,PRV-0029,2025-08-07,513.32,321.07
CLM-007920,PAY-04,PRV-0072,2025-07-03,4967.41,2315.23
CLM-007921,PAY-03,PRV-0022,2025-08-07,1827.64,817.68
CLM-007922,PAY-05,PRV-0016,2025-07-25,4833.06,708.31
CLM-007923,PAY-02,PRV-0027,2025-08-14,3812.37,3396.63
CLM-007924,PAY-02,PRV-0030,2025-07-20,989.94,405.85
CLM-007925,PAY-02,PRV-0052,2025-07-06,3675.96,416.44
CLM-007926,PAY-05,PRV-0025,2025-07-28,1385.83,4373.41
CLM-007927,PAY-04,PRV-0001,2025-07-29,430.72,1672.92
CLM-007928,PAY-03,PRV-0078,2025-07-19,1287.87,1149.57
CLM-007929,PAY-05,PRV-0036,2025-07-05,428.73,3137.69
CLM-007930,PAY-03,PRV-0070,2025-07-23,2511.79,2215.58
CLM-007931,PAY-03,PRV-0029,2025-07-17,1158.56,2263.61
CLM-007932,PAY-04,PRV-0076,2025-08-06,1090.83,2286.17
CLM-007933,PAY-02,PRV-0019,2025-07-19,314.88,1380.05
CLM-007934,PAY-03,PRV-0066,2025-08-08,3391.44,2314.87
CLM-007935,PAY-03,PRV-0030,2025-08-09,674.65,3534.19
CLM-007936,PAY-03,PRV-0041,2025-07-14,808.56,1712.86
CLM-007937,PAY-05,PRV-0053,2025-08-10,1411.04,2714.07
CLM-007938,PAY-01,PRV-0079,2025-07-17,866.89,2172.76
CLM-007939,PAY-05,PRV-0032,2025-07-06,1404.5,2825.2
CLM-007940,PAY-01,PRV-0027,2025-07-19,568.05,674.89
CLM-007941,PAY-03,PRV-0043,2025-07-07,4925.17,2555.64
CLM-007942,PAY-05,PRV-0004,2025-08-11,1734.76,4478.18
CLM-007943,PAY-03,PRV-0009,2025-07-21,4712.05,4120.76
CLM-007944,PAY-03,PRV-0025,2025-08-13,2033.01,3619.71
CLM-007945,PAY-03,PRV-0056,2025-07-14,2056.12,2971.58
CLM-007946,PAY-04,PRV-0041,2025-07-16,1397.76,677.63
CLM-007947,PAY-02,PRV-0004,2025-08-04,4256.13,3541.14
CLM-007948,PAY-01,PRV-0077,2025-07-18,602.7,4311.57
CLM-007949,PAY-04,PRV-0068,2025-07-16,373.0,1498.65
CLM-007950,PAY-02,PRV-0001,2025-07-10,197.02,411.06
CLM-007951,PAY-05,PRV-0046,2025-07-12,4765.69,2576.06
CLM-007952,PAY-01,PRV-0066,2025-07-18,4190.28,3350.0
CLM-007953,PAY-01,PRV-0026,2025-07-21,561.99,869.93
CLM-007954,PAY-01,PRV-0045,2025-07-27,43.3,4393.86
CLM-007955,PAY-03,PRV-0063,2025-07-14,1617.76,3450.33
CLM-007956,PAY-04,PRV-0026,2025-07-29,4919.74,862.11
CLM-007957,PAY-02,PRV-0025,2025-07-05,137.21,1577.66
CLM-007958,PAY-03,PRV-0025,2025-07-20,99.34,2319.97
CLM-007959,PAY-04,PRV-0027,2025-07-07,1513.71,3826.37
CLM-007960,PAY-05,PRV-0017,2025-08-05,2718.58,262.98
CLM-007961,PAY-03,PRV-0051,2025-07-17,302.52,3687.52
CLM-007962,PAY-03,PRV-0026,2025-08-04,921.6,1840.84
CLM-007963,PAY-03,PRV-0024,2025-07-09,3910.59,1902.05
CLM-007964,PAY-03,PRV-0047,2025-07-25,2917.81,1374.94
CLM-007965,PAY-02,PRV-0078,2025-08-11,673.5,184.17
CLM-007966,PAY-02,PRV-0008,2025-07-03,3342.36,2010.77
CLM-007967,PAY-03,PRV-0033,2025-08-06,4005.48,2450.5
CLM-007968,PAY-02,PRV-0021,2025-08-06,3602.27,2217.37
CLM-007969,PAY-03,PRV-0028,2025-07-21,478.17,4381.49
CLM-007970,PAY-03,PRV-0031,2025-08-02,4794.88,3547.16
CLM-007971,PAY-02,PRV-0006,2025-08-03,114.29,3992.44
CLM-007972,PAY-03,PRV-0073,2025-07-08,4179.2,2214.98
CLM-007973,PAY-01,PRV-0038,2025-07-11,3253.73,3842.96
CLM-007974,PAY-01,PRV-0003,2025-07-01,4174.19,965.32
CLM-007975,PAY-03,PRV-0003,2025-08-05,2072.87,2719.49
CLM-007976,PAY-01,PRV-0050,2025-07-06,412.37,2796.2
CLM-007977,PAY-02,PRV-0064,2025-08-09,3623.1,2816.75
CLM-007978,PAY-01,PRV-0047,2025-07-28,35.6,1515.48
CLM-007979,PAY-01,PRV-0056,2025-07-17,4344.11,1624.39
CLM-007980,PAY-04,PRV-0055,2025-07-13,1504.67,1802.47
CLM-007981,PAY-03,PRV-0007,2025-08-03,1111.91,171.34
CLM-007982,PAY-04,PRV-0040,2025-07-17,4060.39,85.79
CLM-007983,PAY-04,PRV-0007,2025-08-14,3142.23,1259.19
CLM-007984,PAY-04,PRV-0043,2025-07-04,3044.91,1640.83
CLM-007985,PAY-05,PRV-0035,2025-07-23,3370.91,3502.54
CLM-007986,PAY-02,PRV-0061,2025-07-03,4156.11,1759.38
CLM-007987,PAY-02,PRV-0065,2025-07-04,2157.87,2900.21
CLM-007988,PAY-01,PRV-0041,2025-07-26,2180.54,4201.92
CLM-007989,PAY-05,PRV-0031,2025-07-09,2502.96,475.21
CLM-007990,PAY-05,PRV-0025,2025-07-20,356.21,896.74
CLM-007991,PAY-03,PRV-0050,2025-07-12,1892.96,2819.38
CLM-007992,PAY-05,PRV-0012,2025-07-25,3325.88,3949.89
CLM-007993,PAY-02,PRV-0071,2025-07-19,4082.2,3497.19
CLM-007994,PAY-01,PRV-0046,2025-07-10,4552.91,126.77
CLM-007995,PAY-03,PRV-0014,2025-07-06,808.56,3532.79
CLM-007996,PAY-05,PRV-0030,2025-07-09,1260.11,2103.09
CLM-007997,PAY-01,PRV-0042,2025-07-05,4384.79,3027.77
CLM-007998,PAY-04,PRV-0075,2025-08-08,3656.7,292.35
CLM-007999,PAY-01,PRV-0015,2025-07-04,1948.51,1668.51
